player_name,position,position_group,team,season,games,passing_yards,passing_tds,passing_interceptions,carries,rushing_yards,rushing_tds,receptions,receiving_yards,receiving_tds,source
Abdul-Karim al-Jabbar,RB,RB,CLE,1999,13,0,0,0,143,445,1,17,84,1,nflverse
Troy Aikman,QB,QB,DAL,1999,14,2964,17,12,21,10,1,0,0,0,nflverse
Derrick Alexander,WR,WR,KC,1999,16,0,0,0,2,82,1,54,832,2,nflverse
Stephen Alexander,TE,TE,WAS,1999,15,0,0,0,0,0,0,29,324,3,nflverse
James Allen,RB,RB,CHI,1999,10,0,0,0,32,119,0,9,91,0,nflverse
Terry Allen,RB,RB,NE,1999,16,0,0,0,254,896,8,14,125,1,nflverse
Mike Alstott,FB,RB,TB,1999,16,0,0,0,242,949,7,27,239,2,nflverse
Richie Anderson,FB,RB,NYJ,1999,16,0,0,0,16,84,0,29,302,3,nflverse
Reidel Anthony,WR,WR,TB,1999,13,0,0,0,1,2,0,30,296,1,nflverse
Justin Armour,WR,WR,BAL,1999,14,0,0,0,0,0,0,33,462,4,nflverse
Tavian Banks,RB,RB,JAX,1999,8,0,0,0,23,82,0,14,137,0,nflverse
Tony Banks,QB,QB,BAL,1999,11,2136,17,8,24,93,0,0,0,0,nflverse
Tiki Barber,RB,RB,NYG,1999,16,0,0,0,62,258,0,66,609,2,nflverse
Reggie Barlow,WR,WR,JAX,1999,14,0,0,0,0,0,0,16,202,0,nflverse
Michael Basnight,RB,RB,CIN,1999,13,0,0,0,62,308,0,16,172,0,nflverse
Charlie Batch,QB,QB,DET,1999,11,1957,13,7,28,87,2,0,0,0,nflverse
Mario Bates,RB,RB,ARI,1999,16,0,0,0,72,202,9,5,34,0,nflverse
Fred Baxter,TE,TE,NYJ,1999,11,0,0,0,0,0,0,8,66,2,nflverse
Fred Beasley,FB,RB,SF,1999,13,0,0,0,58,276,4,32,282,0,nflverse
Donnell Bennett,FB,RB,KC,1999,13,0,0,0,161,627,8,10,41,0,nflverse
Jerome Bettis,RB,RB,PIT,1999,16,21,1,0,299,1091,7,21,110,0,nflverse
Steve Beuerlein,QB,QB,CAR,1999,16,4436,36,15,27,124,2,0,0,0,nflverse
Tim Biakabutuka,RB,RB,CAR,1999,11,0,0,0,138,718,6,23,189,0,nflverse
Jeff Blake,QB,QB,CIN,1999,14,2670,16,12,63,332,2,0,0,0,nflverse
Drew Bledsoe,QB,QB,NE,1999,16,3985,19,21,42,101,0,0,0,0,nflverse
Marty Booker,WR,WR,CHI,1999,8,0,0,0,1,8,0,19,219,3,nflverse
David Boston,WR,WR,ARI,1999,15,0,0,0,5,0,0,40,473,2,nflverse
Corey Bradford,WR,WR,GB,1999,16,0,0,0,0,0,0,37,637,5,nflverse
Kyle Brady,TE,TE,JAX,1999,13,0,0,0,0,0,0,32,346,1,nflverse
Vincent Brisby,WR,WR,NE,1999,11,0,0,0,0,0,0,18,266,0,nflverse
Luther Broughton,TE,TE,PHI,1999,16,0,0,0,0,0,0,26,295,4,nflverse
Dave Brown,QB,QB,ARI,1999,8,944,2,6,13,49,0,0,0,0,nflverse
Reggie Brown,FB,RB,SEA,1999,15,0,0,0,14,38,0,34,228,1,nflverse
Tim Brown,WR,WR,OAK,1999,16,0,0,0,1,4,0,90,1344,6,nflverse
Troy Brown,WR,WR,NE,1999,13,0,0,0,0,0,0,36,471,1,nflverse
Isaac Bruce,WR,WR,STL,1999,15,0,0,0,5,32,0,69,1073,11,nflverse
Mark Brunell,QB,QB,JAX,1999,15,3060,14,9,47,208,1,0,0,0,nflverse
Kenny Bynum,RB,RB,SD,1999,16,0,0,0,92,287,1,16,209,2,nflverse
Isaac Byrd,WR,WR,TEN,1999,11,0,0,0,0,0,0,14,261,2,nflverse
Chris Calloway,WR,WR,ATL,1999,11,0,0,0,0,0,0,22,314,1,nflverse
Rae Carruth,WR,WR,CAR,1999,5,0,0,0,1,4,0,14,200,0,nflverse
Cris Carter,WR,WR,MIN,1999,15,0,0,0,0,0,0,90,1241,13,nflverse
Stoney Case,QB,QB,BAL,1999,10,988,3,8,36,141,3,0,0,0,nflverse
Larry Centers,FB,RB,WAS,1999,16,0,0,0,13,51,0,69,544,3,nflverse
Byron Chamberlain,TE,TE,DEN,1999,14,0,0,0,0,0,0,32,488,2,nflverse
Chris Chandler,QB,QB,ATL,1999,12,2339,16,11,16,57,1,0,0,0,nflverse
Darrin Chiaverini,WR,WR,CLE,1999,14,0,0,0,0,0,0,44,487,4,nflverse
Wayne Chrebet,WR,WR,NYJ,1999,11,0,0,0,0,0,0,48,631,3,nflverse
Bob Christian,FB,RB,ATL,1999,16,0,0,0,38,174,5,40,354,2,nflverse
Greg Clark,TE,TE,SF,1999,12,0,0,0,0,0,0,34,347,0,nflverse
Cameron Cleeland,TE,TE,NO,1999,11,0,0,0,0,0,0,26,325,1,nflverse
Ben Coates,TE,TE,NE,1999,15,0,0,0,0,0,0,32,370,2,nflverse
Bobby Collins,TE,TE,BUF,1999,10,0,0,0,0,0,0,9,124,2,nflverse
Cecil Collins,RB,RB,MIA,1999,8,0,0,0,131,414,2,6,32,0,nflverse
Kerry Collins,QB,QB,NYG,1999,10,2318,8,11,19,36,2,0,0,0,nflverse
Albert Connell,WR,WR,WAS,1999,15,0,0,0,1,8,0,62,1132,7,nflverse
Curtis Conway,WR,WR,CHI,1999,9,0,0,0,1,-2,0,44,426,4,nflverse
Tim Couch,QB,QB,CLE,1999,15,2447,15,13,40,267,1,0,0,0,nflverse
Zack Crockett,RB,RB,OAK,1999,13,0,0,0,45,91,4,8,56,1,nflverse
Germane Crowell,WR,WR,DET,1999,16,0,0,0,5,38,0,81,1338,7,nflverse
Randall Cunningham,QB,QB,MIN,1999,6,1475,8,9,10,58,0,0,0,0,nflverse
Stephen Davis,RB,RB,WAS,1999,14,0,0,0,290,1405,17,23,111,0,nflverse
Terrell Davis,RB,RB,DEN,1999,4,0,0,0,67,211,2,3,26,0,nflverse
Tyrone Davis,TE,TE,GB,1999,15,0,0,0,0,0,0,20,204,2,nflverse
Sean Dawkins,WR,WR,SEA,1999,16,0,0,0,0,0,0,58,992,7,nflverse
Jake Delhomme,QB,QB,NO,1999,2,521,3,5,11,72,2,0,0,0,nflverse
Koy Detmer,QB,QB,PHI,1999,1,181,3,2,2,-2,0,0,0,0,nflverse
Ty Detmer,QB,QB,CLE,1999,5,548,4,2,6,38,1,0,0,0,nflverse
Trent Dilfer,QB,QB,TB,1999,10,1619,11,11,35,144,0,0,0,0,nflverse
Ken Dilger,TE,TE,IND,1999,15,0,0,0,0,0,0,40,479,2,nflverse
Corey Dillon,RB,RB,CIN,1999,15,0,0,0,263,1200,5,31,290,1,nflverse
Troy Drayton,TE,TE,MIA,1999,12,0,0,0,0,0,0,32,299,1,nflverse
Rickey Dudley,TE,TE,OAK,1999,16,0,0,0,0,0,0,39,555,9,nflverse
Warrick Dunn,RB,RB,TB,1999,15,0,0,0,195,616,0,64,589,2,nflverse
Tim Dwight,WR,WR,ATL,1999,12,0,0,0,5,28,1,32,669,7,nflverse
Kevin Dyson,WR,WR,TEN,1999,16,0,0,0,1,3,0,54,658,4,nflverse
Marc Edwards,FB,RB,CLE,1999,14,0,0,0,6,35,0,27,212,2,nflverse
Troy Edwards,WR,WR,PIT,1999,16,0,0,0,0,0,0,61,714,5,nflverse
Bert Emanuel,WR,WR,TB,1999,11,0,0,0,0,0,0,22,238,1,nflverse
Bobby Engram,WR,WR,CHI,1999,16,0,0,0,2,11,0,88,947,4,nflverse
Curtis Enis,RB,RB,CHI,1999,15,0,0,0,287,916,3,45,340,2,nflverse
Chuck Evans,RB,RB,BAL,1999,15,0,0,0,35,126,0,28,208,1,nflverse
Kevin Faulk,RB,RB,NE,1999,11,0,0,0,67,227,1,12,98,1,nflverse
Marshall Faulk,RB,RB,STL,1999,15,0,0,0,234,1327,7,80,976,5,nflverse
Christian Fauria,TE,TE,SEA,1999,16,0,0,0,0,0,0,35,376,0,nflverse
Brett Favre,QB,QB,GB,1999,16,4091,22,23,28,142,0,0,0,0,nflverse
Jermaine Fazande,RB,RB,SD,1999,7,0,0,0,91,365,2,0,0,0,nflverse
Jay Fiedler,QB,QB,JAX,1999,7,656,2,2,13,26,0,0,0,0,nflverse
Terrell Fletcher,RB,RB,SD,1999,15,0,0,0,48,126,0,45,360,0,nflverse
William Floyd,FB,RB,CAR,1999,15,0,0,0,35,78,3,21,179,0,nflverse
Doug Flutie,QB,QB,BUF,1999,15,3171,19,16,88,476,1,0,0,0,nflverse
Antonio Freeman,WR,WR,GB,1999,16,0,0,0,1,-2,0,74,1074,6,nflverse
Gus Frerotte,QB,QB,DET,1999,9,2117,9,7,15,33,0,0,0,0,nflverse
Irving Fryar,WR,WR,WAS,1999,14,0,0,0,0,0,0,26,254,2,nflverse
Oronde Gadsden,WR,WR,MIA,1999,15,0,0,0,0,0,0,48,803,6,nflverse
Joey Galloway,WR,WR,SEA,1999,8,0,0,0,1,-1,0,22,335,1,nflverse
Rich Gannon,QB,QB,OAK,1999,16,3840,24,14,46,298,2,1,-3,0,nflverse
Jeff Garcia,QB,QB,SF,1999,13,2544,11,11,45,231,2,0,0,0,nflverse
Charlie Garner,RB,RB,SF,1999,16,0,0,0,241,1229,4,56,535,2,nflverse
Jason Garrett,QB,QB,DAL,1999,5,314,3,1,6,12,0,0,0,0,nflverse
Olandis Gary,RB,RB,DEN,1999,12,0,0,0,276,1159,7,21,159,0,nflverse
Sam Gash,FB,RB,BUF,1999,14,0,0,0,0,0,0,20,163,2,nflverse
Eddie George,RB,RB,TEN,1999,16,0,0,0,320,1304,9,47,458,4,nflverse
Jeff George,QB,QB,MIN,1999,12,2816,23,12,16,41,0,0,0,0,nflverse
Jammi German,WR,WR,ATL,1999,10,0,0,0,0,0,0,12,219,3,nflverse
Terry Glenn,WR,WR,NE,1999,14,0,0,0,0,0,0,69,1147,4,nflverse
Andrew Glover,TE,TE,MIN,1999,15,0,0,0,0,0,0,28,327,1,nflverse
Tony Gonzalez,TE,TE,KC,1999,15,0,0,0,0,0,0,76,849,11,nflverse
Jeff Graham,WR,WR,SD,1999,16,0,0,0,0,0,0,57,968,2,nflverse
Kent Graham,QB,QB,NYG,1999,9,1697,9,9,35,132,1,1,-1,0,nflverse
Tony Graziani,QB,QB,ATL,1999,11,759,2,4,9,11,0,0,0,0,nflverse
Elvis Grbac,QB,QB,KC,1999,16,3389,22,15,19,10,0,0,0,0,nflverse
E.G. Green,WR,WR,IND,1999,11,0,0,0,0,0,0,21,287,0,nflverse
Eric Green,TE,TE,NYJ,1999,8,0,0,0,0,0,0,7,37,2,nflverse
Jacquez Green,WR,WR,TB,1999,16,0,0,0,3,8,0,56,791,3,nflverse
Yatil Green,WR,WR,MIA,1999,8,0,0,0,0,0,0,18,234,0,nflverse
Brian Griese,QB,QB,DEN,1999,14,3032,14,14,46,138,2,0,0,0,nflverse
Howard Griffith,RB,RB,DEN,1999,16,0,0,0,17,66,1,26,192,1,nflverse
Az-Zahir Hakim,WR,WR,STL,1999,14,0,0,0,4,44,0,31,614,8,nflverse
Byron Hanspard,RB,RB,ATL,1999,12,0,0,0,136,383,1,10,93,0,nflverse
Jim Harbaugh,QB,QB,SD,1999,14,2761,10,14,34,126,0,0,0,0,nflverse
Terry Hardy,TE,TE,ARI,1999,15,0,0,0,0,0,0,30,222,0,nflverse
Jackie Harris,TE,TE,TEN,1999,9,0,0,0,0,0,0,26,297,1,nflverse
Marvin Harrison,WR,WR,IND,1999,16,0,0,0,1,4,0,115,1663,12,nflverse
Andre Hastings,WR,WR,NO,1999,15,0,0,0,1,4,0,40,564,1,nflverse
Matt Hatchette,WR,WR,MIN,1999,9,0,0,0,0,0,0,9,180,2,nflverse
Courtney Hawkins,WR,WR,PIT,1999,11,0,0,0,0,0,0,30,285,0,nflverse
Donald Hayes,WR,WR,CAR,1999,12,0,0,0,0,0,0,11,270,2,nflverse
William Henderson,FB,RB,GB,1999,14,0,0,0,7,29,2,30,203,1,nflverse
Skip Hicks,RB,RB,WAS,1999,9,0,0,0,78,257,3,8,72,0,nflverse
Greg Hill,RB,RB,DET,1999,14,0,0,0,144,542,2,13,77,0,nflverse
Ike Hilliard,WR,WR,NYG,1999,16,0,0,0,3,16,0,72,996,3,nflverse
Leroy Hoard,RB,RB,MIN,1999,15,0,0,0,138,555,10,17,166,0,nflverse
Billy Joe Hobert,QB,QB,NO,1999,9,970,6,6,12,47,1,0,0,0,nflverse
Robert Holcombe,FB,RB,STL,1999,13,0,0,0,74,293,4,14,163,1,nflverse
Priest Holmes,RB,RB,BAL,1999,7,0,0,0,77,454,1,11,101,1,nflverse
Torry Holt,WR,WR,STL,1999,15,0,0,0,3,25,0,49,752,5,nflverse
Joe Horn,WR,WR,KC,1999,15,0,0,0,2,15,0,35,586,6,nflverse
Damon Huard,QB,QB,MIA,1999,9,1288,8,4,28,124,0,1,0,0,nflverse
Richard Huntley,RB,RB,PIT,1999,16,0,0,0,93,567,5,27,253,3,nflverse
Michael Irvin,WR,WR,DAL,1999,4,0,0,0,0,0,0,10,167,3,nflverse
Sedrick Irvin,RB,RB,DET,1999,14,0,0,0,36,133,4,25,233,0,nflverse
Qadry Ismail,WR,WR,BAL,1999,15,0,0,0,1,4,0,64,1059,6,nflverse
Raghib Ismail,WR,WR,DAL,1999,16,0,0,0,13,110,1,80,1097,6,nflverse
Willie Jackson,WR,WR,CIN,1999,15,0,0,0,0,0,0,31,369,2,nflverse
Edgerrin James,RB,RB,IND,1999,16,0,0,0,369,1553,13,62,586,4,nflverse
Patrick Jeffers,WR,WR,CAR,1999,14,0,0,0,2,16,0,63,1082,12,nflverse
Shawn Jefferson,WR,WR,NE,1999,16,0,0,0,0,0,0,40,698,6,nflverse
Dietrich Jells,WR,WR,PHI,1999,14,0,0,0,0,0,0,10,180,2,nflverse
James Jett,WR,WR,OAK,1999,16,0,0,0,0,0,0,39,552,2,nflverse
Brad Johnson,QB,QB,WAS,1999,16,4005,24,13,26,31,2,0,0,0,nflverse
Charles Johnson,WR,WR,PHI,1999,11,0,0,0,0,0,0,34,414,1,nflverse
J.J. Johnson,RB,RB,MIA,1999,13,0,0,0,164,558,4,15,100,0,nflverse
Kevin Johnson,WR,WR,CLE,1999,16,0,0,0,1,-6,0,66,986,8,nflverse
Keyshawn Johnson,WR,WR,NYJ,1999,16,0,0,0,5,6,0,89,1170,8,nflverse
LeShon Johnson,RB,RB,NYG,1999,12,0,0,0,61,143,2,12,86,1,nflverse
Pat Johnson,WR,WR,BAL,1999,10,0,0,0,1,12,0,29,526,3,nflverse
Damon Jones,TE,TE,JAX,1999,14,0,0,0,0,0,0,19,221,4,nflverse
Freddie Jones,TE,TE,SD,1999,16,0,0,0,0,0,0,56,670,2,nflverse
Randy Jordan,RB,RB,OAK,1999,14,0,0,0,9,32,2,8,82,0,nflverse
Joe Jurevicius,WR,WR,NYG,1999,13,0,0,0,0,0,0,18,318,1,nflverse
Danny Kanell,QB,QB,ATL,1999,3,593,4,4,0,0,0,0,0,0,nflverse
Napoleon Kaufman,RB,RB,OAK,1999,16,0,0,0,138,714,2,18,181,1,nflverse
Eddie Kennison,WR,WR,NO,1999,16,0,0,0,3,20,0,61,835,4,nflverse
Brian Kinchen,TE,TE,CAR,1999,11,0,0,0,0,0,0,5,45,2,nflverse
Shaun King,QB,QB,TB,1999,6,875,7,4,18,38,0,0,0,0,nflverse
Terry Kirby,RB,RB,CLE,1999,16,2,0,0,130,452,6,58,528,3,nflverse
Jon Kitna,QB,QB,SEA,1999,15,3346,23,16,35,56,0,0,0,0,nflverse
Rob Konrad,FB,RB,MIA,1999,15,0,0,0,9,16,0,34,251,1,nflverse
Brian Kozlowski,TE,TE,ATL,1999,15,0,0,0,0,0,0,11,122,2,nflverse
Erik Kramer,QB,QB,SD,1999,6,788,2,10,5,1,0,0,0,0,nflverse
David LaFleur,TE,TE,DAL,1999,16,0,0,0,0,0,0,35,322,7,nflverse
Fred Lane,RB,RB,CAR,1999,15,0,0,0,115,475,1,23,163,0,nflverse
Dorsey Levens,RB,RB,GB,1999,14,0,0,0,279,1034,9,71,573,1,nflverse
Chad Lewis,TE,TE,PHI,1999,8,0,0,0,0,0,0,7,76,3,nflverse
Jermaine Lewis,WR,WR,BAL,1999,14,0,0,0,5,11,0,25,281,2,nflverse
Jonathan Linton,FB,RB,BUF,1999,16,0,0,0,205,695,5,29,228,1,nflverse
Kevin Lockett,WR,WR,KC,1999,16,0,0,0,0,0,0,34,426,2,nflverse
Derek Loville,RB,RB,DEN,1999,9,0,0,0,40,203,1,11,50,0,nflverse
Ray Lucas,QB,QB,NYJ,1999,9,1678,14,6,41,144,1,0,0,0,nflverse
Peyton Manning,QB,QB,IND,1999,16,4135,26,15,35,73,2,0,0,0,nflverse
Dan Marino,QB,QB,MIA,1999,11,2448,12,17,6,-6,0,0,0,0,nflverse
Curtis Martin,RB,RB,NYJ,1999,16,0,0,0,367,1464,5,45,259,0,nflverse
Tony Martin,WR,WR,MIA,1999,15,0,0,0,1,-6,0,67,1037,5,nflverse
Terance Mathis,WR,WR,ATL,1999,16,0,0,0,1,0,0,81,1016,6,nflverse
Shane Matthews,QB,QB,CHI,1999,8,1645,10,6,14,31,0,0,0,0,nflverse
Derrick Mayes,WR,WR,SEA,1999,16,0,0,0,0,0,0,62,829,10,nflverse
Ed McCaffrey,WR,WR,DEN,1999,15,0,0,0,0,0,0,71,1018,7,nflverse
Keenan McCardell,WR,WR,JAX,1999,16,0,0,0,0,0,0,78,891,5,nflverse
Fred McCrary,RB,RB,SD,1999,15,0,0,0,0,0,0,37,201,1,nflverse
O.J. McDuffie,WR,WR,MIA,1999,12,0,0,0,0,0,0,43,516,2,nflverse
Tony McGee,TE,TE,CIN,1999,16,0,0,0,0,0,0,26,344,2,nflverse
Donovan McNabb,QB,QB,PHI,1999,11,948,8,7,47,313,0,1,-6,0,nflverse
Steve McNair,QB,QB,TEN,1999,11,2179,12,8,72,337,8,0,0,0,nflverse
Cade McNown,QB,QB,CHI,1999,15,1465,8,10,32,160,0,0,0,0,nflverse
Natrone Means,RB,RB,SD,1999,7,0,0,0,112,277,4,9,51,1,nflverse
Terry Mickens,WR,WR,OAK,1999,14,0,0,0,0,0,0,20,261,0,nflverse
Glyn Milburn,WR,WR,CHI,1999,16,0,0,0,16,102,1,20,151,0,nflverse
Chris Miller,QB,QB,DEN,1999,3,527,2,1,8,40,0,0,0,0,nflverse
Jim Miller,QB,QB,CHI,1999,5,1242,7,6,3,9,0,0,0,0,nflverse
Ernie Mills,WR,WR,DAL,1999,11,0,0,0,1,-1,0,30,325,0,nflverse
Rick Mirer,QB,QB,NYJ,1999,7,1062,5,9,21,89,1,0,0,0,nflverse
Brian Mitchell,RB,RB,WAS,1999,16,0,0,0,40,220,1,31,305,0,nflverse
Pete Mitchell,TE,TE,NYG,1999,15,0,0,0,0,0,0,58,520,3,nflverse
Joe Montgomery,RB,RB,NYG,1999,6,0,0,0,115,348,3,0,0,0,nflverse
Dave Moore,TE,TE,TB,1999,16,0,0,0,0,0,0,23,276,5,nflverse
Herman Moore,WR,WR,DET,1999,6,0,0,0,0,0,0,16,197,2,nflverse
Rob Moore,WR,WR,ARI,1999,13,0,0,0,0,0,0,37,621,5,nflverse
Bam Morris,RB,RB,KC,1999,12,0,0,0,120,414,3,7,37,0,nflverse
Johnnie Morton,WR,WR,DET,1999,16,0,0,0,0,0,0,80,1129,5,nflverse
Randy Moss,WR,WR,MIN,1999,16,27,1,0,4,43,0,80,1413,11,nflverse
Eric Moulds,WR,WR,BUF,1999,14,0,0,0,1,1,0,65,994,7,nflverse
Muhsin Muhammad,WR,WR,CAR,1999,15,0,0,0,0,0,0,96,1253,8,nflverse
Adrian Murrell,RB,RB,ARI,1999,16,0,0,0,193,553,0,49,335,0,nflverse
Lorenzo Neal,FB,RB,TEN,1999,11,0,0,0,2,1,1,7,27,2,nflverse
Neil O'Donnell,QB,QB,TEN,1999,8,1382,10,5,19,1,0,0,0,0,nflverse
Terrell Owens,WR,WR,SF,1999,14,0,0,0,0,0,0,60,754,4,nflverse
Ken Oxendine,RB,RB,ATL,1999,12,0,0,0,141,452,1,17,172,1,nflverse
De'Mond Parker,RB,RB,GB,1999,11,0,0,0,36,184,2,4,15,0,nflverse
Bernie Parmalee,RB,RB,NYJ,1999,16,0,0,0,27,133,0,15,113,0,nflverse
Doug Pederson,QB,QB,PHI,1999,10,1276,7,9,20,33,0,0,0,0,nflverse
Chris Penn,WR,WR,SD,1999,14,0,0,0,0,0,0,17,257,1,nflverse
Wilmont Perry,RB,RB,NO,1999,6,0,0,0,48,180,0,4,26,0,nflverse
Lawrence Phillips,RB,RB,SF,1999,8,0,0,0,30,144,2,15,152,0,nflverse
Carl Pickens,WR,WR,CIN,1999,16,6,0,0,0,0,0,57,737,6,nflverse
Michael Pittman,RB,RB,ARI,1999,10,26,0,0,64,289,2,16,196,0,nflverse
Jake Plummer,QB,QB,ARI,1999,12,2111,9,24,39,121,2,0,0,0,nflverse
Marcus Pollard,TE,TE,IND,1999,15,0,0,0,0,0,0,34,374,4,nflverse
Keith Poole,WR,WR,NO,1999,15,0,0,0,1,14,0,42,796,6,nflverse
Peerless Price,WR,WR,BUF,1999,15,0,0,0,1,-7,0,31,393,3,nflverse
Mike Pritchard,WR,WR,SEA,1999,13,0,0,0,0,0,0,26,375,2,nflverse
Stanley Pritchett,RB,RB,MIA,1999,14,0,0,0,47,158,1,43,312,4,nflverse
Ricky Proehl,WR,WR,STL,1999,13,0,0,0,0,0,0,31,325,0,nflverse
Andre Reed,WR,WR,BUF,1999,16,0,0,0,0,0,0,52,536,1,nflverse
Jake Reed,WR,WR,MIN,1999,15,0,0,0,0,0,0,44,643,2,nflverse
Errict Rhett,RB,RB,BAL,1999,14,0,0,0,236,852,5,24,169,2,nflverse
Jerry Rice,WR,WR,SF,1999,16,0,0,0,2,13,0,67,830,5,nflverse
Tony Richardson,FB,RB,KC,1999,16,0,0,0,84,387,1,24,141,0,nflverse
Mikhael Ricks,TE,TE,SD,1999,16,0,0,0,2,11,0,40,429,0,nflverse
Jay Riemersma,TE,TE,BUF,1999,14,0,0,0,0,0,0,37,496,4,nflverse
Andre Rison,WR,WR,KC,1999,15,0,0,0,0,0,0,21,218,0,nflverse
Jon Ritchie,FB,RB,OAK,1999,16,0,0,0,5,12,0,45,408,1,nflverse
Ron Rivers,RB,RB,DET,1999,7,0,0,0,82,295,0,22,173,1,nflverse
Michael Roan,TE,TE,TEN,1999,9,0,0,0,0,0,0,9,93,3,nflverse
Marcus Robinson,WR,WR,CHI,1999,16,0,0,0,0,0,0,84,1400,9,nflverse
Chris Sanders,WR,WR,TEN,1999,15,0,0,0,0,0,0,20,336,1,nflverse
Frank Sanders,WR,WR,ARI,1999,16,0,0,0,0,0,0,79,954,1,nflverse
Cory Schlesinger,FB,RB,DET,1999,16,0,0,0,43,124,0,21,151,1,nflverse
Bill Schroeder,WR,WR,GB,1999,16,0,0,0,0,0,0,74,1051,5,nflverse
Darnay Scott,WR,WR,CIN,1999,16,0,0,0,0,0,0,68,1022,7,nflverse
Mike Sellers,TE,TE,WAS,1999,15,0,0,0,0,0,0,7,105,2,nflverse
Shannon Sharpe,TE,TE,DEN,1999,5,0,0,0,0,0,0,23,224,0,nflverse
Bobby Shaw,WR,WR,PIT,1999,10,0,0,0,0,0,0,28,387,3,nflverse
Rashaan Shehee,RB,RB,KC,1999,9,0,0,0,65,238,1,18,136,0,nflverse
Leslie Shepherd,WR,WR,CLE,1999,9,0,0,0,1,5,0,23,274,0,nflverse
Tony Simmons,WR,WR,NE,1999,13,0,0,0,0,0,0,19,276,2,nflverse
David Sloan,TE,TE,DET,1999,16,0,0,0,0,0,0,47,591,4,nflverse
Torrance Small,WR,WR,PHI,1999,15,0,0,0,0,0,0,49,655,4,nflverse
Akili Smith,QB,QB,CIN,1999,7,805,2,6,19,114,1,1,6,0,nflverse
Antowain Smith,RB,RB,BUF,1999,14,0,0,0,165,614,6,2,32,0,nflverse
Emmitt Smith,RB,RB,DAL,1999,15,0,0,0,329,1397,11,27,119,2,nflverse
Irv Smith,TE,TE,CLE,1999,12,0,0,0,0,0,0,24,222,1,nflverse
Jimmy Smith,WR,WR,JAX,1999,16,0,0,0,0,0,0,116,1636,6,nflverse
Lamar Smith,RB,RB,NO,1999,13,0,0,0,60,205,0,20,151,1,nflverse
Robert Smith,RB,RB,MIN,1999,13,0,0,0,221,1015,2,24,166,0,nflverse
Rod Smith,WR,WR,DEN,1999,15,0,0,0,0,0,0,79,1020,4,nflverse
Duce Staley,RB,RB,PHI,1999,16,0,0,0,325,1273,4,41,294,2,nflverse
Steve Stenstrom,QB,QB,SF,1999,6,536,0,4,3,15,0,1,9,0,nflverse
Tremayne Stephens,RB,RB,SD,1999,10,0,0,0,24,61,3,18,133,1,nflverse
James Stewart,RB,RB,JAX,1999,14,0,0,0,249,931,13,21,108,0,nflverse
Kordell Stewart,QB,QB,PIT,1999,15,1464,6,10,56,258,2,9,113,1,nflverse
J.J. Stokes,WR,WR,SF,1999,16,0,0,0,0,0,0,34,429,3,nflverse
Fred Taylor,RB,RB,JAX,1999,10,0,0,0,159,732,6,10,83,0,nflverse
Yancey Thigpen,WR,WR,TEN,1999,10,0,0,0,0,0,0,38,648,4,nflverse
Rodney Thomas,RB,RB,TEN,1999,15,0,0,0,43,164,1,9,72,0,nflverse
Jeff Thomason,TE,TE,GB,1999,12,0,0,0,0,0,0,14,140,2,nflverse
Billy Joe Tolliver,QB,QB,NO,1999,10,1916,7,16,26,142,3,0,0,0,nflverse
Mike Tomczak,QB,QB,PIT,1999,9,1625,12,8,16,19,0,0,0,0,nflverse
Amani Toomer,WR,WR,NYG,1999,16,0,0,0,1,4,0,79,1183,6,nflverse
Jason Tucker,WR,WR,DAL,1999,15,0,0,0,1,8,0,23,439,2,nflverse
Wesley Walls,TE,TE,CAR,1999,16,0,0,0,0,0,0,63,822,12,nflverse
Dedric Ward,WR,WR,NYJ,1999,16,0,0,0,1,-1,0,22,325,3,nflverse
Hines Ward,WR,WR,PIT,1999,16,0,0,0,2,-2,0,61,638,7,nflverse
Kurt Warner,QB,QB,STL,1999,15,4044,38,11,22,93,1,0,0,0,nflverse
Chris Warren,RB,RB,DAL,1999,15,0,0,0,99,403,2,34,224,0,nflverse
Lamont Warren,RB,RB,NE,1999,16,0,0,0,35,120,0,29,262,1,nflverse
Ricky Watters,RB,RB,SEA,1999,16,0,0,0,325,1210,5,40,387,2,nflverse
Charles Way,FB,RB,NYG,1999,11,0,0,0,49,141,2,11,59,0,nflverse
Michael Westbrook,WR,WR,WAS,1999,16,0,0,0,7,35,0,65,1191,9,nflverse
Ryan Wetnight,TE,TE,CHI,1999,16,0,0,0,0,0,0,38,277,1,nflverse
Tyrone Wheatley,RB,RB,OAK,1999,16,0,0,0,242,936,8,21,196,3,nflverse
Terrence Wilkins,WR,WR,IND,1999,16,0,0,0,1,2,0,42,565,4,nflverse
Kevin R. Williams,WR,WR,BUF,1999,16,0,0,0,1,13,0,31,381,0,nflverse
Ricky Williams,RB,RB,NO,1999,12,0,0,0,253,884,2,28,172,0,nflverse
Roland Williams,TE,TE,STL,1999,12,0,0,0,0,0,0,23,216,5,nflverse
Frank Wycheck,TE,TE,TEN,1999,16,61,1,0,0,0,0,69,641,2,nflverse
Steve Young,QB,QB,SF,1999,3,446,3,4,11,57,0,0,0,0,nflverse
Troy Aikman,QB,QB,DAL,2000,11,1632,7,14,10,13,0,0,0,0,nflverse
Derrick Alexander,WR,WR,KC,2000,15,0,0,0,3,45,0,74,1343,10,nflverse
Stephen Alexander,TE,TE,WAS,2000,16,0,0,0,0,0,0,47,510,2,nflverse
James Allen,RB,RB,CHI,2000,16,0,0,0,290,1120,2,39,291,1,nflverse
Terry Allen,RB,RB,NO,2000,4,0,0,0,46,179,2,1,7,0,nflverse
Mike Alstott,FB,RB,TB,2000,13,0,0,0,131,465,5,13,93,0,nflverse
Kimble Anders,RB,RB,KC,2000,12,0,0,0,76,331,2,15,76,0,nflverse
Jamal Anderson,RB,RB,ATL,2000,16,0,0,0,282,1024,6,42,382,0,nflverse
Richie Anderson,FB,RB,NYJ,2000,16,0,0,0,27,63,0,88,853,2,nflverse
Reidel Anthony,WR,WR,TB,2000,16,0,0,0,0,0,0,15,232,4,nflverse
Darnell Autry,RB,RB,PHI,2000,11,0,0,0,112,334,3,24,275,1,nflverse
Obafemi Ayanbadejo,RB,RB,BAL,2000,8,0,0,0,15,37,1,23,168,1,nflverse
Tony Banks,QB,QB,BAL,2000,11,1578,8,8,19,57,0,0,0,0,nflverse
Tiki Barber,RB,RB,NYG,2000,16,0,0,0,213,1006,8,70,719,1,nflverse
Charlie Batch,QB,QB,DET,2000,15,2489,13,15,44,199,2,0,0,0,nflverse
Mario Bates,RB,RB,DET,2000,12,0,0,0,31,127,2,15,109,0,nflverse
Fred Baxter,TE,TE,NYJ,2000,6,0,0,0,0,0,0,4,22,2,nflverse
Fred Beasley,FB,RB,SF,2000,15,0,0,0,50,147,3,31,233,3,nflverse
Brandon Bennett,RB,RB,CIN,2000,15,0,0,0,90,324,3,19,168,0,nflverse
Jerome Bettis,RB,RB,PIT,2000,16,0,0,1,355,1341,8,13,97,0,nflverse
Steve Beuerlein,QB,QB,CAR,2000,16,3730,19,18,44,106,1,0,0,0,nflverse
Tim Biakabutuka,RB,RB,CAR,2000,12,0,0,0,173,627,2,34,341,2,nflverse
Eric Bjornson,TE,TE,NE,2000,8,0,0,0,0,0,0,20,152,2,nflverse
Jeff Blake,QB,QB,NO,2000,11,2025,13,9,57,243,1,0,0,0,nflverse
Drew Bledsoe,QB,QB,NE,2000,16,3291,17,13,47,158,2,0,0,0,nflverse
Marty Booker,WR,WR,CHI,2000,15,0,0,0,2,-1,0,47,490,2,nflverse
David Boston,WR,WR,ARI,2000,16,0,0,0,3,9,0,71,1156,7,nflverse
Kyle Brady,TE,TE,JAX,2000,16,0,0,0,0,0,0,64,729,3,nflverse
Jeremy Brigham,TE,TE,OAK,2000,13,0,0,0,0,0,0,13,107,2,nflverse
Aaron Brooks,QB,QB,NO,2000,8,1514,9,6,41,170,2,0,0,0,nflverse
Macey Brooks,WR,WR,CHI,2000,16,0,0,0,0,0,0,26,216,0,nflverse
Tim Brown,WR,WR,OAK,2000,16,0,0,0,3,12,0,76,1128,11,nflverse
Troy Brown,WR,WR,NE,2000,16,0,0,0,6,46,0,83,944,4,nflverse
Isaac Bruce,WR,WR,STL,2000,16,0,0,0,1,11,0,87,1471,9,nflverse
Mark Bruener,TE,TE,PIT,2000,16,0,0,0,0,0,0,17,192,3,nflverse
Mark Brunell,QB,QB,JAX,2000,16,3640,20,14,48,236,2,0,0,0,nflverse
Shawn Bryson,RB,RB,BUF,2000,15,0,0,0,156,587,0,31,239,2,nflverse
Isaac Byrd,WR,WR,CAR,2000,14,0,0,0,0,0,0,22,241,2,nflverse
Dan Campbell,TE,TE,NYG,2000,11,0,0,0,0,0,0,8,46,3,nflverse
Tony Carter,RB,RB,NE,2000,16,0,0,0,37,90,2,9,73,0,nflverse
Cris Carter,WR,WR,MIN,2000,16,0,0,0,0,0,0,96,1274,9,nflverse
Stoney Case,QB,QB,DET,2000,5,503,1,4,16,117,1,0,0,0,nflverse
Larry Centers,FB,RB,WAS,2000,15,0,0,0,19,103,0,81,600,3,nflverse
Byron Chamberlain,TE,TE,DEN,2000,9,0,0,0,0,0,0,22,283,1,nflverse
Robert Chancey,RB,RB,SD,2000,2,0,0,0,38,133,2,1,6,0,nflverse
Chris Chandler,QB,QB,ATL,2000,14,2236,10,12,21,60,0,1,-4,0,nflverse
Wayne Chrebet,WR,WR,NYJ,2000,16,0,0,0,3,-3,0,69,937,8,nflverse
Bob Christian,FB,RB,ATL,2000,16,0,0,0,9,19,0,44,315,0,nflverse
Desmond Clark,TE,TE,DEN,2000,14,0,0,0,0,0,0,27,339,3,nflverse
Greg Clark,TE,TE,SF,2000,15,0,0,0,0,0,0,38,342,2,nflverse
Mac Cody,WR,WR,ARI,2000,14,0,0,0,0,0,0,17,212,0,nflverse
Kerry Collins,QB,QB,NYG,2000,16,3610,22,13,41,65,1,0,0,0,nflverse
Greg Comella,RB,RB,NYG,2000,16,0,0,0,10,45,0,36,274,0,nflverse
Albert Connell,WR,WR,WAS,2000,16,0,0,0,0,0,0,39,762,3,nflverse
Curtis Conway,WR,WR,SD,2000,13,0,0,0,3,31,0,51,694,5,nflverse
Tim Couch,QB,QB,CLE,2000,7,1483,7,9,12,45,0,0,0,0,nflverse
Zack Crockett,RB,RB,OAK,2000,15,0,0,0,43,130,7,10,62,0,nflverse
Germane Crowell,WR,WR,DET,2000,9,0,0,0,1,12,0,34,430,3,nflverse
Daunte Culpepper,QB,QB,MIN,2000,16,3937,33,16,89,470,7,0,0,0,nflverse
Randall Cunningham,QB,QB,DAL,2000,6,849,6,4,23,89,1,0,0,0,nflverse
John Davis,TE,TE,MIN,2000,12,0,0,0,0,0,0,17,202,1,nflverse
Stephen Davis,RB,RB,WAS,2000,15,0,0,0,332,1318,11,33,313,0,nflverse
Terrell Davis,RB,RB,DEN,2000,5,0,0,0,78,282,2,2,4,0,nflverse
Tyrone Davis,TE,TE,GB,2000,12,0,0,0,0,0,0,19,177,2,nflverse
Sean Dawkins,WR,WR,SEA,2000,16,0,0,0,0,0,0,63,731,5,nflverse
Autry Denson,RB,RB,MIA,2000,10,0,0,0,30,103,0,13,102,0,nflverse
Trent Dilfer,QB,QB,BAL,2000,9,1502,12,11,20,75,0,1,-1,0,nflverse
Ken Dilger,TE,TE,IND,2000,16,0,0,0,0,0,0,47,538,3,nflverse
Corey Dillon,RB,RB,CIN,2000,16,0,0,0,315,1435,7,18,158,0,nflverse
Donald Driver,WR,WR,GB,2000,15,0,0,0,1,4,0,21,322,1,nflverse
Rickey Dudley,TE,TE,OAK,2000,15,0,0,0,1,-7,0,29,350,4,nflverse
Warrick Dunn,RB,RB,TB,2000,16,0,0,0,248,1133,8,44,422,1,nflverse
Tim Dwight,WR,WR,ATL,2000,14,0,0,0,5,8,0,26,406,3,nflverse
Marc Edwards,FB,RB,CLE,2000,13,0,0,0,2,9,0,16,128,2,nflverse
Troy Edwards,WR,WR,PIT,2000,14,0,0,0,3,4,0,18,215,0,nflverse
Kevin Faulk,RB,RB,NE,2000,16,0,0,0,164,570,4,51,465,1,nflverse
Marshall Faulk,RB,RB,STL,2000,14,0,0,0,253,1359,18,81,830,8,nflverse
Christian Fauria,TE,TE,SEA,2000,13,0,0,0,0,0,0,28,237,2,nflverse
Brett Favre,QB,QB,GB,2000,16,3812,20,16,27,108,0,0,0,0,nflverse
Jermaine Fazande,RB,RB,SD,2000,11,0,0,0,119,368,2,16,104,0,nflverse
Jay Fiedler,QB,QB,MIA,2000,14,2260,13,13,49,238,1,0,0,0,nflverse
Terrell Fletcher,RB,RB,SD,2000,15,0,0,0,114,380,3,41,289,1,nflverse
William Floyd,FB,RB,CAR,2000,10,0,0,0,16,33,1,17,114,1,nflverse
Doug Flutie,QB,QB,BUF,2000,10,1656,8,2,36,161,1,0,0,0,nflverse
Antonio Freeman,WR,WR,GB,2000,15,0,0,0,2,5,0,62,912,9,nflverse
Gus Frerotte,QB,QB,DEN,2000,9,1776,9,8,22,64,1,0,0,0,nflverse
Irving Fryar,WR,WR,WAS,2000,14,0,0,0,2,16,0,41,548,5,nflverse
Chris Fuamatu-Ma'afala,RB,RB,PIT,2000,6,0,0,0,21,149,1,11,107,0,nflverse
Oronde Gadsden,WR,WR,MIA,2000,15,0,0,0,0,0,0,53,753,6,nflverse
Rich Gannon,QB,QB,OAK,2000,16,3430,28,11,89,529,4,0,0,0,nflverse
Jeff Garcia,QB,QB,SF,2000,16,4278,31,10,72,414,4,0,0,0,nflverse
Charlie Garner,RB,RB,SF,2000,16,0,0,0,258,1142,7,68,647,3,nflverse
Eddie George,RB,RB,TEN,2000,16,0,0,0,403,1509,14,50,453,2,nflverse
Jeff George,QB,QB,WAS,2000,6,1389,7,6,7,24,0,0,0,0,nflverse
Terry Glenn,WR,WR,NE,2000,16,0,0,0,4,39,0,79,963,6,nflverse
Andrew Glover,TE,TE,NO,2000,15,0,0,0,0,0,0,21,281,4,nflverse
Tony Gonzalez,TE,TE,KC,2000,15,0,0,0,0,0,0,89,1160,9,nflverse
Jeff Graham,WR,WR,SD,2000,13,0,0,0,0,0,0,55,907,4,nflverse
Kent Graham,QB,QB,PIT,2000,8,878,1,1,8,7,0,0,0,0,nflverse
Elvis Grbac,QB,QB,KC,2000,14,3934,23,13,28,112,1,0,0,0,nflverse
Ahman Green,RB,RB,GB,2000,16,0,0,0,263,1175,10,73,559,3,nflverse
E.G. Green,WR,WR,IND,2000,5,0,0,0,0,0,0,18,201,1,nflverse
Jacquez Green,WR,WR,TB,2000,16,0,0,0,5,13,0,51,773,1,nflverse
Trent Green,QB,QB,STL,2000,8,2063,16,5,20,69,1,0,0,0,nflverse
Brian Griese,QB,QB,DEN,2000,10,2688,19,4,29,102,1,0,0,0,nflverse
Howard Griffith,RB,RB,DEN,2000,13,0,0,0,5,4,0,16,101,2,nflverse
Az-Zahir Hakim,WR,WR,STL,2000,16,0,0,0,5,19,0,53,734,4,nflverse
Jim Harbaugh,QB,QB,SD,2000,7,1416,8,10,16,24,0,0,0,0,nflverse
Jackie Harris,TE,TE,DAL,2000,16,0,0,0,0,0,0,39,306,5,nflverse
Marvin Harrison,WR,WR,IND,2000,16,0,0,0,0,0,0,102,1413,14,nflverse
Matt Hatchette,WR,WR,MIN,2000,13,0,0,0,0,0,0,16,190,2,nflverse
Courtney Hawkins,WR,WR,PIT,2000,11,0,0,0,0,0,0,19,238,1,nflverse
Donald Hayes,WR,WR,CAR,2000,15,0,0,0,0,0,0,66,926,3,nflverse
William Henderson,FB,RB,GB,2000,16,0,0,0,2,16,0,35,234,1,nflverse
Chris Hetherington,FB,RB,CAR,2000,14,0,0,0,23,65,2,14,116,1,nflverse
Ike Hilliard,WR,WR,NYG,2000,14,0,0,0,3,19,0,55,787,8,nflverse
Robert Holcombe,FB,RB,STL,2000,13,0,0,0,21,70,3,8,90,1,nflverse
Priest Holmes,RB,RB,BAL,2000,16,0,0,0,137,588,2,32,221,0,nflverse
Torry Holt,WR,WR,STL,2000,16,0,0,0,2,7,0,82,1635,6,nflverse
Joe Horn,WR,WR,NO,2000,16,0,0,0,6,10,0,94,1340,8,nflverse
Tony Horne,WR,WR,STL,2000,11,0,0,0,2,6,0,4,32,2,nflverse
Brock Huard,QB,QB,SEA,2000,5,540,3,2,5,29,0,0,0,0,nflverse
Richard Huntley,RB,RB,PIT,2000,13,0,0,0,46,215,3,10,91,0,nflverse
Qadry Ismail,WR,WR,BAL,2000,15,0,0,0,0,0,0,49,655,5,nflverse
Raghib Ismail,WR,WR,DAL,2000,8,0,0,0,8,73,0,25,350,1,nflverse
Terry Jackson,RB,RB,SF,2000,14,0,0,0,5,6,1,5,48,1,nflverse
Willie Jackson,WR,WR,NO,2000,15,0,0,0,0,0,0,37,523,6,nflverse
Edgerrin James,RB,RB,IND,2000,16,0,0,0,387,1709,13,63,594,5,nflverse
Shawn Jefferson,WR,WR,ATL,2000,15,0,0,0,1,1,0,60,822,2,nflverse
MarTay Jenkins,WR,WR,ARI,2000,16,0,0,0,1,-4,0,17,219,0,nflverse
James Jett,WR,WR,OAK,2000,15,0,0,0,0,0,0,20,356,2,nflverse
Anthony Johnson,RB,RB,JAX,2000,11,0,0,0,28,112,1,12,153,0,nflverse
Brad Johnson,QB,QB,WAS,2000,12,2505,11,15,22,58,1,0,0,0,nflverse
Charles Johnson,WR,WR,PHI,2000,16,0,0,0,5,18,0,56,642,7,nflverse
J.J. Johnson,RB,RB,MIA,2000,10,0,0,0,50,168,1,10,61,0,nflverse
Kevin Johnson,WR,WR,CLE,2000,16,23,0,1,0,0,0,57,669,0,nflverse
Keyshawn Johnson,WR,WR,TB,2000,16,0,0,0,2,5,0,71,874,8,nflverse
Pat Johnson,WR,WR,BAL,2000,11,0,0,0,2,21,0,12,156,2,nflverse
Rob Johnson,QB,QB,BUF,2000,11,1947,12,7,38,263,1,1,-6,0,nflverse
Freddie Jones,TE,TE,SD,2000,15,0,0,0,0,0,0,67,721,5,nflverse
Reggie Jones,WR,WR,SD,2000,9,0,0,0,0,0,0,22,253,0,nflverse
Randy Jordan,RB,RB,OAK,2000,15,0,0,0,46,213,3,27,299,1,nflverse
Joe Jurevicius,WR,WR,NYG,2000,13,0,0,0,0,0,0,24,272,1,nflverse
Danny Kanell,QB,QB,ATL,2000,5,524,2,5,1,0,0,0,0,0,nflverse
Napoleon Kaufman,RB,RB,OAK,2000,14,0,0,0,93,499,0,13,127,1,nflverse
Reggie Kelly,TE,TE,ATL,2000,15,0,0,0,0,0,0,31,340,2,nflverse
Eddie Kennison,WR,WR,CHI,2000,16,0,0,0,3,72,0,55,549,2,nflverse
Shaun King,QB,QB,TB,2000,16,2769,18,13,73,353,5,0,0,0,nflverse
Jon Kitna,QB,QB,SEA,2000,15,2658,18,19,48,127,1,0,0,0,nflverse
Brian Kozlowski,TE,TE,ATL,2000,15,0,0,0,0,0,0,15,151,2,nflverse
Ryan Leaf,QB,QB,SD,2000,10,1821,11,17,28,54,0,0,0,0,nflverse
Dorsey Levens,RB,RB,GB,2000,5,0,0,0,77,224,3,16,146,0,nflverse
Chad Lewis,TE,TE,PHI,2000,16,0,0,0,0,0,0,69,735,3,nflverse
Kevin Lockett,WR,WR,KC,2000,15,0,0,0,0,0,0,33,422,2,nflverse
Kris Mangum,TE,TE,CAR,2000,14,0,0,0,0,0,0,19,215,1,nflverse
Peyton Manning,QB,QB,IND,2000,16,4413,33,15,37,116,1,0,0,0,nflverse
Cecil Martin,RB,RB,PHI,2000,16,0,0,0,13,77,0,31,219,0,nflverse
Curtis Martin,RB,RB,NYJ,2000,16,18,1,0,316,1204,9,70,508,2,nflverse
Tony Martin,WR,WR,MIA,2000,9,0,0,0,0,0,0,25,382,0,nflverse
Derrick Mason,WR,WR,TEN,2000,16,0,0,0,1,1,0,63,895,5,nflverse
Terance Mathis,WR,WR,ATL,2000,16,0,0,0,1,-5,0,57,679,5,nflverse
Shane Matthews,QB,QB,CHI,2000,7,964,3,6,10,35,0,0,0,0,nflverse
Derrick Mayes,WR,WR,SEA,2000,11,0,0,0,0,0,0,29,264,1,nflverse
Ed McCaffrey,WR,WR,DEN,2000,16,0,0,0,0,0,0,101,1317,9,nflverse
Keenan McCardell,WR,WR,JAX,2000,16,0,0,0,0,0,0,94,1207,5,nflverse
Fred McCrary,RB,RB,SD,2000,12,0,0,0,7,8,0,17,122,2,nflverse
Jeremy McDaniel,WR,WR,BUF,2000,15,0,0,0,0,0,0,40,649,2,nflverse
Wane McGarity,WR,WR,DAL,2000,14,0,0,0,6,49,1,25,250,0,nflverse
Tony McGee,TE,TE,CIN,2000,12,0,0,0,0,0,0,26,309,1,nflverse
James McKnight,WR,WR,DAL,2000,16,0,0,0,0,0,0,52,926,2,nflverse
Donovan McNabb,QB,QB,PHI,2000,16,3365,21,13,86,639,6,2,5,0,nflverse
Steve McNair,QB,QB,TEN,2000,16,2847,15,13,72,403,0,0,0,0,nflverse
Cade McNown,QB,QB,CHI,2000,10,1646,8,9,50,326,3,0,0,0,nflverse
Johnny McWilliams,TE,TE,MIN,2000,9,0,0,0,0,0,0,22,180,3,nflverse
Itula Mili,TE,TE,SEA,2000,15,0,0,0,0,0,0,28,288,3,nflverse
Brian Mitchell,RB,RB,PHI,2000,16,21,0,0,25,187,2,13,89,1,nflverse
Pete Mitchell,TE,TE,NYG,2000,13,0,0,0,0,0,0,25,245,1,nflverse
Scott Mitchell,QB,QB,CIN,2000,8,966,3,8,10,61,1,0,0,0,nflverse
Dave Moore,TE,TE,TB,2000,15,0,0,0,0,0,0,29,288,3,nflverse
Herman Moore,WR,WR,DET,2000,14,0,0,0,0,0,0,40,434,3,nflverse
Johnnie Morton,WR,WR,DET,2000,16,0,0,0,4,25,0,61,788,3,nflverse
Randy Moss,WR,WR,MIN,2000,16,0,0,0,3,5,0,77,1437,15,nflverse
Eric Moulds,WR,WR,BUF,2000,15,0,0,0,2,24,0,90,1275,5,nflverse
Muhsin Muhammad,WR,WR,CAR,2000,16,0,0,0,2,12,0,102,1183,6,nflverse
Lorenzo Neal,FB,RB,TEN,2000,9,0,0,0,1,-2,0,9,31,2,nflverse
Neil O'Donnell,QB,QB,TEN,2000,6,530,2,3,9,-2,0,0,0,0,nflverse
Terrell Owens,WR,WR,SF,2000,14,0,0,0,3,11,0,97,1451,13,nflverse
Bernie Parmalee,RB,RB,NYJ,2000,9,0,0,0,27,87,2,9,66,0,nflverse
Jerome Pathon,WR,WR,IND,2000,16,0,0,0,1,3,0,50,646,3,nflverse
David Patten,WR,WR,CLE,2000,14,0,0,0,0,0,0,38,546,1,nflverse
Doug Pederson,QB,QB,CLE,2000,10,1047,2,8,18,68,0,0,0,0,nflverse
Carl Pickens,WR,WR,TEN,2000,8,0,0,0,0,0,0,10,242,0,nflverse
Michael Pittman,RB,RB,ARI,2000,16,0,0,0,184,719,4,73,579,2,nflverse
Jake Plummer,QB,QB,ARI,2000,14,2946,13,21,37,183,0,0,0,0,nflverse
Marcus Pollard,TE,TE,IND,2000,14,0,0,0,0,0,0,30,439,3,nflverse
Keith Poole,WR,WR,NO,2000,14,0,0,0,0,0,0,21,293,1,nflverse
Peerless Price,WR,WR,BUF,2000,15,0,0,0,2,32,0,50,701,3,nflverse
Stanley Pritchett,RB,RB,PHI,2000,15,0,0,0,58,225,1,25,193,0,nflverse
Ricky Proehl,WR,WR,STL,2000,12,0,0,0,0,0,0,31,441,4,nflverse
Jake Reed,WR,WR,NO,2000,7,0,0,0,0,0,0,16,206,0,nflverse
Errict Rhett,RB,RB,CLE,2000,5,0,0,0,71,258,0,14,78,0,nflverse
Jerry Rice,WR,WR,SF,2000,16,0,0,0,1,-2,0,75,805,7,nflverse
Tony Richardson,FB,RB,KC,2000,15,0,0,0,141,657,3,54,446,2,nflverse
Jay Riemersma,TE,TE,BUF,2000,12,0,0,0,0,0,0,31,372,5,nflverse
Andre Rison,WR,WR,OAK,2000,16,0,0,0,0,0,0,41,606,6,nflverse
Marcus Robinson,WR,WR,CHI,2000,11,0,0,0,1,9,0,55,738,5,nflverse
Chris Sanders,WR,WR,TEN,2000,15,0,0,0,0,0,0,33,536,0,nflverse
Frank Sanders,WR,WR,ARI,2000,16,0,0,0,0,0,0,54,749,6,nflverse
Bill Schroeder,WR,WR,GB,2000,16,0,0,0,2,11,0,65,999,4,nflverse
Mike Sellers,TE,TE,WAS,2000,12,0,0,0,1,2,0,8,78,2,nflverse
Shannon Sharpe,TE,TE,BAL,2000,16,0,0,0,0,0,0,67,810,5,nflverse
Bobby Shaw,WR,WR,PIT,2000,16,0,0,0,0,0,0,40,672,4,nflverse
Leslie Shepherd,WR,WR,MIA,2000,12,0,0,0,4,3,0,33,425,3,nflverse
Tony Simmons,WR,WR,NE,2000,12,0,0,0,0,0,0,14,231,1,nflverse
Kaseem Sinceno,TE,TE,CHI,2000,11,0,0,0,0,0,0,23,206,0,nflverse
David Sloan,TE,TE,DET,2000,14,0,0,0,0,0,0,32,379,2,nflverse
Torrance Small,WR,WR,PHI,2000,14,0,0,1,1,1,0,40,569,3,nflverse
Akili Smith,QB,QB,CIN,2000,11,1253,3,6,41,219,0,0,0,0,nflverse
Antowain Smith,RB,RB,BUF,2000,10,0,0,0,101,354,4,3,20,0,nflverse
Emmitt Smith,RB,RB,DAL,2000,16,0,0,0,294,1203,9,11,79,0,nflverse
Jimmy Smith,WR,WR,JAX,2000,15,0,0,0,0,0,0,91,1213,8,nflverse
Lamar Smith,RB,RB,MIA,2000,14,0,0,0,285,1077,14,29,192,2,nflverse
Robert Smith,RB,RB,MIN,2000,16,0,0,0,295,1521,7,36,348,3,nflverse
Rod Smith,WR,WR,DEN,2000,16,0,0,0,6,99,1,100,1602,8,nflverse
Duce Staley,RB,RB,PHI,2000,5,0,0,0,79,344,1,25,201,0,nflverse
James Stewart,RB,RB,DET,2000,16,0,0,0,339,1184,10,32,287,1,nflverse
Kordell Stewart,QB,QB,PIT,2000,15,1860,11,8,78,436,7,0,0,0,nflverse
J.J. Stokes,WR,WR,SF,2000,16,0,0,0,1,6,0,30,524,3,nflverse
Brandon Stokley,WR,WR,BAL,2000,6,0,0,0,1,6,0,11,184,2,nflverse
Tai Streets,WR,WR,SF,2000,13,0,0,0,1,0,0,19,287,0,nflverse
Fred Taylor,RB,RB,JAX,2000,13,0,0,0,292,1399,12,36,240,2,nflverse
Vinny Testaverde,QB,QB,NYJ,2000,16,3732,21,25,25,32,0,0,0,0,nflverse
Yancey Thigpen,WR,WR,TEN,2000,11,0,0,0,0,0,0,15,289,2,nflverse
Robert Thomas,FB,RB,DAL,2000,15,0,0,0,15,51,0,23,117,2,nflverse
Rodney Thomas,RB,RB,TEN,2000,15,0,0,0,61,175,0,8,35,1,nflverse
Thurman Thomas,RB,RB,MIA,2000,8,0,0,0,21,112,0,13,91,1,nflverse
Jeff Thomason,TE,TE,PHI,2000,12,0,0,0,0,0,0,10,46,5,nflverse
James Thrash,WR,WR,WAS,2000,16,0,0,0,10,82,0,50,653,2,nflverse
Amani Toomer,WR,WR,NYG,2000,16,0,0,0,5,91,1,78,1094,7,nflverse
Wesley Walls,TE,TE,CAR,2000,8,0,0,0,0,0,0,31,422,2,nflverse
Dedric Ward,WR,WR,NYJ,2000,16,0,0,0,4,23,0,54,801,3,nflverse
Hines Ward,WR,WR,PIT,2000,16,0,0,0,4,53,0,48,672,4,nflverse
Kurt Warner,QB,QB,STL,2000,11,3429,21,18,18,17,0,0,0,0,nflverse
Chris Warren,RB,RB,PHI,2000,13,0,0,0,74,296,2,32,303,1,nflverse
Justin Watson,RB,RB,STL,2000,10,0,0,0,54,249,4,10,56,0,nflverse
Ricky Watters,RB,RB,SEA,2000,16,0,0,0,278,1242,7,63,613,2,nflverse
Tyrone Wheatley,RB,RB,OAK,2000,14,0,0,0,232,1046,9,20,156,1,nflverse
Alvis Whitted,WR,WR,JAX,2000,11,0,0,0,0,0,0,13,137,3,nflverse
Jermaine Wiggins,TE,TE,NE,2000,10,0,0,0,0,0,0,18,207,2,nflverse
Terrence Wilkins,WR,WR,IND,2000,14,0,0,0,3,8,0,43,569,3,nflverse
Ricky Williams,RB,RB,NO,2000,10,34,0,0,248,1000,8,44,409,1,nflverse
Roland Williams,TE,TE,STL,2000,13,0,0,0,0,0,0,11,102,3,nflverse
Frank Wycheck,TE,TE,TEN,2000,16,53,1,0,0,0,0,70,636,4,nflverse
Craig Yeast,WR,WR,CIN,2000,15,0,0,0,1,15,0,24,301,0,nflverse
Laveranues Coles,WR,WR,NYJ,2000,13,0,0,0,2,15,0,22,370,1,nflverse
Jamel White,RB,RB,CLE,2000,13,0,0,0,47,145,0,13,100,0,nflverse
Brad Hoover,FB,RB,CAR,2000,14,0,0,0,89,290,1,15,112,0,nflverse
Larry Foster,WR,WR,DET,2000,9,0,0,0,2,31,0,17,175,1,nflverse
Peter Warrick,WR,WR,CIN,2000,16,0,0,0,16,148,2,51,592,4,nflverse
Anthony Becht,TE,TE,NYJ,2000,12,0,0,0,0,0,0,16,144,2,nflverse
Frank Moreau,RB,RB,KC,2000,9,0,0,0,49,121,3,0,0,0,nflverse
Sammy Morris,RB,RB,BUF,2000,11,0,0,0,88,324,4,35,262,1,nflverse
Danny Farmer,WR,WR,CIN,2000,9,0,0,0,0,0,0,19,268,0,nflverse
Aaron Shea,TE,TE,CLE,2000,14,0,0,0,0,0,0,30,302,2,nflverse
Chad Morton,RB,RB,NO,2000,16,0,0,0,36,136,0,30,213,0,nflverse
Mike Anderson,RB,RB,DEN,2000,14,0,0,0,297,1500,15,23,169,0,nflverse
Travis Prentice,RB,RB,CLE,2000,15,0,0,0,173,512,7,37,191,1,nflverse
Thomas Jones,RB,RB,ARI,2000,14,0,0,0,112,373,2,32,208,0,nflverse
Plaxico Burress,WR,WR,PIT,2000,11,0,0,0,0,0,0,22,273,0,nflverse
Ron Dayne,RB,RB,NYG,2000,16,0,0,0,228,770,5,3,11,0,nflverse
Bubba Franks,TE,TE,GB,2000,15,0,0,0,0,0,0,34,363,1,nflverse
Shaun Alexander,RB,RB,SEA,2000,16,0,0,0,64,313,2,5,41,0,nflverse
Dennis Northcutt,WR,WR,CLE,2000,15,0,0,0,9,33,0,39,422,0,nflverse
Darrell Jackson,WR,WR,SEA,2000,16,0,0,0,1,-1,0,53,713,6,nflverse
Jamal Lewis,RB,RB,BAL,2000,16,0,0,0,309,1364,6,27,296,0,nflverse
Travis Taylor,WR,WR,BAL,2000,9,0,0,0,2,11,0,28,276,3,nflverse
J.R. Redmond,RB,RB,NE,2000,11,0,0,0,125,406,1,20,126,2,nflverse
Sylvester Morris,WR,WR,KC,2000,14,31,0,0,0,0,0,42,566,0,nflverse
Derrick Alexander,WR,WR,KC,2001,13,0,0,0,2,16,0,27,470,3,nflverse
James Allen,RB,RB,CHI,2001,16,0,0,0,135,469,1,30,203,1,nflverse
Terry Allen,RB,RB,BAL,2001,11,0,0,0,168,658,3,17,68,0,nflverse
Mike Alstott,FB,RB,TB,2001,16,0,0,0,165,680,10,35,231,1,nflverse
Jamal Anderson,RB,RB,ATL,2001,3,0,0,0,55,190,1,3,111,1,nflverse
Richie Anderson,FB,RB,NYJ,2001,16,0,0,0,26,102,0,40,252,2,nflverse
Obafemi Ayanbadejo,RB,RB,BAL,2001,15,0,0,0,46,173,1,24,121,1,nflverse
Tony Banks,QB,QB,WAS,2001,15,2386,10,10,47,152,2,0,0,0,nflverse
Tiki Barber,RB,RB,NYG,2001,14,0,0,0,166,865,4,72,577,0,nflverse
Charlie Batch,QB,QB,DET,2001,10,2392,12,12,12,45,0,0,0,0,nflverse
Fred Baxter,TE,TE,CHI,2001,13,0,0,0,0,0,0,22,148,2,nflverse
Brandon Bennett,RB,RB,CIN,2001,16,0,0,0,50,232,0,20,150,0,nflverse
Jerome Bettis,RB,RB,PIT,2001,11,32,1,0,225,1072,4,8,48,0,nflverse
Tim Biakabutuka,RB,RB,CAR,2001,5,0,0,0,53,230,1,12,121,0,nflverse
Marty Booker,WR,WR,CHI,2001,16,34,1,0,4,8,0,100,1071,8,nflverse
David Boston,WR,WR,ARI,2001,16,0,0,0,5,35,0,98,1598,8,nflverse
Todd Bouman,QB,QB,MIN,2001,6,795,8,4,9,61,0,0,0,0,nflverse
Corey Bradford,WR,WR,GB,2001,16,0,0,0,0,0,0,31,526,2,nflverse
Kyle Brady,TE,TE,JAC,2001,15,0,0,0,0,0,0,36,386,2,nflverse
Aaron Brooks,QB,QB,NO,2001,16,3832,26,22,80,358,1,0,0,0,nflverse
Tim Brown,WR,WR,OAK,2001,16,0,0,0,4,39,0,91,1165,9,nflverse
Troy Brown,WR,WR,NE,2001,16,0,0,0,11,91,0,101,1199,5,nflverse
Isaac Bruce,WR,WR,STL,2001,16,0,0,0,4,23,0,64,1106,6,nflverse
Mark Brunell,QB,QB,JAC,2001,15,3309,19,13,39,224,1,0,0,0,nflverse
Shawn Bryson,RB,RB,BUF,2001,11,0,0,0,80,341,2,9,59,0,nflverse
Isaac Byrd,WR,WR,CAR,2001,15,0,0,0,1,-2,0,37,492,1,nflverse
Cris Carter,WR,WR,MIN,2001,16,0,0,0,1,4,0,73,871,6,nflverse
Ki-Jana Carter,RB,RB,WAS,2001,14,0,0,0,63,308,3,13,83,0,nflverse
Larry Centers,FB,RB,BUF,2001,16,0,0,0,34,160,2,80,620,2,nflverse
Byron Chamberlain,TE,TE,MIN,2001,16,0,0,0,0,0,0,57,666,3,nflverse
Chris Chandler,QB,QB,ATL,2001,14,2847,16,14,25,84,0,0,0,0,nflverse
Darrin Chiaverini,WR,WR,DAL,2001,13,0,0,0,1,3,0,10,107,2,nflverse
Wayne Chrebet,WR,WR,NYJ,2001,15,0,0,0,0,0,0,56,750,1,nflverse
Bob Christian,FB,RB,ATL,2001,16,0,0,0,44,284,2,45,392,2,nflverse
Desmond Clark,TE,TE,DEN,2001,15,0,0,0,0,0,0,51,566,6,nflverse
Cameron Cleeland,TE,TE,NO,2001,8,0,0,0,0,0,0,13,138,4,nflverse
Kerry Collins,QB,QB,NYG,2001,16,3764,19,16,39,73,0,1,-2,0,nflverse
Greg Comella,RB,RB,NYG,2001,16,0,0,0,4,15,0,39,253,1,nflverse
Albert Connell,WR,WR,NO,2001,11,0,0,0,1,6,0,12,191,2,nflverse
Curtis Conway,WR,WR,SD,2001,16,0,0,0,7,116,1,71,1125,6,nflverse
Ernie Conwell,TE,TE,STL,2001,16,0,0,0,7,28,1,38,431,4,nflverse
Tim Couch,QB,QB,CLE,2001,16,3040,17,21,38,128,0,1,-10,0,nflverse
Zack Crockett,RB,RB,OAK,2001,16,0,0,0,57,145,6,2,10,0,nflverse
Germane Crowell,WR,WR,DET,2001,5,0,0,0,1,6,0,22,289,2,nflverse
Daunte Culpepper,QB,QB,MIN,2001,11,2612,14,13,71,416,5,1,0,0,nflverse
Randall Cunningham,QB,QB,BAL,2001,6,573,3,2,14,40,1,0,0,0,nflverse
Stephen Davis,RB,RB,WAS,2001,16,0,0,0,356,1432,5,28,205,0,nflverse
Terrell Davis,RB,RB,DEN,2001,8,0,0,0,167,701,0,12,69,0,nflverse
Sean Dawkins,WR,WR,KC,2001,14,0,0,0,0,0,0,20,234,0,nflverse
Ty Detmer,QB,QB,DET,2001,4,906,3,10,9,26,0,0,0,0,nflverse
Trent Dilfer,QB,QB,SEA,2001,6,1014,7,4,11,17,0,1,-5,0,nflverse
Ken Dilger,TE,TE,IND,2001,16,39,1,0,0,0,0,32,343,1,nflverse
Corey Dillon,RB,RB,CIN,2001,16,0,0,1,340,1315,10,34,228,3,nflverse
Dameane Douglas,WR,WR,PHI,2001,11,0,0,0,0,0,0,5,77,2,nflverse
Donald Driver,WR,WR,GB,2001,11,0,0,0,3,38,1,13,167,1,nflverse
Warrick Dunn,RB,RB,TB,2001,13,0,0,0,158,447,3,68,557,3,nflverse
Tim Dwight,WR,WR,SD,2001,10,0,0,0,2,24,1,25,406,0,nflverse
Kevin Dyson,WR,WR,TEN,2001,16,0,0,0,0,0,0,54,825,7,nflverse
Marc Edwards,FB,RB,NE,2001,16,0,0,0,51,141,1,25,166,2,nflverse
Troy Edwards,WR,WR,PIT,2001,16,0,0,0,5,28,1,19,283,0,nflverse
Bert Emanuel,WR,WR,DET,2001,8,0,0,0,0,0,0,21,246,0,nflverse
Bobby Engram,WR,WR,SEA,2001,16,0,0,0,0,0,0,29,400,0,nflverse
Kevin Faulk,RB,RB,NE,2001,15,23,0,0,41,169,1,30,189,2,nflverse
Marshall Faulk,RB,RB,STL,2001,14,0,0,0,260,1382,12,83,765,9,nflverse
Brett Favre,QB,QB,GB,2001,16,3921,32,15,38,56,1,0,0,0,nflverse
Jay Fiedler,QB,QB,MIA,2001,16,3248,20,19,73,321,4,0,0,0,nflverse
Brian Finneran,WR,WR,ATL,2001,13,0,0,0,0,0,0,23,491,3,nflverse
Terrell Fletcher,RB,RB,SD,2001,12,0,0,0,29,107,0,23,184,0,nflverse
Doug Flutie,QB,QB,SD,2001,16,3464,15,18,53,192,1,0,0,0,nflverse
Antonio Freeman,WR,WR,GB,2001,16,0,0,0,1,-5,0,52,818,6,nflverse
Gus Frerotte,QB,QB,DEN,2001,4,308,3,0,10,9,1,0,0,0,nflverse
Chris Fuamatu-Ma'afala,RB,RB,PIT,2001,14,0,0,0,120,453,3,16,127,1,nflverse
Oronde Gadsden,WR,WR,MIA,2001,14,0,0,0,0,0,0,55,674,3,nflverse
Joey Galloway,WR,WR,DAL,2001,16,-1,0,0,3,32,0,52,699,3,nflverse
Rich Gannon,QB,QB,OAK,2001,16,3828,27,9,63,231,2,0,0,0,nflverse
Jeff Garcia,QB,QB,SF,2001,16,3538,32,12,72,254,5,0,0,0,nflverse
Charlie Garner,RB,RB,OAK,2001,16,0,0,0,211,839,1,72,578,2,nflverse
Olandis Gary,RB,RB,DEN,2001,9,0,0,0,57,228,1,4,29,0,nflverse
Eddie George,RB,RB,TEN,2001,16,0,0,0,315,939,5,37,279,0,nflverse
Terry Glenn,WR,WR,NE,2001,3,0,0,0,0,0,0,14,204,1,nflverse
Tony Gonzalez,TE,TE,KC,2001,16,40,0,0,1,9,0,73,917,6,nflverse
Jeff Graham,WR,WR,SD,2001,14,0,0,0,0,0,0,52,811,5,nflverse
Elvis Grbac,QB,QB,BAL,2001,14,3033,15,18,21,18,1,0,0,0,nflverse
Ahman Green,RB,RB,GB,2001,16,0,0,0,304,1387,9,62,594,2,nflverse
Jacquez Green,WR,WR,TB,2001,12,0,0,0,0,0,0,36,402,1,nflverse
Trent Green,QB,QB,KC,2001,16,3783,17,24,35,158,0,1,1,0,nflverse
Brian Griese,QB,QB,DEN,2001,15,2827,23,19,50,173,1,1,-6,0,nflverse
Az-Zahir Hakim,WR,WR,STL,2001,16,51,1,0,11,50,0,39,374,3,nflverse
Patrick Hape,TE,TE,DEN,2001,11,0,0,0,2,0,0,15,96,3,nflverse
Terry Hardy,TE,TE,ARI,2001,7,0,0,0,0,0,0,11,79,2,nflverse
Jackie Harris,TE,TE,DAL,2001,12,0,0,0,0,0,0,15,141,2,nflverse
Marvin Harrison,WR,WR,IND,2001,16,0,0,0,1,3,0,109,1524,15,nflverse
Matt Hasselbeck,QB,QB,SEA,2001,13,2023,7,8,40,141,0,0,0,0,nflverse
Donald Hayes,WR,WR,CAR,2001,16,0,0,0,0,0,0,52,597,2,nflverse
Garrison Hearst,RB,RB,SF,2001,16,0,0,0,252,1206,4,41,347,1,nflverse
William Henderson,FB,RB,GB,2001,15,0,0,0,6,11,0,21,193,0,nflverse
Skip Hicks,RB,RB,TEN,2001,9,0,0,0,56,341,1,5,22,0,nflverse
Ike Hilliard,WR,WR,NYG,2001,14,0,0,0,1,21,0,52,659,6,nflverse
Priest Holmes,RB,RB,KC,2001,16,0,0,0,327,1555,8,62,614,2,nflverse
Torry Holt,WR,WR,STL,2001,16,0,0,0,2,0,0,81,1363,7,nflverse
Joe Horn,WR,WR,NO,2001,16,0,0,0,1,4,0,83,1265,9,nflverse
Richard Huntley,RB,RB,CAR,2001,13,0,0,0,165,665,2,21,101,1,nflverse
Qadry Ismail,WR,WR,BAL,2001,16,0,0,0,0,0,0,74,1059,7,nflverse
Raghib Ismail,WR,WR,DAL,2001,14,0,0,0,8,31,0,53,834,2,nflverse
Terry Jackson,RB,RB,SF,2001,15,0,0,0,22,138,1,12,91,2,nflverse
Willie Jackson,WR,WR,NO,2001,16,0,0,0,0,0,0,81,1046,5,nflverse
Edgerrin James,RB,RB,IND,2001,6,0,0,0,151,662,3,24,193,0,nflverse
Shawn Jefferson,WR,WR,ATL,2001,15,0,0,0,0,0,0,37,539,2,nflverse
MarTay Jenkins,WR,WR,ARI,2001,13,0,0,0,3,4,0,32,518,3,nflverse
Brad Johnson,QB,QB,TB,2001,16,3406,13,11,39,120,3,0,0,0,nflverse
Kevin Johnson,WR,WR,CLE,2001,16,0,0,0,0,0,0,84,1097,9,nflverse
Keyshawn Johnson,WR,WR,TB,2001,15,0,0,0,0,0,0,106,1266,1,nflverse
Leon Johnson,RB,RB,CHI,2001,12,18,0,0,20,99,4,1,0,0,nflverse
Rob Johnson,QB,QB,BUF,2001,8,1465,5,7,36,241,1,0,0,0,nflverse
Freddie Jones,TE,TE,SD,2001,14,0,0,0,0,0,0,35,388,4,nflverse
Joe Jurevicius,WR,WR,NYG,2001,14,0,0,0,0,0,0,51,706,3,nflverse
Eddie Kennison,WR,WR,KC,2001,13,0,0,0,5,22,0,31,491,1,nflverse
Jon Kitna,QB,QB,CIN,2001,16,3216,12,22,27,73,1,0,0,0,nflverse
Jimmy Kleinsasser,TE,TE,MIN,2001,11,0,0,0,23,72,1,24,184,0,nflverse
Rob Konrad,FB,RB,MIA,2001,7,0,0,0,5,22,1,5,52,1,nflverse
Brian Kozlowski,TE,TE,ATL,2001,14,0,0,0,0,0,0,15,270,1,nflverse
Dorsey Levens,RB,RB,GB,2001,15,0,0,0,44,165,0,24,159,1,nflverse
Chad Lewis,TE,TE,PHI,2001,15,0,0,0,0,0,0,41,422,6,nflverse
Kevin Lockett,WR,WR,WAS,2001,15,31,1,0,0,0,0,22,293,0,nflverse
Stacey Mack,RB,RB,JAC,2001,16,0,0,0,213,877,9,23,165,1,nflverse
Kris Mangum,TE,TE,CAR,2001,11,0,0,0,0,0,0,15,89,2,nflverse
Peyton Manning,QB,QB,IND,2001,16,4131,26,23,35,157,4,0,0,0,nflverse
Cecil Martin,RB,RB,PHI,2001,16,0,0,0,9,27,0,24,124,2,nflverse
Curtis Martin,RB,RB,NYJ,2001,16,18,1,0,333,1513,10,53,320,0,nflverse
Tony Martin,WR,WR,ATL,2001,11,0,0,0,0,0,0,37,548,3,nflverse
Derrick Mason,WR,WR,TEN,2001,15,0,0,0,0,0,0,73,1128,9,nflverse
Terance Mathis,WR,WR,ATL,2001,16,0,0,0,0,0,0,51,564,2,nflverse
Shane Matthews,QB,QB,CHI,2001,4,694,5,6,4,5,0,0,0,0,nflverse
Keenan McCardell,WR,WR,JAC,2001,16,0,0,0,0,0,0,93,1110,6,nflverse
James McKnight,WR,WR,MIA,2001,16,0,0,0,6,39,0,55,684,3,nflverse
Donovan McNabb,QB,QB,PHI,2001,15,3233,25,12,82,482,2,0,0,0,nflverse
Steve McNair,QB,QB,TEN,2001,15,3350,21,12,75,414,5,0,0,0,nflverse
Itula Mili,TE,TE,SEA,2001,9,0,0,0,0,0,0,8,98,2,nflverse
Jim Miller,QB,QB,CHI,2001,14,2299,13,10,29,-19,0,0,0,0,nflverse
Tywan Mitchell,TE,TE,ARI,2001,14,0,0,0,0,0,0,25,196,2,nflverse
Dave Moore,TE,TE,TB,2001,14,0,0,0,0,0,0,35,285,4,nflverse
Harold Morrow,FB,RB,MIN,2001,15,0,0,0,12,67,0,13,142,0,nflverse
Johnnie Morton,WR,WR,DET,2001,16,0,0,0,1,6,0,77,1154,4,nflverse
Randy Moss,WR,WR,MIN,2001,16,29,0,0,3,38,0,82,1233,10,nflverse
Eric Moulds,WR,WR,BUF,2001,16,0,0,0,3,3,0,67,904,5,nflverse
Muhsin Muhammad,WR,WR,CAR,2001,11,0,0,0,0,0,0,50,585,1,nflverse
Terrell Owens,WR,WR,SF,2001,16,0,0,0,4,21,0,93,1412,16,nflverse
Larry Parker,WR,WR,KC,2001,11,0,0,0,3,6,0,15,199,2,nflverse
Jerome Pathon,WR,WR,IND,2001,4,0,0,0,1,-8,0,24,330,2,nflverse
David Patten,WR,WR,NE,2001,15,60,1,1,5,67,1,51,749,4,nflverse
Michael Pittman,RB,RB,ARI,2001,15,0,0,0,241,846,5,42,264,0,nflverse
Jake Plummer,QB,QB,ARI,2001,16,3653,18,14,35,163,0,0,0,0,nflverse
Marcus Pollard,TE,TE,IND,2001,16,0,0,0,0,0,0,47,739,8,nflverse
Peerless Price,WR,WR,BUF,2001,16,0,0,0,6,97,0,55,895,7,nflverse
Ricky Proehl,WR,WR,STL,2001,14,0,0,0,1,5,0,40,563,5,nflverse
Walter Rasby,TE,TE,WAS,2001,14,0,0,0,0,0,0,10,128,2,nflverse
Jake Reed,WR,WR,MIN,2001,16,0,0,0,0,0,0,27,309,1,nflverse
Jerry Rice,WR,WR,OAK,2001,16,0,0,0,0,0,0,83,1139,9,nflverse
Tony Richardson,FB,RB,KC,2001,14,0,0,0,66,191,7,30,265,0,nflverse
Mikhael Ricks,TE,TE,KC,2001,11,0,0,0,0,0,0,18,252,1,nflverse
Jay Riemersma,TE,TE,BUF,2001,16,0,0,0,0,0,0,53,590,3,nflverse
Jon Ritchie,FB,RB,OAK,2001,14,0,0,0,0,0,0,19,154,2,nflverse
Marcus Robinson,WR,WR,CHI,2001,5,0,0,0,0,0,0,23,269,2,nflverse
Frank Sanders,WR,WR,ARI,2001,15,0,0,0,0,0,0,41,618,2,nflverse
O.J. Santiago,TE,TE,CLE,2001,12,0,0,0,0,0,0,17,153,2,nflverse
Cory Schlesinger,FB,RB,DET,2001,16,0,0,0,47,154,3,60,466,0,nflverse
Bill Schroeder,WR,WR,GB,2001,14,0,0,0,1,6,0,53,918,9,nflverse
Darnay Scott,WR,WR,CIN,2001,16,0,0,0,0,0,0,57,819,2,nflverse
Mike Sellers,TE,TE,CLE,2001,9,0,0,0,0,0,0,7,73,2,nflverse
Shannon Sharpe,TE,TE,BAL,2001,16,0,0,0,0,0,0,73,811,2,nflverse
Bobby Shaw,WR,WR,PIT,2001,14,0,0,0,0,0,0,24,409,2,nflverse
David Sloan,TE,TE,DET,2001,14,0,0,0,0,0,0,37,409,7,nflverse
Antowain Smith,RB,RB,NE,2001,16,0,0,0,287,1157,12,19,192,1,nflverse
Emmitt Smith,RB,RB,DAL,2001,14,0,0,0,261,1021,3,17,116,0,nflverse
Jimmy Smith,WR,WR,JAC,2001,16,0,0,0,1,-3,0,112,1373,8,nflverse
Lamar Smith,RB,RB,MIA,2001,16,0,0,0,313,968,6,30,234,2,nflverse
Rod Smith,WR,WR,DEN,2001,15,0,0,0,3,27,0,113,1343,11,nflverse
Duce Staley,RB,RB,PHI,2001,13,0,0,0,166,604,2,63,626,2,nflverse
Aaron Stecker,RB,RB,TB,2001,11,0,0,0,24,72,1,10,101,1,nflverse
James Stewart,RB,RB,DET,2001,11,0,0,0,143,685,1,23,242,1,nflverse
Kordell Stewart,QB,QB,PIT,2001,16,3109,14,11,96,537,5,0,0,0,nflverse
J.J. Stokes,WR,WR,SF,2001,16,0,0,0,0,0,0,54,585,7,nflverse
Brandon Stokley,WR,WR,BAL,2001,16,0,0,0,1,1,0,24,344,2,nflverse
Tai Streets,WR,WR,SF,2001,16,0,0,0,0,0,0,28,345,1,nflverse
Kevin Swayne,WR,WR,NYJ,2001,13,0,0,0,0,0,0,13,203,0,nflverse
Vinny Testaverde,QB,QB,NYJ,2001,16,2752,15,14,31,25,0,0,0,0,nflverse
Chris Thomas,WR,WR,KC,2001,9,0,0,0,0,0,0,19,247,1,nflverse
James Thrash,WR,WR,PHI,2001,15,0,0,0,6,57,0,63,833,8,nflverse
Amani Toomer,WR,WR,NYG,2001,16,0,0,0,3,8,0,72,1054,5,nflverse
Alex Van Pelt,QB,QB,BUF,2001,12,2056,12,11,12,33,0,0,0,0,nflverse
Wesley Walls,TE,TE,CAR,2001,14,0,0,0,0,0,0,43,452,5,nflverse
Dedric Ward,WR,WR,MIA,2001,13,0,0,0,2,21,0,21,209,0,nflverse
Hines Ward,WR,WR,PIT,2001,16,0,0,0,10,83,0,94,1003,4,nflverse
Kurt Warner,QB,QB,STL,2001,16,4830,36,22,28,60,0,0,0,0,nflverse
Lamont Warren,RB,RB,DET,2001,16,0,0,1,61,191,3,40,336,1,nflverse
Ricky Watters,RB,RB,SEA,2001,5,0,0,0,72,318,1,11,107,0,nflverse
Jed Weaver,TE,TE,MIA,2001,14,0,0,0,0,0,0,18,215,2,nflverse
Michael Westbrook,WR,WR,WAS,2001,16,0,0,0,2,8,0,57,664,4,nflverse
Tyrone Wheatley,RB,RB,OAK,2001,11,0,0,0,88,276,5,12,61,1,nflverse
Jermaine Wiggins,TE,TE,NE,2001,12,0,0,0,0,0,0,14,133,4,nflverse
Terrence Wilkins,WR,WR,IND,2001,11,0,0,0,0,0,0,34,332,0,nflverse
Karl Williams,WR,WR,TB,2001,15,0,0,0,0,0,0,24,314,1,nflverse
Moe Williams,RB,RB,BAL,2001,13,0,0,0,65,291,0,23,210,0,nflverse
Ricky Williams,RB,RB,NO,2001,16,0,0,0,313,1245,6,60,511,1,nflverse
Roland Williams,TE,TE,OAK,2001,16,0,0,0,0,0,0,33,298,3,nflverse
Robert Wilson,WR,WR,NO,2001,13,0,0,0,0,0,0,21,277,0,nflverse
Anthony Wright,QB,QB,DAL,2001,4,529,5,5,17,57,0,0,0,0,nflverse
Frank Wycheck,TE,TE,TEN,2001,16,21,0,0,1,1,0,60,672,4,nflverse
Amos Zereoue,RB,RB,PIT,2001,13,0,0,0,85,441,1,13,154,1,nflverse
Laveranues Coles,WR,WR,NYJ,2001,16,0,0,0,10,108,0,59,868,7,nflverse
Maurice Smith,RB,RB,ATL,2001,15,0,0,0,237,760,5,19,230,1,nflverse
Jamel White,RB,RB,CLE,2001,16,0,0,0,126,443,5,44,418,1,nflverse
Brad Hoover,FB,RB,CAR,2001,15,0,0,0,17,71,0,26,185,0,nflverse
Larry Foster,WR,WR,DET,2001,13,0,0,0,2,6,0,22,283,0,nflverse
Zeron Flemister,TE,TE,WAS,2001,15,0,0,0,0,0,0,18,196,2,nflverse
Jason Brookins,RB,RB,BAL,2001,12,0,0,0,151,551,5,6,45,0,nflverse
Clint Stoerner,QB,QB,DAL,2001,4,314,3,5,9,27,1,0,0,0,nflverse
Peter Warrick,WR,WR,CIN,2001,16,0,0,0,8,14,0,70,667,1,nflverse
Anthony Becht,TE,TE,NYJ,2001,16,0,0,0,0,0,0,36,321,5,nflverse
JaJuan Dawson,WR,WR,CLE,2001,11,0,0,0,0,0,0,22,281,1,nflverse
James Williams,WR,WR,SEA,2001,6,0,0,0,0,0,0,12,212,1,nflverse
Troy Hambrick,RB,RB,DAL,2001,16,0,0,0,113,579,2,4,62,0,nflverse
Danny Farmer,WR,WR,CIN,2001,8,0,0,0,0,0,0,15,228,1,nflverse
Mike Green,RB,RB,TEN,2001,11,0,0,2,15,71,1,12,64,1,nflverse
Terrelle Smith,FB,RB,NO,2001,10,0,0,0,5,8,0,4,30,2,nflverse
Mike Anderson,RB,RB,DEN,2001,16,0,0,0,175,678,4,8,46,0,nflverse
Tom Brady,QB,QB,NE,2001,15,2843,18,12,36,43,0,1,23,0,nflverse
Todd Pinkston,WR,WR,PHI,2001,15,0,0,0,1,5,0,42,586,4,nflverse
Travis Prentice,RB,RB,MIN,2001,13,0,0,0,14,13,2,1,10,0,nflverse
Michael Wiley,RB,RB,DAL,2001,15,0,0,0,34,247,0,16,99,1,nflverse
Thomas Jones,RB,RB,ARI,2001,16,0,0,0,112,380,5,21,151,0,nflverse
Plaxico Burress,WR,WR,PIT,2001,16,0,0,0,0,0,0,66,1008,6,nflverse
Ron Dayne,RB,RB,NYG,2001,16,0,0,0,180,690,7,8,67,0,nflverse
Bubba Franks,TE,TE,GB,2001,15,0,0,0,0,0,0,36,322,9,nflverse
Shaun Alexander,RB,RB,SEA,2001,16,0,0,0,309,1318,14,44,343,2,nflverse
Trung Canidate,RB,RB,STL,2001,15,0,0,0,78,441,6,17,154,0,nflverse
Dennis Northcutt,WR,WR,CLE,2001,11,0,0,0,3,26,0,18,211,0,nflverse
Erron Kinney,TE,TE,TEN,2001,12,0,0,0,0,0,0,25,263,1,nflverse
Dez White,WR,WR,CHI,2001,14,0,0,0,0,0,0,45,428,0,nflverse
Ron Dixon,WR,WR,NYG,2001,15,0,0,0,1,0,0,8,227,1,nflverse
Darrell Jackson,WR,WR,SEA,2001,16,0,0,0,1,9,0,70,1081,8,nflverse
Trevor Gaylor,WR,WR,SD,2001,5,0,0,0,0,0,0,14,217,0,nflverse
Jerry Porter,WR,WR,OAK,2001,15,0,0,0,2,13,0,19,220,0,nflverse
Ron Dugans,WR,WR,CIN,2001,16,0,0,0,0,0,0,28,251,2,nflverse
Doug Chapman,RB,RB,MIN,2001,13,0,0,0,63,195,0,16,135,1,nflverse
Travis Taylor,WR,WR,BAL,2001,15,0,0,0,5,46,0,42,560,3,nflverse
J.R. Redmond,RB,RB,NE,2001,10,0,0,0,35,119,0,13,132,0,nflverse
Nick Goings,RB,RB,CAR,2001,9,0,0,0,66,197,0,8,39,0,nflverse
Dominic Rhodes,RB,RB,IND,2001,15,0,0,0,233,1104,9,34,224,0,nflverse
Elvis Joseph,RB,RB,JAC,2001,13,0,0,0,68,294,0,18,183,2,nflverse
Drew Bennett,WR,WR,TEN,2001,12,0,0,0,0,0,0,24,329,1,nflverse
Boo Williams,TE,TE,NO,2001,11,0,0,0,0,0,0,20,202,3,nflverse
Marcellus Rivers,TE,TE,NYG,2001,7,0,0,0,0,0,0,3,11,2,nflverse
Mike Vick,QB,QB,ATL,2001,8,785,2,3,31,289,1,0,0,0,nflverse
Correll Buckhalter,RB,RB,PHI,2001,14,0,0,0,129,586,2,13,130,0,nflverse
Snoop Minnis,WR,WR,KC,2001,13,0,0,0,0,0,0,33,511,1,nflverse
Alge Crumpler,TE,TE,ATL,2001,16,0,0,0,0,0,0,25,330,3,nflverse
Mike McMahon,QB,QB,DET,2001,7,671,3,1,27,145,1,0,0,0,nflverse
Reggie Germany,WR,WR,BUF,2001,12,0,0,0,0,0,0,12,203,0,nflverse
Scotty Anderson,WR,WR,DET,2001,8,0,0,0,0,0,0,12,211,1,nflverse
Chad Johnson,WR,WR,CIN,2001,11,0,0,0,0,0,0,28,329,1,nflverse
Anthony Thomas,RB,RB,CHI,2001,14,0,0,0,278,1183,7,22,178,0,nflverse
Quincy Carter,QB,QB,DAL,2001,8,1072,5,7,45,150,1,0,0,0,nflverse
Quincy Morgan,WR,WR,CLE,2001,16,0,0,0,2,27,0,30,432,2,nflverse
James Jackson,RB,RB,CLE,2001,11,0,0,0,195,554,2,7,56,0,nflverse
Chris Weinke,QB,QB,CAR,2001,15,2931,11,19,37,128,6,0,0,0,nflverse
T.J. Houshmandzadeh,WR,WR,CIN,2001,10,0,0,0,0,0,0,21,228,0,nflverse
Chris Chambers,WR,WR,MIA,2001,16,0,0,0,1,-11,0,48,883,7,nflverse
Travis Minor,RB,RB,MIA,2001,16,0,0,0,59,281,2,29,263,1,nflverse
Eric Johnson,TE,TE,SF,2001,16,0,0,0,0,0,0,40,362,3,nflverse
LaMont Jordan,RB,RB,NYJ,2001,13,0,0,0,39,292,1,7,44,1,nflverse
Travis Henry,RB,RB,BUF,2001,13,0,0,0,213,729,4,22,179,0,nflverse
Kevan Barlow,RB,RB,SF,2001,15,0,0,0,125,512,4,22,247,1,nflverse
Koren Robinson,WR,WR,SEA,2001,16,0,0,0,4,13,0,39,536,1,nflverse
Freddie Mitchell,WR,WR,PHI,2001,13,0,0,0,2,-4,0,21,283,1,nflverse
Reggie Wayne,WR,WR,IND,2001,11,0,0,0,0,0,0,27,345,0,nflverse
David Terrell,WR,WR,CHI,2001,16,0,0,0,0,0,0,34,415,4,nflverse
Michael Bennett,RB,RB,MIN,2001,13,0,0,0,172,682,2,29,226,1,nflverse
Todd Heap,TE,TE,BAL,2001,10,0,0,0,0,0,0,16,206,1,nflverse
Rod Gardner,WR,WR,WAS,2001,16,0,0,0,1,16,0,46,741,4,nflverse
Deuce McAllister,RB,RB,NO,2001,16,12,1,0,16,91,1,15,166,1,nflverse
LaDainian Tomlinson,RB,RB,SD,2001,16,0,0,0,339,1236,10,59,367,0,nflverse
Stephen Alexander,TE,TE,SD,2002,14,0,0,0,0,0,0,45,510,1,nflverse
James Allen,RB,RB,HOU,2002,16,5,1,0,155,519,0,47,302,0,nflverse
Mike Alstott,FB,RB,TB,2002,16,0,0,0,146,548,5,35,242,2,nflverse
Richie Anderson,FB,RB,NYJ,2002,16,0,0,0,5,27,0,45,257,1,nflverse
Tiki Barber,RB,RB,NYG,2002,16,0,0,0,304,1387,11,69,597,0,nflverse
D'Wayne Bates,WR,WR,MIN,2002,14,0,0,0,0,0,0,50,689,4,nflverse
Fred Beasley,FB,RB,SF,2002,15,0,0,0,26,75,0,22,152,1,nflverse
Brandon Bennett,RB,RB,CIN,2002,12,0,0,0,33,155,0,18,109,0,nflverse
Jerome Bettis,RB,RB,PIT,2002,12,0,0,0,187,666,9,7,57,0,nflverse
Steve Beuerlein,QB,QB,DEN,2002,5,925,6,5,5,9,1,0,0,0,nflverse
Jeff Blake,QB,QB,BAL,2002,10,2084,13,11,39,106,1,0,0,0,nflverse
Drew Bledsoe,QB,QB,BUF,2002,16,4359,24,15,27,67,2,0,0,0,nflverse
Marty Booker,WR,WR,CHI,2002,16,44,1,0,0,0,0,97,1189,6,nflverse
David Boston,WR,WR,ARI,2002,8,0,0,0,2,29,0,32,512,1,nflverse
Corey Bradford,WR,WR,HOU,2002,16,0,0,0,2,-11,0,45,697,6,nflverse
Kyle Brady,TE,TE,JAC,2002,16,0,0,0,0,0,0,43,461,4,nflverse
Aaron Brooks,QB,QB,NO,2002,16,3572,27,15,62,253,2,0,0,0,nflverse
Tim Brown,WR,WR,OAK,2002,16,0,0,0,6,19,0,81,930,2,nflverse
Troy Brown,WR,WR,NE,2002,14,0,0,0,3,14,0,97,890,3,nflverse
Isaac Bruce,WR,WR,STL,2002,16,0,0,0,3,18,0,79,1075,7,nflverse
Mark Brunell,QB,QB,TEN,2002,15,2788,17,7,43,207,0,0,0,0,nflverse
Mark Campbell,TE,TE,CLE,2002,15,0,0,0,0,0,0,25,179,3,nflverse
Larry Centers,FB,RB,BUF,2002,16,0,0,0,11,56,2,43,388,0,nflverse
Byron Chamberlain,TE,TE,MIN,2002,13,0,0,0,0,0,0,34,389,0,nflverse
Chris Chandler,QB,QB,CHI,2002,9,1023,4,4,10,32,0,0,0,0,nflverse
Wayne Chrebet,WR,WR,NYJ,2002,15,0,0,0,0,0,0,51,691,9,nflverse
Bob Christian,FB,RB,ATL,2002,15,0,0,0,31,119,3,13,174,0,nflverse
Mike Cloud,RB,RB,KC,2002,12,0,0,0,49,115,2,6,48,0,nflverse
Kerry Collins,QB,QB,NYG,2002,16,4073,19,14,44,-3,0,0,0,0,nflverse
Curtis Conway,WR,WR,SD,2002,12,0,0,0,7,53,2,57,852,5,nflverse
Ernie Conwell,TE,TE,STL,2002,16,0,0,0,6,30,1,34,419,2,nflverse
Tim Couch,QB,QB,CLE,2002,14,2842,18,18,23,77,0,0,0,0,nflverse
Zack Crockett,RB,RB,OAK,2002,14,0,0,0,40,118,8,0,0,0,nflverse
Germane Crowell,WR,WR,DET,2002,9,0,0,0,0,0,0,22,201,1,nflverse
Daunte Culpepper,QB,QB,MIN,2002,16,3853,18,23,106,609,10,0,0,0,nflverse
John Davis,TE,TE,CHI,2002,10,0,0,0,0,0,0,20,193,3,nflverse
Stephen Davis,RB,RB,WAS,2002,12,0,0,0,207,820,7,23,142,1,nflverse
Trent Dilfer,QB,QB,SEA,2002,6,1182,4,6,10,27,0,0,0,0,nflverse
Ken Dilger,TE,TE,TB,2002,15,0,0,0,0,0,0,34,329,2,nflverse
Corey Dillon,RB,RB,CIN,2002,16,0,0,0,314,1311,7,43,298,0,nflverse
Chris Doering,WR,WR,WAS,2002,14,0,0,0,0,0,0,18,192,2,nflverse
Donald Driver,WR,WR,GB,2002,16,0,0,0,8,70,0,70,1064,9,nflverse
Rickey Dudley,TE,TE,TB,2002,13,0,0,0,0,0,0,16,192,3,nflverse
Warrick Dunn,RB,RB,ATL,2002,15,0,0,0,230,927,7,50,377,2,nflverse
Tim Dwight,WR,WR,SD,2002,16,0,0,0,12,108,1,50,623,2,nflverse
Kevin Dyson,WR,WR,TEN,2002,11,0,0,0,2,-4,0,41,460,4,nflverse
Marc Edwards,FB,RB,NE,2002,15,0,0,0,31,96,0,23,196,0,nflverse
Robert Edwards,RB,RB,MIA,2002,11,0,0,0,20,107,1,18,126,1,nflverse
Troy Edwards,WR,WR,STL,2002,11,0,0,0,3,21,0,18,157,2,nflverse
Bobby Engram,WR,WR,SEA,2002,15,0,0,0,0,0,0,50,619,0,nflverse
Kevin Faulk,RB,RB,NE,2002,15,0,0,0,52,271,2,37,379,3,nflverse
Marshall Faulk,RB,RB,STL,2002,14,0,0,0,212,953,8,80,537,2,nflverse
Christian Fauria,TE,TE,NE,2002,15,0,0,0,0,0,0,27,253,7,nflverse
Brett Favre,QB,QB,GB,2002,16,3658,27,16,25,73,0,0,0,0,nflverse
Jay Fiedler,QB,QB,MIA,2002,11,2024,14,9,28,99,3,0,0,0,nflverse
Brian Finneran,WR,WR,ATL,2002,16,0,0,0,0,0,0,56,838,6,nflverse
Antonio Freeman,WR,WR,PHI,2002,15,0,0,0,0,0,0,46,600,4,nflverse
Oronde Gadsden,WR,WR,MIA,2002,6,0,0,0,0,0,0,16,228,0,nflverse
Joey Galloway,WR,WR,DAL,2002,16,0,0,0,4,31,0,61,908,6,nflverse
Rich Gannon,QB,QB,OAK,2002,16,4689,26,10,50,156,3,0,0,0,nflverse
Jeff Garcia,QB,QB,SF,2002,16,3344,21,10,73,353,3,0,0,0,nflverse
Charlie Garner,RB,RB,OAK,2002,16,0,0,0,182,962,7,91,941,4,nflverse
Olandis Gary,RB,RB,DEN,2002,9,0,0,0,37,147,1,18,148,0,nflverse
Eddie George,RB,RB,TEN,2002,16,0,0,0,343,1165,12,36,255,2,nflverse
Terry Glenn,WR,WR,GB,2002,15,0,0,0,0,0,0,56,817,2,nflverse
Tony Gonzalez,TE,TE,KC,2002,16,0,0,0,0,0,0,63,773,7,nflverse
Ahman Green,RB,RB,GB,2002,14,0,0,0,286,1240,7,57,393,2,nflverse
Trent Green,QB,QB,KC,2002,16,3690,26,13,31,225,1,0,0,0,nflverse
Brian Griese,QB,QB,DEN,2002,13,3214,15,15,37,107,1,0,0,0,nflverse
Az-Zahir Hakim,WR,WR,DET,2002,10,0,0,0,4,3,0,37,541,3,nflverse
Patrick Hape,TE,TE,DEN,2002,8,0,0,0,0,0,0,6,26,2,nflverse
Marvin Harrison,WR,WR,IND,2002,16,0,0,0,2,10,0,143,1722,11,nflverse
Matt Hasselbeck,QB,QB,SEA,2002,13,3075,15,10,40,202,1,0,0,0,nflverse
Donald Hayes,WR,WR,NE,2002,11,0,0,0,0,0,0,12,133,2,nflverse
Garrison Hearst,RB,RB,SF,2002,16,0,0,0,215,972,8,48,317,1,nflverse
William Henderson,FB,RB,GB,2002,14,0,0,0,7,27,1,26,168,3,nflverse
Ike Hilliard,WR,WR,NYG,2002,7,0,0,0,1,7,0,27,386,2,nflverse
Kelly Holcomb,QB,QB,CLE,2002,4,790,8,4,8,9,0,0,0,0,nflverse
Robert Holcombe,FB,RB,TEN,2002,8,0,0,0,47,242,0,10,91,0,nflverse
Priest Holmes,RB,RB,KC,2002,14,0,0,0,313,1615,21,70,672,3,nflverse
Torry Holt,WR,WR,STL,2002,16,0,0,0,2,18,0,91,1302,4,nflverse
Joe Horn,WR,WR,NO,2002,16,0,0,0,1,2,0,88,1312,7,nflverse
Qadry Ismail,WR,WR,IND,2002,14,0,0,0,0,0,0,44,462,3,nflverse
Willie Jackson,WR,WR,WAS,2002,12,0,0,0,0,0,0,25,257,1,nflverse
Edgerrin James,RB,RB,IND,2002,14,0,0,0,277,989,2,61,354,1,nflverse
Shawn Jefferson,WR,WR,ATL,2002,13,0,0,0,0,0,0,27,394,1,nflverse
MarTay Jenkins,WR,WR,ARI,2002,8,0,0,0,3,6,0,21,250,1,nflverse
Brad Johnson,QB,QB,TB,2002,13,3049,22,6,13,30,0,0,0,0,nflverse
Kevin Johnson,WR,WR,CLE,2002,16,33,1,0,0,0,0,67,703,4,nflverse
Keyshawn Johnson,WR,WR,TB,2002,16,0,0,0,0,0,0,76,1088,5,nflverse
Leon Johnson,RB,RB,CHI,2002,16,27,0,0,103,329,1,16,125,0,nflverse
Pat Johnson,WR,WR,CLE,2002,8,0,0,0,1,-9,0,9,187,2,nflverse
Rob Johnson,QB,QB,TB,2002,6,536,1,2,14,73,0,0,0,0,nflverse
Freddie Jones,TE,TE,ARI,2002,15,0,0,0,0,0,0,44,358,1,nflverse
Joe Jurevicius,WR,WR,TB,2002,13,0,0,0,0,0,0,37,423,4,nflverse
Eddie Kennison,WR,WR,KC,2002,16,0,0,0,7,58,0,53,906,2,nflverse
Jon Kitna,QB,QB,CIN,2002,13,3178,16,16,24,57,4,0,0,0,nflverse
Jimmy Kleinsasser,TE,TE,MIN,2002,14,0,0,0,6,17,0,37,393,1,nflverse
Rob Konrad,FB,RB,MIA,2002,15,0,0,0,3,2,0,34,233,3,nflverse
Dorsey Levens,RB,RB,PHI,2002,16,0,0,0,75,411,1,19,124,1,nflverse
Chad Lewis,TE,TE,PHI,2002,15,0,0,0,0,0,0,42,398,3,nflverse
Kevin Lockett,WR,WR,JAC,2002,12,14,1,0,0,0,0,16,205,4,nflverse
Ray Lucas,QB,QB,MIA,2002,7,1045,4,6,36,126,2,0,0,0,nflverse
Stacey Mack,RB,RB,JAC,2002,16,0,0,0,98,436,9,11,79,0,nflverse
Tommy Maddox,QB,QB,PIT,2002,12,2836,20,16,19,43,0,0,0,0,nflverse
Joel Makovicka,FB,RB,ARI,2002,10,0,0,0,5,54,0,15,81,3,nflverse
Peyton Manning,QB,QB,IND,2002,16,4200,27,19,38,148,2,0,0,0,nflverse
Curtis Martin,RB,RB,NYJ,2002,16,0,0,0,261,1094,7,49,362,0,nflverse
Jamie Martin,QB,QB,STL,2002,5,1216,7,10,5,6,0,0,0,0,nflverse
Derrick Mason,WR,WR,TEN,2002,14,0,0,0,0,0,0,79,1012,5,nflverse
Terance Mathis,WR,WR,PIT,2002,12,0,0,0,0,0,0,23,218,2,nflverse
Shane Matthews,QB,QB,WAS,2002,7,1251,11,6,12,31,0,1,-13,0,nflverse
Ed McCaffrey,WR,WR,DEN,2002,16,0,0,0,2,22,0,69,903,2,nflverse
Keenan McCardell,WR,WR,TB,2002,14,0,0,0,1,3,0,61,670,6,nflverse
Fred McCrary,RB,RB,SD,2002,14,0,0,0,2,1,0,22,96,3,nflverse
Tony McGee,TE,TE,DAL,2002,13,0,0,0,0,0,0,23,294,1,nflverse
James McKnight,WR,WR,MIA,2002,14,0,0,0,7,58,0,29,528,2,nflverse
Donovan McNabb,QB,QB,PHI,2002,10,2289,17,6,63,460,6,0,0,0,nflverse
Steve McNair,QB,QB,TEN,2002,16,3387,22,15,82,440,3,0,0,0,nflverse
Itula Mili,TE,TE,SEA,2002,15,0,0,0,0,0,0,43,508,2,nflverse
Billy Miller,TE,TE,HOU,2002,14,0,0,0,0,0,0,51,613,3,nflverse
Jim Miller,QB,QB,CHI,2002,10,1944,13,9,13,11,0,0,0,0,nflverse
Pete Mitchell,TE,TE,JAC,2002,13,0,0,0,0,0,0,25,246,2,nflverse
Dave Moore,TE,TE,BUF,2002,10,0,0,0,0,0,0,16,141,2,nflverse
Johnnie Morton,WR,WR,KC,2002,14,0,0,0,10,124,0,29,397,1,nflverse
Randy Moss,WR,WR,MIN,2002,16,13,1,0,6,51,0,106,1347,7,nflverse
Eric Moulds,WR,WR,BUF,2002,16,0,0,0,1,7,0,100,1292,10,nflverse
Muhsin Muhammad,WR,WR,CAR,2002,14,0,0,0,3,40,0,63,823,3,nflverse
Terrell Owens,WR,WR,SF,2002,14,0,0,0,7,79,1,100,1300,13,nflverse
Jerome Pathon,WR,WR,NO,2002,14,0,0,0,0,0,0,43,523,4,nflverse
David Patten,WR,WR,NE,2002,16,0,0,0,2,6,0,61,824,5,nflverse
Rodney Peete,QB,QB,CAR,2002,14,2630,15,14,22,14,0,0,0,0,nflverse
Michael Pittman,RB,RB,TB,2002,16,0,0,0,204,718,1,59,477,0,nflverse
Jake Plummer,QB,QB,ARI,2002,16,2972,18,20,46,283,2,1,2,0,nflverse
Marcus Pollard,TE,TE,IND,2002,15,0,0,0,0,0,0,43,478,6,nflverse
Peerless Price,WR,WR,BUF,2002,16,0,0,0,3,-13,0,94,1252,9,nflverse
Ricky Proehl,WR,WR,STL,2002,15,0,0,0,0,0,0,43,466,4,nflverse
Jake Reed,WR,WR,NO,2002,12,0,0,0,0,0,0,21,360,3,nflverse
Jerry Rice,WR,WR,OAK,2002,16,0,0,0,3,20,0,92,1211,7,nflverse
Tony Richardson,FB,RB,KC,2002,13,0,0,0,22,81,2,18,125,1,nflverse
Mikhael Ricks,TE,TE,DET,2002,14,0,0,0,0,0,0,27,339,3,nflverse
Jay Riemersma,TE,TE,BUF,2002,16,0,0,0,0,0,0,32,350,0,nflverse
Marcus Robinson,WR,WR,CHI,2002,15,0,0,0,0,0,0,21,244,3,nflverse
Frank Sanders,WR,WR,ARI,2002,11,0,0,0,3,2,0,34,400,2,nflverse
Cory Schlesinger,FB,RB,DET,2002,15,0,0,0,49,139,2,35,263,0,nflverse
Bill Schroeder,WR,WR,DET,2002,14,0,0,0,0,0,0,36,595,5,nflverse
Darnay Scott,WR,WR,DAL,2002,14,0,0,0,1,14,0,22,218,1,nflverse
Shannon Sharpe,TE,TE,DEN,2002,13,0,0,0,0,0,0,61,686,3,nflverse
Bobby Shaw,WR,WR,JAC,2002,16,0,0,0,0,0,0,44,525,1,nflverse
Antowain Smith,RB,RB,NE,2002,16,0,0,0,252,982,6,31,243,2,nflverse
Emmitt Smith,RB,RB,DAL,2002,16,0,0,0,254,975,5,16,89,0,nflverse
Jimmy Smith,WR,WR,JAC,2002,16,0,0,0,1,2,0,80,1027,7,nflverse
Lamar Smith,RB,RB,CAR,2002,11,0,0,0,209,737,7,20,167,0,nflverse
Rod Smith,WR,WR,DEN,2002,16,0,0,0,6,9,0,89,1027,5,nflverse
Duce Staley,RB,RB,PHI,2002,16,0,0,0,269,1029,5,51,541,3,nflverse
Aaron Stecker,RB,RB,TB,2002,16,0,0,0,28,174,0,13,69,0,nflverse
James Stewart,RB,RB,DET,2002,14,0,0,0,231,1021,4,46,333,2,nflverse
Kordell Stewart,QB,QB,PIT,2002,7,1155,6,6,43,191,2,0,0,0,nflverse
J.J. Stokes,WR,WR,SF,2002,12,0,0,0,0,0,0,32,332,1,nflverse
Brandon Stokley,WR,WR,BAL,2002,8,0,0,0,6,31,0,24,357,2,nflverse
Tai Streets,WR,WR,SF,2002,15,0,0,0,0,0,0,72,756,5,nflverse
Mack Strong,FB,RB,SEA,2002,15,0,0,0,23,94,0,22,120,2,nflverse
Fred Taylor,RB,RB,JAC,2002,16,0,0,0,287,1314,8,49,408,0,nflverse
Vinny Testaverde,QB,QB,NYJ,2002,5,499,3,3,2,23,0,0,0,0,nflverse
Jeff Thomason,TE,TE,PHI,2002,16,0,0,0,0,0,0,10,128,2,nflverse
Derrius Thompson,WR,WR,WAS,2002,16,0,0,0,10,77,0,53,773,4,nflverse
James Thrash,WR,WR,PHI,2002,16,0,0,0,18,126,2,52,635,6,nflverse
Amani Toomer,WR,WR,NYG,2002,16,0,0,0,1,2,0,82,1343,8,nflverse
Wesley Walls,TE,TE,CAR,2002,13,0,0,0,0,0,0,19,241,4,nflverse
Hines Ward,WR,WR,PIT,2002,16,0,0,0,12,142,0,112,1329,12,nflverse
Kurt Warner,QB,QB,STL,2002,7,1431,3,11,8,33,0,0,0,0,nflverse
Lamont Warren,RB,RB,DET,2002,2,0,0,0,6,8,0,4,56,2,nflverse
Jed Weaver,TE,TE,MIA,2002,11,0,0,0,0,0,0,6,75,3,nflverse
Michael Westbrook,WR,WR,CIN,2002,8,0,0,0,1,1,0,8,94,2,nflverse
Tyrone Wheatley,RB,RB,OAK,2002,14,0,0,0,108,419,2,12,71,0,nflverse
Moe Williams,RB,RB,MIN,2002,16,0,0,0,84,414,11,27,251,0,nflverse
Nicolas Luchey,RB,RB,CIN,2002,10,0,0,0,12,59,2,7,46,0,nflverse
Ricky Williams,RB,RB,MIA,2002,16,0,0,0,383,1853,16,47,363,1,nflverse
Roland Williams,TE,TE,OAK,2002,13,0,0,0,0,0,0,27,213,0,nflverse
Danny Wuerffel,QB,QB,WAS,2002,7,719,3,6,10,76,0,0,0,0,nflverse
Frank Wycheck,TE,TE,TEN,2002,14,13,0,0,0,0,0,40,346,2,nflverse
Amos Zereoue,RB,RB,PIT,2002,16,0,0,0,193,762,4,42,341,0,nflverse
Alan Ricard,RB,RB,BAL,2002,12,0,0,0,14,58,2,10,60,0,nflverse
Laveranues Coles,WR,WR,NYJ,2002,16,0,0,0,6,39,0,89,1264,5,nflverse
Jamel White,RB,RB,CLE,2002,14,0,0,0,106,470,3,63,452,0,nflverse
Brad Hoover,FB,RB,CAR,2002,16,0,0,0,31,129,0,17,187,2,nflverse
Zeron Flemister,TE,TE,WAS,2002,14,0,0,0,0,0,0,10,146,2,nflverse
Peter Warrick,WR,WR,CIN,2002,15,0,0,0,8,22,0,53,606,6,nflverse
Anthony Becht,TE,TE,NYJ,2002,15,0,0,0,0,0,0,28,243,5,nflverse
JaJuan Dawson,WR,WR,HOU,2002,13,0,0,0,0,0,0,21,286,0,nflverse
Dustin Lyman,TE,TE,CHI,2002,6,0,0,0,0,0,0,14,121,2,nflverse
Troy Hambrick,RB,RB,DAL,2002,16,0,0,0,79,317,1,21,99,0,nflverse
Dante Hall,WR,WR,KC,2002,16,0,0,0,11,54,0,20,322,3,nflverse
Troy Walters,WR,WR,IND,2002,16,0,0,0,2,33,0,18,207,0,nflverse
Chad Pennington,QB,QB,NYJ,2002,15,3120,22,6,29,49,2,0,0,0,nflverse
Mike Anderson,RB,RB,DEN,2002,15,0,0,0,84,386,2,18,167,2,nflverse
Tom Brady,QB,QB,NE,2002,16,3764,28,14,42,110,1,0,0,0,nflverse
Marc Bulger,QB,QB,STL,2002,7,1826,14,6,12,-13,1,1,3,0,nflverse
Michael L. Lewis,WR,WR,NO,2002,16,0,0,0,1,15,0,8,200,0,nflverse
Todd Pinkston,WR,WR,PHI,2002,15,0,0,0,1,-15,0,60,798,7,nflverse
Reuben Droughns,RB,RB,DEN,2002,14,0,0,0,4,11,1,5,53,1,nflverse
Michael Wiley,RB,RB,DAL,2002,16,0,0,0,22,168,1,13,144,0,nflverse
Thomas Jones,RB,RB,ARI,2002,9,0,0,0,138,511,2,20,113,0,nflverse
Plaxico Burress,WR,WR,PIT,2002,16,0,0,0,0,0,0,78,1325,7,nflverse
Ron Dayne,RB,RB,NYG,2002,16,0,0,0,125,428,3,11,49,0,nflverse
Bubba Franks,TE,TE,GB,2002,16,31,1,0,0,0,0,54,442,7,nflverse
Shaun Alexander,RB,RB,SEA,2002,16,0,0,0,295,1175,16,59,460,2,nflverse
Dennis Northcutt,WR,WR,CLE,2002,13,0,0,0,8,104,1,38,601,5,nflverse
Dez White,WR,WR,CHI,2002,16,0,0,0,3,11,0,51,656,4,nflverse
Ron Dixon,WR,WR,NYG,2002,10,0,0,0,0,0,0,22,377,2,nflverse
Darrell Jackson,WR,WR,SEA,2002,13,0,0,0,3,3,0,62,877,4,nflverse
Trevor Gaylor,WR,WR,ATL,2002,11,0,0,0,0,0,0,25,385,3,nflverse
Jamal Lewis,RB,RB,BAL,2002,16,0,0,0,308,1327,6,47,442,1,nflverse
Jerry Porter,WR,WR,OAK,2002,16,0,0,0,4,6,0,51,688,9,nflverse
Ron Dugans,WR,WR,CIN,2002,16,0,0,0,0,0,0,47,421,0,nflverse
Chris Redman,QB,QB,BAL,2002,6,1034,7,3,10,8,0,0,0,0,nflverse
Travis Taylor,WR,WR,BAL,2002,16,0,0,0,11,105,0,61,869,6,nflverse
Henry Burris,QB,QB,CHI,2002,6,207,3,5,15,104,0,0,0,0,nflverse
Aveion Cason,RB,RB,DET,2002,10,0,0,0,26,107,0,19,288,2,nflverse
Kenny Watson,RB,RB,WAS,2002,16,0,0,0,116,534,1,32,253,1,nflverse
Nick Goings,RB,RB,CAR,2002,13,0,0,0,50,188,0,18,91,0,nflverse
Drew Bennett,WR,WR,TEN,2002,16,0,0,0,0,0,0,33,478,2,nflverse
Marcel Shipp,RB,RB,ARI,2002,15,0,0,0,188,834,6,38,413,3,nflverse
Boo Williams,TE,TE,NO,2002,12,0,0,0,0,0,0,13,143,2,nflverse
Mike Vick,QB,QB,ATL,2002,15,2936,16,8,113,777,8,0,16,0,nflverse
Kevin Kasper,WR,WR,ARI,2002,12,0,0,0,3,19,0,15,180,3,nflverse
Alge Crumpler,TE,TE,ATL,2002,16,0,0,0,0,0,0,36,455,5,nflverse
A.J. Feeley,QB,QB,PHI,2002,6,1011,6,5,12,6,0,0,0,0,nflverse
Mike McMahon,QB,QB,DET,2002,8,874,7,9,14,96,3,1,7,0,nflverse
Steve Smith,WR,WR,CAR,2002,15,0,0,0,1,-4,0,54,872,3,nflverse
Quentin McCord,WR,WR,ATL,2002,6,0,0,0,0,0,0,11,253,1,nflverse
Scotty Anderson,WR,WR,DET,2002,15,0,0,0,0,0,0,25,322,1,nflverse
Dee Brown,RB,RB,CAR,2002,12,0,0,1,102,360,4,17,86,1,nflverse
Justin McCareins,WR,WR,TEN,2002,16,0,0,0,2,18,0,19,301,2,nflverse
Chad Johnson,WR,WR,CIN,2002,16,0,0,0,0,0,0,69,1166,5,nflverse
Anthony Thomas,RB,RB,CHI,2002,12,0,0,0,214,721,6,24,163,0,nflverse
Quincy Carter,QB,QB,DAL,2002,7,1465,7,8,27,91,0,0,0,0,nflverse
Ken-Yon Rambo,WR,WR,DAL,2002,13,0,0,0,0,0,0,14,211,0,nflverse
Quincy Morgan,WR,WR,CLE,2002,16,0,0,0,3,7,0,56,964,7,nflverse
Robert Ferguson,WR,WR,GB,2002,14,0,0,0,0,0,0,22,293,3,nflverse
T.J. Houshmandzadeh,WR,WR,CIN,2002,15,0,0,0,0,0,0,41,492,1,nflverse
Chris Chambers,WR,WR,MIA,2002,15,0,0,0,6,78,0,52,734,3,nflverse
Travis Minor,RB,RB,MIA,2002,16,0,0,0,44,180,2,0,0,0,nflverse
Eric Johnson,TE,TE,SF,2002,12,0,0,0,0,0,0,36,321,0,nflverse
LaMont Jordan,RB,RB,NYJ,2002,14,0,0,0,84,316,3,17,160,0,nflverse
Darnerien McCants,WR,WR,WAS,2002,8,0,0,0,1,9,0,21,256,2,nflverse
Travis Henry,RB,RB,BUF,2002,16,0,0,0,325,1438,13,43,309,1,nflverse
Kevan Barlow,RB,RB,SF,2002,14,0,0,0,145,675,4,14,136,1,nflverse
Koren Robinson,WR,WR,SEA,2002,16,0,0,0,8,56,0,78,1240,5,nflverse
Santana Moss,WR,WR,NYJ,2002,15,0,0,0,7,48,0,30,433,4,nflverse
Reggie Wayne,WR,WR,IND,2002,15,0,0,0,0,0,0,49,716,4,nflverse
David Terrell,WR,WR,CHI,2002,5,0,0,0,0,0,0,9,127,3,nflverse
Michael Bennett,RB,RB,MIN,2002,16,0,0,0,255,1296,5,37,351,1,nflverse
Todd Heap,TE,TE,BAL,2002,16,0,0,0,4,38,0,68,836,6,nflverse
Rod Gardner,WR,WR,WAS,2002,16,0,0,0,1,1,0,71,1006,8,nflverse
Deuce McAllister,RB,RB,NO,2002,15,0,0,0,325,1388,13,47,352,3,nflverse
Drew Brees,QB,QB,SD,2002,16,3284,17,16,38,130,1,0,0,0,nflverse
LaDainian Tomlinson,RB,RB,SD,2002,16,0,0,0,372,1683,14,79,489,1,nflverse
Chad Hutchinson,QB,QB,DAL,2002,9,1555,7,8,18,74,0,0,0,0,nflverse
Marc Boerigter,WR,WR,KC,2002,15,0,0,0,0,0,0,20,420,8,nflverse
David Carr,QB,QB,HOU,2002,16,2592,9,15,59,282,3,0,0,0,nflverse
James Mungro,RB,RB,IND,2002,9,0,0,0,97,336,8,13,81,0,nflverse
Kelly Campbell,WR,WR,MIN,2002,6,0,0,0,1,11,0,13,176,3,nflverse
Josh Norman,TE,TE,SD,2002,9,0,0,0,0,0,0,16,201,1,nflverse
Charles Stackhouse,RB,RB,NYG,2002,14,0,0,0,0,0,0,13,88,3,nflverse
Eric Parker,WR,WR,SD,2002,7,0,0,0,0,0,0,17,268,1,nflverse
Tony Fisher,RB,RB,GB,2002,13,0,0,0,70,283,2,18,70,0,nflverse
John Simon,RB,RB,TEN,2002,11,0,0,0,9,18,1,16,167,3,nflverse
Matt Schobel,TE,TE,CIN,2002,15,0,0,0,0,0,0,27,212,2,nflverse
Jason McAddley,WR,WR,ARI,2002,9,0,0,0,0,0,0,25,362,1,nflverse
Joey Harrington,QB,QB,DET,2002,14,2294,12,16,7,4,0,0,0,0,nflverse
Donte' Stallworth,WR,WR,NO,2002,13,0,0,0,2,2,0,42,594,8,nflverse
Jeremy Shockey,TE,TE,NYG,2002,15,0,0,0,0,0,0,74,894,2,nflverse
William Green,RB,RB,CLE,2002,16,0,0,0,243,887,6,16,113,0,nflverse
Ashley Lelie,WR,WR,DEN,2002,15,0,0,0,4,40,0,35,525,2,nflverse
Javon Walker,WR,WR,GB,2002,14,0,0,0,1,11,0,23,319,1,nflverse
Jerramy Stevens,TE,TE,SEA,2002,11,0,0,0,0,0,0,26,252,3,nflverse
Jabar Gaffney,WR,WR,HOU,2002,16,39,1,0,0,0,0,41,483,1,nflverse
Josh Reed,WR,WR,BUF,2002,16,0,0,0,0,0,0,37,509,2,nflverse
Andre Davis,WR,WR,CLE,2002,16,0,0,0,3,7,0,37,420,6,nflverse
Reche Caldwell,WR,WR,SD,2002,14,20,0,0,2,9,0,22,208,3,nflverse
Clinton Portis,RB,RB,DEN,2002,16,0,0,0,273,1508,15,33,364,2,nflverse
Doug Jolley,TE,TE,OAK,2002,14,0,0,0,0,0,0,32,409,2,nflverse
Ladell Betts,RB,RB,WAS,2002,11,0,0,0,65,307,1,12,154,0,nflverse
Antwaan Randle El,WR,WR,PIT,2002,16,45,0,0,19,134,0,47,489,2,nflverse
Antonio Bryant,WR,WR,DAL,2002,16,0,0,0,6,40,0,44,733,6,nflverse
Deion Branch,WR,WR,NE,2002,13,0,0,0,2,0,0,43,489,2,nflverse
Lamar Gordon,RB,RB,STL,2002,12,0,0,0,65,228,1,30,278,2,nflverse
Brian Westbrook,RB,RB,PHI,2002,14,25,1,0,46,193,0,9,86,0,nflverse
Jonathan Wells,RB,RB,HOU,2002,16,0,0,0,197,529,3,9,48,0,nflverse
Randy McMichael,TE,TE,MIA,2002,16,0,0,0,1,8,0,39,485,4,nflverse
Najeh Davenport,RB,RB,GB,2002,8,0,0,0,39,184,1,5,33,0,nflverse
Chester Taylor,RB,RB,BAL,2002,15,0,0,0,33,122,0,14,129,2,nflverse
T.J. Duckett,RB,RB,ATL,2002,12,0,0,0,130,507,4,9,61,0,nflverse
Patrick Ramsey,QB,QB,WAS,2002,9,1539,9,8,13,-1,1,0,0,0,nflverse
Mike Alstott,FB,RB,TB,2003,4,0,0,0,27,77,2,10,83,0,nflverse
Richie Anderson,FB,RB,DAL,2003,15,0,0,0,70,306,1,69,493,4,nflverse
Tony Banks,QB,QB,HOU,2003,6,693,5,3,6,27,0,0,0,0,nflverse
Tiki Barber,RB,RB,NYG,2003,16,0,0,0,278,1215,2,69,461,1,nflverse
Fred Beasley,FB,RB,SF,2003,14,0,0,0,17,24,0,19,184,1,nflverse
Brandon Bennett,RB,RB,CIN,2003,15,0,0,0,56,173,0,25,176,1,nflverse
Jerome Bettis,RB,RB,PIT,2003,16,0,0,0,246,811,7,13,86,0,nflverse
Jeff Blake,QB,QB,ARI,2003,13,2252,13,15,30,177,2,0,0,0,nflverse
Drew Bledsoe,QB,QB,BUF,2003,16,2860,11,12,23,29,2,0,0,0,nflverse
Marty Booker,WR,WR,CHI,2003,13,0,0,0,3,-7,0,52,715,4,nflverse
David Boston,WR,WR,LAC,2003,14,0,0,0,3,18,0,70,880,7,nflverse
Corey Bradford,WR,WR,HOU,2003,14,0,0,0,0,0,0,24,460,4,nflverse
Kyle Brady,TE,TE,JAX,2003,14,0,0,0,0,0,0,29,281,1,nflverse
Aaron Brooks,QB,QB,NO,2003,16,3546,24,8,52,183,2,0,0,0,nflverse
Tim Brown,WR,WR,LV,2003,16,0,0,0,1,4,0,51,563,2,nflverse
Troy Brown,WR,WR,NE,2003,12,0,0,0,6,27,0,40,472,4,nflverse
Isaac Bruce,WR,WR,LA,2003,14,66,0,0,2,17,0,69,981,5,nflverse
Shawn Bryson,RB,RB,DET,2003,16,0,0,0,158,606,3,54,340,0,nflverse
Mark Campbell,TE,TE,BUF,2003,13,0,0,0,0,0,0,34,339,1,nflverse
Chris Chandler,QB,QB,CHI,2003,8,1050,3,7,14,35,0,0,0,0,nflverse
Wayne Chrebet,WR,WR,NYJ,2003,7,0,0,0,0,0,0,27,289,1,nflverse
Desmond Clark,TE,TE,CHI,2003,15,0,0,0,0,0,0,44,433,2,nflverse
Mike Cloud,RB,RB,NE,2003,5,0,0,0,27,118,5,1,8,0,nflverse
Kerry Collins,QB,QB,NYG,2003,13,3110,13,16,17,49,0,0,0,0,nflverse
Curtis Conway,WR,WR,NYJ,2003,16,0,0,0,0,0,0,46,640,2,nflverse
Ernie Conwell,TE,TE,NO,2003,9,0,0,0,0,0,0,26,290,2,nflverse
Tim Couch,QB,QB,CLE,2003,10,1319,7,6,11,39,1,1,-3,0,nflverse
Zack Crockett,RB,RB,LV,2003,14,0,0,0,48,145,7,7,53,0,nflverse
Daunte Culpepper,QB,QB,MIN,2003,14,3479,25,11,72,422,4,0,0,0,nflverse
Stephen Davis,RB,RB,CAR,2003,14,0,0,0,318,1444,8,14,159,0,nflverse
Jake Delhomme,QB,QB,CAR,2003,16,3219,19,16,42,43,1,0,0,0,nflverse
Ken Dilger,TE,TE,TB,2003,13,0,0,0,0,0,0,22,244,1,nflverse
Corey Dillon,RB,RB,CIN,2003,13,0,0,0,138,541,2,11,71,0,nflverse
Chris Doering,WR,WR,PIT,2003,10,0,0,0,0,0,0,18,240,1,nflverse
Donald Driver,WR,WR,GB,2003,15,0,0,0,5,51,0,52,621,2,nflverse
Jason Dunn,TE,TE,KC,2003,7,0,0,0,0,0,0,5,35,3,nflverse
Warrick Dunn,RB,RB,ATL,2003,11,0,0,0,125,672,3,37,336,2,nflverse
Tim Dwight,WR,WR,LAC,2003,8,0,0,0,9,88,0,14,193,0,nflverse
Marc Edwards,FB,RB,JAX,2003,14,0,0,0,7,13,1,31,226,0,nflverse
Troy Edwards,WR,WR,JAX,2003,12,0,0,0,3,-9,0,35,487,3,nflverse
Bobby Engram,WR,WR,SEA,2003,16,0,0,0,0,0,0,52,640,6,nflverse
Kevin Faulk,RB,RB,NE,2003,15,0,0,0,178,638,0,48,440,0,nflverse
Marshall Faulk,RB,RB,LA,2003,11,0,0,0,209,818,10,45,290,1,nflverse
Christian Fauria,TE,TE,NE,2003,14,0,0,0,0,0,0,28,285,2,nflverse
Brett Favre,QB,QB,GB,2003,16,3361,32,21,18,15,0,0,0,0,nflverse
Jay Fiedler,QB,QB,MIA,2003,12,2138,11,13,33,95,3,0,0,0,nflverse
Brian Finneran,WR,WR,ATL,2003,11,0,0,0,0,0,0,26,368,2,nflverse
Doug Flutie,QB,QB,LAC,2003,7,1097,9,4,33,168,2,0,0,0,nflverse
Gus Frerotte,QB,QB,MIN,2003,5,690,7,2,12,-2,0,0,0,0,nflverse
Joey Galloway,WR,WR,DAL,2003,13,0,0,0,4,22,0,34,672,2,nflverse
Rich Gannon,QB,QB,LV,2003,7,1270,6,4,6,18,0,0,0,0,nflverse
Jeff Garcia,QB,QB,SF,2003,13,2704,18,13,54,325,7,1,6,0,nflverse
Charlie Garner,RB,RB,LV,2003,14,0,0,0,120,553,3,48,386,1,nflverse
Olandis Gary,RB,RB,DET,2003,13,0,0,0,113,384,2,13,69,0,nflverse
Eddie George,RB,RB,TEN,2003,16,0,0,0,312,1031,5,22,163,0,nflverse
Terry Glenn,WR,WR,DAL,2003,14,0,0,0,3,55,0,52,754,5,nflverse
Tony Gonzalez,TE,TE,KC,2003,16,0,0,0,0,0,0,71,915,10,nflverse
Ahman Green,RB,RB,GB,2003,16,0,0,0,355,1883,15,50,367,5,nflverse
Trent Green,QB,QB,KC,2003,16,4039,24,12,26,83,2,0,0,0,nflverse
Brian Griese,QB,QB,MIA,2003,5,813,5,6,5,15,0,0,0,0,nflverse
Az-Zahir Hakim,WR,WR,DET,2003,13,21,0,0,3,51,0,49,449,4,nflverse
Marvin Harrison,WR,WR,IND,2003,15,0,0,0,1,3,0,94,1272,10,nflverse
Matt Hasselbeck,QB,QB,SEA,2003,16,3844,26,15,36,125,2,0,0,0,nflverse
Matt Hatchette,WR,WR,JAX,2003,6,0,0,0,0,0,0,15,203,2,nflverse
Garrison Hearst,RB,RB,SF,2003,12,0,0,0,178,768,3,25,211,1,nflverse
William Henderson,FB,RB,GB,2003,13,0,0,0,0,0,0,24,214,3,nflverse
Ike Hilliard,WR,WR,NYG,2003,13,0,0,0,2,19,0,60,608,6,nflverse
James Hodgins,RB,RB,ARI,2003,10,0,0,0,2,6,0,14,58,2,nflverse
Kelly Holcomb,QB,QB,CLE,2003,10,1797,10,12,8,7,0,0,0,0,nflverse
Robert Holcombe,FB,RB,TEN,2003,15,0,0,0,63,201,1,19,140,1,nflverse
Priest Holmes,RB,RB,KC,2003,16,0,0,0,320,1420,27,74,690,0,nflverse
Torry Holt,WR,WR,LA,2003,16,0,0,0,1,5,0,117,1696,12,nflverse
Joe Horn,WR,WR,NO,2003,15,14,0,0,2,15,0,78,973,10,nflverse
Edgerrin James,RB,RB,IND,2003,13,0,0,0,309,1257,11,51,292,0,nflverse
Brad Johnson,QB,QB,TB,2003,16,3821,26,21,25,33,0,0,0,0,nflverse
Kevin Johnson,WR,WR,JAX,2003,15,0,0,0,0,0,0,58,634,3,nflverse
Keyshawn Johnson,WR,WR,TB,2003,10,0,0,0,0,0,0,45,601,3,nflverse
Freddie Jones,TE,TE,ARI,2003,15,0,0,0,0,0,0,55,517,3,nflverse
Joe Jurevicius,WR,WR,TB,2003,4,0,0,0,0,0,0,12,118,2,nflverse
Eddie Kennison,WR,WR,KC,2003,16,0,0,0,2,9,0,56,854,5,nflverse
Jon Kitna,QB,QB,CIN,2003,16,3605,26,15,38,117,0,0,0,0,nflverse
Jimmy Kleinsasser,TE,TE,MIN,2003,15,0,0,0,2,15,0,46,401,4,nflverse
Dorsey Levens,RB,RB,NYG,2003,11,0,0,0,68,197,3,5,39,0,nflverse
Chad Lewis,TE,TE,PHI,2003,15,0,0,0,0,0,0,23,293,1,nflverse
Stacey Mack,RB,RB,HOU,2003,8,0,0,1,93,253,4,9,55,0,nflverse
Tommy Maddox,QB,QB,PIT,2003,16,3414,18,17,13,12,0,0,0,0,nflverse
Peyton Manning,QB,QB,IND,2003,16,4267,29,10,27,29,0,1,-2,0,nflverse
Curtis Martin,RB,RB,NYJ,2003,16,0,0,0,323,1308,2,42,262,0,nflverse
Derrick Mason,WR,WR,TEN,2003,16,0,0,0,3,11,0,95,1303,8,nflverse
Keenan McCardell,WR,WR,TB,2003,16,0,0,0,0,0,0,84,1179,8,nflverse
James McKnight,WR,WR,MIA,2003,12,0,0,0,2,75,1,23,285,2,nflverse
Donovan McNabb,QB,QB,PHI,2003,16,3223,16,11,70,359,3,1,-7,0,nflverse
Steve McNair,QB,QB,TEN,2003,14,3246,24,7,37,138,4,1,4,0,nflverse
Itula Mili,TE,TE,SEA,2003,16,0,0,0,0,0,0,46,492,4,nflverse
Billy Miller,TE,TE,HOU,2003,16,0,0,0,0,0,0,40,355,3,nflverse
Rick Mirer,QB,QB,LV,2003,9,1267,3,5,20,83,1,0,0,0,nflverse
Dave Moore,TE,TE,BUF,2003,6,0,0,0,0,0,0,7,82,2,nflverse
Johnnie Morton,WR,WR,KC,2003,15,0,0,0,8,94,0,50,740,4,nflverse
Randy Moss,WR,WR,MIN,2003,16,0,0,0,6,18,0,111,1632,17,nflverse
Eric Moulds,WR,WR,BUF,2003,13,0,0,0,0,0,0,64,780,1,nflverse
Muhsin Muhammad,WR,WR,CAR,2003,15,0,0,0,2,-2,0,54,837,3,nflverse
Terrell Owens,WR,WR,SF,2003,15,0,0,0,3,-2,0,80,1102,9,nflverse
Jerome Pathon,WR,WR,NO,2003,16,0,0,0,0,0,0,44,578,4,nflverse
Michael Pittman,RB,RB,TB,2003,16,0,0,0,187,751,0,75,591,2,nflverse
Jake Plummer,QB,QB,DEN,2003,11,2183,15,7,37,205,3,0,0,0,nflverse
Marcus Pollard,TE,TE,IND,2003,13,0,0,0,0,0,0,40,541,3,nflverse
Peerless Price,WR,WR,ATL,2003,16,0,0,0,2,3,0,64,838,3,nflverse
Stanley Pritchett,RB,RB,CHI,2003,14,0,0,0,21,93,2,18,83,0,nflverse
Ricky Proehl,WR,WR,CAR,2003,14,0,0,0,0,0,0,27,389,4,nflverse
Jerry Rice,WR,WR,LV,2003,16,0,0,0,0,0,0,63,861,2,nflverse
Mikhael Ricks,TE,TE,DET,2003,13,0,0,0,0,0,0,37,434,2,nflverse
Jon Ritchie,FB,RB,PHI,2003,12,0,0,0,1,1,0,17,86,3,nflverse
Marcus Robinson,WR,WR,BAL,2003,15,0,0,0,0,0,0,31,451,6,nflverse
Cory Schlesinger,FB,RB,DET,2003,16,0,0,0,9,16,0,34,247,2,nflverse
Bill Schroeder,WR,WR,DET,2003,15,0,0,0,0,0,0,36,397,2,nflverse
Shannon Sharpe,TE,TE,DEN,2003,15,0,0,0,0,0,0,62,770,8,nflverse
Bobby Shaw,WR,WR,BUF,2003,15,0,0,0,0,0,0,56,732,4,nflverse
Antowain Smith,RB,RB,NE,2003,13,0,0,0,182,642,3,14,92,0,nflverse
Emmitt Smith,RB,RB,ARI,2003,10,0,0,0,90,256,2,14,107,0,nflverse
Jimmy Smith,WR,WR,JAX,2003,12,0,0,0,0,0,0,54,805,4,nflverse
Rod Smith,WR,WR,DEN,2003,15,72,0,0,10,98,0,74,846,3,nflverse
Jerald Sowell,FB,RB,NYJ,2003,16,0,0,0,1,2,0,47,436,1,nflverse
Duce Staley,RB,RB,PHI,2003,16,0,0,0,97,457,5,36,382,2,nflverse
Kordell Stewart,QB,QB,CHI,2003,9,1418,7,12,59,290,3,0,0,0,nflverse
Brandon Stokley,WR,WR,IND,2003,5,0,0,0,0,0,0,22,211,3,nflverse
Tai Streets,WR,WR,SF,2003,14,0,0,0,0,0,0,47,595,7,nflverse
Mack Strong,FB,RB,SEA,2003,16,0,0,0,37,174,1,29,216,0,nflverse
Fred Taylor,RB,RB,JAX,2003,16,0,0,0,345,1572,6,48,370,1,nflverse
Vinny Testaverde,QB,QB,NYJ,2003,7,1385,7,2,6,13,0,0,0,0,nflverse
Derrius Thompson,WR,WR,MIA,2003,13,0,0,0,0,0,0,26,359,0,nflverse
James Thrash,WR,WR,PHI,2003,16,0,0,0,5,53,0,49,558,1,nflverse
Amani Toomer,WR,WR,NYG,2003,16,0,0,0,1,5,0,63,1057,5,nflverse
Wesley Walls,TE,TE,GB,2003,10,0,0,0,0,0,0,20,222,1,nflverse
Hines Ward,WR,WR,PIT,2003,16,0,0,0,11,61,0,95,1163,10,nflverse
Jed Weaver,TE,TE,SF,2003,15,0,0,0,0,0,0,35,437,1,nflverse
Tyrone Wheatley,RB,RB,LV,2003,15,0,0,0,159,678,4,12,120,0,nflverse
Moe Williams,RB,RB,MIN,2003,16,0,0,0,174,745,5,65,644,3,nflverse
Ricky Williams,RB,RB,MIA,2003,16,0,0,0,392,1372,9,50,351,1,nflverse
Anthony Wright,QB,QB,BAL,2003,7,1199,9,8,27,75,0,0,0,0,nflverse
Frank Wycheck,TE,TE,TEN,2003,9,0,0,0,0,0,0,17,165,2,nflverse
Amos Zereoue,RB,RB,PIT,2003,16,0,0,0,132,433,2,40,310,0,nflverse
Laveranues Coles,WR,WR,WAS,2003,16,0,0,0,10,39,0,82,1204,6,nflverse
Billy Volek,QB,QB,TEN,2003,6,545,4,1,11,4,1,0,0,0,nflverse
Jamel White,RB,RB,CLE,2003,16,0,0,0,70,266,1,46,303,1,nflverse
Doug Johnson,QB,QB,ATL,2003,10,1655,8,12,14,21,1,0,0,0,nflverse
Todd Yoder,TE,TE,TB,2003,9,0,0,0,0,0,0,7,68,2,nflverse
Dane Looker,WR,WR,LA,2003,16,11,0,0,0,0,0,47,495,3,nflverse
Bryan Gilmore,WR,WR,ARI,2003,11,0,0,0,1,0,0,17,213,2,nflverse
Peter Warrick,WR,WR,CIN,2003,15,0,0,0,17,143,0,80,833,7,nflverse
Anthony Becht,TE,TE,NYJ,2003,15,0,0,0,0,0,0,40,356,4,nflverse
Charles Lee,WR,WR,TB,2003,7,0,0,0,2,14,0,33,432,2,nflverse
Troy Hambrick,RB,RB,DAL,2003,16,0,0,0,275,972,5,17,99,0,nflverse
Dante Hall,WR,WR,KC,2003,16,0,0,0,17,66,0,40,423,1,nflverse
Troy Walters,WR,WR,IND,2003,13,0,0,0,1,6,0,36,456,3,nflverse
Chad Pennington,QB,QB,NYJ,2003,10,2139,13,12,21,42,2,0,0,0,nflverse
Chad Morton,RB,RB,WAS,2003,15,0,0,0,47,213,0,16,190,1,nflverse
Mike Anderson,RB,RB,DEN,2003,12,0,0,0,70,257,3,12,53,2,nflverse
Tom Brady,QB,QB,NE,2003,16,3620,23,12,42,63,1,0,0,0,nflverse
Marc Bulger,QB,QB,LA,2003,15,3845,22,22,29,75,4,0,0,0,nflverse
Michael L. Lewis,WR,WR,NO,2003,13,0,0,0,1,2,0,12,226,1,nflverse
Todd Pinkston,WR,WR,PHI,2003,15,0,0,0,1,-11,0,36,575,2,nflverse
Reuben Droughns,RB,RB,DEN,2003,13,0,0,0,6,14,0,9,87,2,nflverse
Tim Rattay,QB,QB,SF,2003,8,856,7,2,8,0,0,0,0,0,nflverse
Thomas Jones,RB,RB,TB,2003,15,0,0,0,137,627,3,24,180,0,nflverse
Plaxico Burress,WR,WR,PIT,2003,16,0,0,0,1,-7,0,60,860,4,nflverse
Bubba Franks,TE,TE,GB,2003,14,0,0,0,0,0,0,30,241,4,nflverse
Shaun Alexander,RB,RB,SEA,2003,16,0,0,0,326,1435,14,42,295,2,nflverse
Trung Canidate,RB,RB,WAS,2003,11,0,0,0,142,597,1,10,71,1,nflverse
Dennis Northcutt,WR,WR,CLE,2003,15,0,0,0,12,83,0,62,729,2,nflverse
Erron Kinney,TE,TE,TEN,2003,16,0,0,0,0,0,0,41,393,3,nflverse
Dez White,WR,WR,CHI,2003,15,0,0,0,2,13,0,49,583,3,nflverse
Darrell Jackson,WR,WR,SEA,2003,15,0,0,0,0,0,0,68,1137,9,nflverse
Jamal Lewis,RB,RB,BAL,2003,16,0,0,0,388,2063,14,26,205,0,nflverse
Jerry Porter,WR,WR,LV,2003,9,0,0,0,1,10,0,28,361,1,nflverse
Travis Taylor,WR,WR,BAL,2003,16,0,0,0,11,62,0,39,632,3,nflverse
Aveion Cason,RB,RB,DAL,2003,10,37,0,0,40,220,2,17,142,0,nflverse
Tim Hasselbeck,QB,QB,WAS,2003,7,1012,5,7,15,41,0,0,0,0,nflverse
Dominic Rhodes,RB,RB,IND,2003,11,0,0,0,37,157,0,6,62,1,nflverse
Jimmy Farris,WR,WR,ATL,2003,12,0,0,0,0,0,0,6,100,2,nflverse
Drew Bennett,WR,WR,TEN,2003,9,14,0,0,0,0,0,32,504,4,nflverse
Marcel Shipp,RB,RB,ARI,2003,16,0,0,0,228,830,0,30,184,0,nflverse
Boo Williams,TE,TE,NO,2003,14,0,0,0,0,0,0,41,436,5,nflverse
Mike Vick,QB,QB,ATL,2003,5,585,4,3,40,255,1,0,0,0,nflverse
Tony Stewart,TE,TE,CIN,2003,12,0,0,0,0,0,0,21,212,0,nflverse
Correll Buckhalter,RB,RB,PHI,2003,15,0,0,0,126,542,8,10,133,1,nflverse
Alge Crumpler,TE,TE,ATL,2003,16,0,0,0,0,0,0,44,552,3,nflverse
Derrick Blaylock,RB,RB,KC,2003,13,0,0,0,22,112,2,15,181,1,nflverse
David Martin,TE,TE,GB,2003,12,0,0,0,0,0,0,13,79,2,nflverse
Steve Smith,WR,WR,CAR,2003,16,0,0,0,11,42,0,88,1110,7,nflverse
Brandon Manumaleuna,TE,TE,LA,2003,15,0,0,0,4,15,0,29,238,2,nflverse
Scotty Anderson,WR,WR,DET,2003,7,0,0,0,0,0,0,17,325,2,nflverse
Justin McCareins,WR,WR,TEN,2003,16,0,0,0,1,13,0,47,813,7,nflverse
Chad Johnson,WR,WR,CIN,2003,16,0,0,0,0,0,0,90,1355,10,nflverse
Anthony Thomas,RB,RB,CHI,2003,13,0,0,0,244,1024,6,9,36,0,nflverse
Quincy Carter,QB,QB,DAL,2003,16,3302,17,21,68,257,2,0,0,0,nflverse
Rudi Johnson,RB,RB,CIN,2003,13,0,0,0,214,967,9,21,146,0,nflverse
Quincy Morgan,WR,WR,CLE,2003,16,0,0,0,3,-4,0,38,516,3,nflverse
Robert Ferguson,WR,WR,GB,2003,15,0,0,0,1,-8,0,38,520,4,nflverse
James Jackson,RB,RB,CLE,2003,11,0,0,0,102,382,3,14,114,0,nflverse
Chris Chambers,WR,WR,MIA,2003,16,0,0,0,4,30,0,64,963,11,nflverse
Travis Minor,RB,RB,MIA,2003,15,0,0,0,41,193,1,4,13,0,nflverse
Cedrick Wilson,WR,WR,SF,2003,15,6,0,0,1,-4,0,35,396,2,nflverse
LaMont Jordan,RB,RB,NYJ,2003,14,0,0,0,46,190,4,11,101,0,nflverse
Darnerien McCants,WR,WR,WAS,2003,13,0,0,0,0,0,0,27,360,6,nflverse
Travis Henry,RB,RB,BUF,2003,15,0,0,1,332,1353,10,28,158,1,nflverse
Kevan Barlow,RB,RB,SF,2003,16,0,0,0,201,1024,6,35,307,1,nflverse
Jesse Palmer,QB,QB,NYG,2003,5,532,3,4,4,23,0,0,0,0,nflverse
Koren Robinson,WR,WR,SEA,2003,15,0,0,0,4,15,0,65,896,4,nflverse
Santana Moss,WR,WR,NYJ,2003,16,0,0,0,10,67,0,74,1105,10,nflverse
Freddie Mitchell,WR,WR,PHI,2003,15,25,1,0,0,0,0,35,498,2,nflverse
Reggie Wayne,WR,WR,IND,2003,15,0,0,0,0,0,0,68,838,7,nflverse
David Terrell,WR,WR,CHI,2003,15,0,0,0,1,4,0,43,361,1,nflverse
Michael Bennett,RB,RB,MIN,2003,8,0,0,0,90,447,1,12,132,0,nflverse
Todd Heap,TE,TE,BAL,2003,16,0,0,0,3,21,0,57,693,3,nflverse
Rod Gardner,WR,WR,WAS,2003,16,46,2,0,0,0,0,59,600,5,nflverse
Deuce McAllister,RB,RB,NO,2003,16,0,0,0,351,1641,8,69,516,0,nflverse
Drew Brees,QB,QB,LAC,2003,11,2108,11,15,21,84,0,1,21,1,nflverse
LaDainian Tomlinson,RB,RB,LAC,2003,16,21,1,0,313,1645,13,100,725,4,nflverse
David Carr,QB,QB,HOU,2003,12,2013,9,13,27,151,2,0,0,0,nflverse
James Mungro,RB,RB,IND,2003,5,0,0,0,24,60,2,1,-4,0,nflverse
Ricky Williams,RB,RB,IND,2003,13,0,0,0,48,155,2,22,157,1,nflverse
Kelly Campbell,WR,WR,MIN,2003,14,0,0,0,10,71,0,25,522,4,nflverse
Eric Parker,WR,WR,LAC,2003,8,0,0,0,3,21,0,18,244,3,nflverse
Tony Fisher,RB,RB,GB,2003,15,0,0,0,40,200,1,21,206,2,nflverse
Matt Schobel,TE,TE,CIN,2003,11,0,0,0,0,0,0,24,332,2,nflverse
Joey Harrington,QB,QB,DET,2003,16,2880,17,22,28,98,0,1,8,0,nflverse
Donte' Stallworth,WR,WR,NO,2003,11,0,0,0,1,3,0,25,485,3,nflverse
Jeremy Shockey,TE,TE,NYG,2003,9,0,0,0,0,0,0,49,562,2,nflverse
William Green,RB,RB,CLE,2003,7,0,0,0,142,559,1,10,50,0,nflverse
Ashley Lelie,WR,WR,DEN,2003,16,0,0,0,8,43,0,37,628,2,nflverse
Javon Walker,WR,WR,GB,2003,16,0,0,0,2,1,0,41,716,9,nflverse
Daniel Graham,TE,TE,NE,2003,13,0,0,0,0,0,0,38,409,4,nflverse
Jabar Gaffney,WR,WR,HOU,2003,14,0,0,0,1,13,0,34,402,2,nflverse
DeShaun Foster,RB,RB,CAR,2003,14,0,0,0,113,429,0,26,207,2,nflverse
Josh Reed,WR,WR,BUF,2003,16,0,0,0,3,38,0,58,588,2,nflverse
Tim Carter,WR,WR,NYG,2003,10,0,0,0,0,0,0,26,309,0,nflverse
Andre Davis,WR,WR,CLE,2003,16,0,0,0,5,28,0,40,576,5,nflverse
Clinton Portis,RB,RB,DEN,2003,13,0,0,0,290,1591,14,38,314,0,nflverse
Maurice Morris,RB,RB,SEA,2003,16,0,0,0,38,239,0,4,32,1,nflverse
Doug Jolley,TE,TE,LV,2003,11,0,0,0,0,0,0,31,258,1,nflverse
Ladell Betts,RB,RB,WAS,2003,9,0,0,0,77,255,2,15,167,0,nflverse
Antwaan Randle El,WR,WR,PIT,2003,16,6,0,0,14,85,0,37,364,1,nflverse
Antonio Bryant,WR,WR,DAL,2003,14,0,0,0,2,0,0,39,550,2,nflverse
Deion Branch,WR,WR,NE,2003,15,0,0,0,1,11,0,57,803,3,nflverse
Josh McCown,QB,QB,ARI,2003,7,1018,5,6,29,164,1,0,0,0,nflverse
Lamar Gordon,RB,RB,LA,2003,9,0,0,0,71,298,1,8,59,0,nflverse
Brian Westbrook,RB,RB,PHI,2003,15,0,0,0,116,605,7,38,340,4,nflverse
Randy McMichael,TE,TE,MIA,2003,15,0,0,0,0,0,0,49,598,2,nflverse
Najeh Davenport,RB,RB,GB,2003,15,0,0,0,77,420,2,6,38,0,nflverse
Terry Jones,TE,TE,BAL,2003,15,0,0,0,0,0,0,19,159,3,nflverse
Keith Heinrich,TE,TE,CLE,2003,4,0,0,0,0,0,0,8,64,2,nflverse
Chester Taylor,RB,RB,BAL,2003,16,0,0,0,63,276,2,20,132,0,nflverse
David Givens,WR,WR,NE,2003,10,0,0,1,0,0,0,34,510,6,nflverse
Rock Cartwright,RB,RB,WAS,2003,15,0,0,0,107,411,4,18,176,0,nflverse
T.J. Duckett,RB,RB,ATL,2003,16,0,0,0,197,779,11,11,94,0,nflverse
Patrick Ramsey,QB,QB,WAS,2003,11,2169,14,9,15,62,1,0,0,0,nflverse
Casey Fitzsimmons,TE,TE,DET,2003,13,0,0,0,0,0,0,23,160,2,nflverse
Antonio Gates,TE,TE,LAC,2003,13,0,0,0,0,0,0,24,389,2,nflverse
Kassim Osgood,WR,WR,LAC,2003,12,0,0,0,0,0,0,13,278,2,nflverse
Arlen Harris,RB,RB,LA,2003,16,0,0,0,85,255,4,15,102,0,nflverse
David Tyree,WR,WR,NYG,2003,12,0,0,0,1,-9,0,16,211,0,nflverse
Brock Forsey,RB,RB,CHI,2003,5,0,0,0,50,191,2,3,37,0,nflverse
Domanick Williams,RB,RB,HOU,2003,14,0,0,0,238,1031,8,47,351,0,nflverse
George Wrighster,TE,TE,JAX,2003,11,0,0,0,0,0,0,13,150,2,nflverse
Justin Gage,WR,WR,CHI,2003,8,0,0,0,0,0,0,17,338,2,nflverse
Bethel Johnson,WR,WR,NE,2003,15,0,0,0,1,-12,0,16,209,2,nflverse
Nate Burleson,WR,WR,MIN,2003,14,0,0,0,0,0,0,29,455,2,nflverse
Justin Griffith,RB,RB,ATL,2003,14,0,0,0,38,168,0,21,122,2,nflverse
Andre Johnson,WR,WR,HOU,2003,16,0,0,0,5,-10,0,66,976,4,nflverse
Visanthe Shiancoe,TE,TE,NYG,2003,6,0,0,0,0,0,0,10,56,2,nflverse
LaBrandon Toefield,RB,RB,JAX,2003,16,32,0,0,53,212,2,14,105,1,nflverse
Charles Rogers,WR,WR,DET,2003,5,0,0,0,2,17,0,22,243,3,nflverse
Anquan Boldin,WR,WR,ARI,2003,16,0,0,1,5,40,0,101,1377,8,nflverse
Tyrone Calico,WR,WR,TEN,2003,9,0,0,0,1,5,0,18,297,4,nflverse
Chris Brown,RB,RB,TEN,2003,11,0,0,0,56,221,0,8,61,0,nflverse
Justin Fargas,RB,RB,LV,2003,10,0,0,0,40,203,0,2,2,0,nflverse
Quentin Griffin,RB,RB,DEN,2003,9,0,0,0,94,345,0,8,61,0,nflverse
Brandon Lloyd,WR,WR,SF,2003,11,0,0,0,0,0,0,14,212,2,nflverse
L.J. Smith,TE,TE,PHI,2003,13,0,0,0,0,0,0,27,320,1,nflverse
Jason Witten,TE,TE,DAL,2003,12,0,0,0,0,0,0,35,347,1,nflverse
Musa Smith,RB,RB,BAL,2003,5,0,0,0,9,31,2,0,0,0,nflverse
Onterrio Smith,RB,RB,MIN,2003,15,0,0,0,107,579,5,15,129,0,nflverse
Jeremi Johnson,FB,RB,CIN,2003,15,0,0,0,15,41,1,15,82,1,nflverse
Bryant Johnson,WR,WR,ARI,2003,13,0,0,0,0,0,0,35,438,1,nflverse
Kyle Boller,QB,QB,BAL,2003,11,1260,7,9,30,52,0,0,0,0,nflverse
Dallas Clark,TE,TE,IND,2003,10,0,0,0,0,0,0,29,340,1,nflverse
Kelley Washington,WR,WR,CIN,2003,10,0,0,0,1,5,0,22,299,4,nflverse
Byron Leftwich,QB,QB,JAX,2003,15,2819,14,17,25,108,2,0,0,0,nflverse
Lee Suggs,RB,RB,CLE,2003,7,0,0,0,56,289,2,2,0,0,nflverse
Stephen Alexander,TE,TE,DET,2004,15,0,0,0,0,0,0,41,377,1,nflverse
Mike Alstott,FB,RB,TB,2004,14,0,0,0,67,230,2,29,202,0,nflverse
Richie Anderson,FB,RB,DAL,2004,11,26,1,0,57,246,1,26,207,0,nflverse
Obafemi Ayanbadejo,RB,RB,ARI,2004,13,0,0,0,30,122,3,19,171,1,nflverse
Tiki Barber,RB,RB,NYG,2004,16,0,0,0,322,1518,13,52,578,2,nflverse
Jerome Bettis,RB,RB,PIT,2004,14,10,1,0,250,941,13,6,46,0,nflverse
Drew Bledsoe,QB,QB,BUF,2004,16,2932,20,16,20,52,0,0,0,0,nflverse
Marty Booker,WR,WR,MIA,2004,15,48,0,0,1,-8,0,50,638,1,nflverse
Corey Bradford,WR,WR,HOU,2004,12,0,0,0,0,0,0,27,399,3,nflverse
Aaron Brooks,QB,QB,NO,2004,16,3810,21,16,57,199,4,1,1,0,nflverse
Tim Brown,WR,WR,TB,2004,10,0,0,0,0,0,0,24,200,1,nflverse
Isaac Bruce,WR,WR,LA,2004,16,0,0,0,0,0,0,89,1292,6,nflverse
Mark Brunell,QB,QB,WAS,2004,9,1194,7,6,19,62,0,0,0,0,nflverse
Shawn Bryson,RB,RB,DET,2004,16,0,0,0,50,264,0,44,322,0,nflverse
Mark Campbell,TE,TE,BUF,2004,8,0,0,0,0,0,0,17,203,5,nflverse
Wayne Chrebet,WR,WR,NYJ,2004,14,0,0,0,0,0,0,31,397,1,nflverse
Desmond Clark,TE,TE,CHI,2004,14,0,0,0,0,0,0,24,282,1,nflverse
Mike Cloud,RB,RB,NYG,2004,7,0,0,0,21,90,3,1,3,0,nflverse
Kerry Collins,QB,QB,LV,2004,14,3495,21,20,17,35,0,0,0,0,nflverse
Curtis Conway,WR,WR,SF,2004,12,0,0,0,0,0,0,38,403,3,nflverse
Zack Crockett,RB,RB,LV,2004,13,0,0,0,49,232,2,16,87,0,nflverse
Daunte Culpepper,QB,QB,MIN,2004,16,4717,39,11,89,406,2,0,0,0,nflverse
Jake Delhomme,QB,QB,CAR,2004,16,3886,29,15,25,71,1,0,0,0,nflverse
Ken Dilger,TE,TE,TB,2004,15,0,0,0,0,0,0,39,345,3,nflverse
Corey Dillon,RB,RB,NE,2004,15,0,0,0,345,1635,12,15,103,1,nflverse
Donald Driver,WR,WR,GB,2004,16,0,0,0,3,4,0,84,1208,9,nflverse
Jason Dunn,TE,TE,KC,2004,11,0,0,0,0,0,0,17,120,3,nflverse
Warrick Dunn,RB,RB,ATL,2004,16,0,0,0,265,1106,9,29,293,0,nflverse
Troy Edwards,WR,WR,JAX,2004,15,0,0,0,2,2,0,50,533,1,nflverse
Bobby Engram,WR,WR,SEA,2004,13,0,0,0,0,0,0,36,499,2,nflverse
Kevin Faulk,RB,RB,NE,2004,11,0,0,0,54,255,2,26,248,1,nflverse
Marshall Faulk,RB,RB,LA,2004,14,0,0,0,195,774,3,50,310,1,nflverse
Christian Fauria,TE,TE,NE,2004,11,0,0,0,0,0,0,16,195,2,nflverse
Brett Favre,QB,QB,GB,2004,16,4086,30,17,16,36,0,0,0,0,nflverse
Jay Fiedler,QB,QB,MIA,2004,8,1186,7,8,12,59,0,0,0,0,nflverse
Brian Finneran,WR,WR,ATL,2004,12,0,0,0,0,0,0,23,258,2,nflverse
Joey Galloway,WR,WR,TB,2004,10,0,0,0,2,19,0,33,416,5,nflverse
Rich Gannon,QB,QB,LV,2004,3,524,3,2,5,26,0,0,0,0,nflverse
Jeff Garcia,QB,QB,CLE,2004,11,1731,10,9,34,169,2,0,0,0,nflverse
Eddie George,RB,RB,DAL,2004,13,0,0,0,132,432,4,9,83,0,nflverse
Terry Glenn,WR,WR,DAL,2004,6,0,0,0,1,-3,0,24,400,2,nflverse
Tony Gonzalez,TE,TE,KC,2004,16,0,0,0,1,5,0,102,1258,7,nflverse
Ahman Green,RB,RB,GB,2004,15,20,1,0,259,1163,7,40,275,1,nflverse
Trent Green,QB,QB,KC,2004,16,4589,27,17,25,85,0,0,0,0,nflverse
Brian Griese,QB,QB,TB,2004,11,2632,20,12,30,17,0,1,-4,0,nflverse
Az-Zahir Hakim,WR,WR,DET,2004,10,0,0,0,1,0,0,31,533,3,nflverse
Patrick Hape,TE,TE,DEN,2004,8,0,0,0,0,0,0,8,35,4,nflverse
Marvin Harrison,WR,WR,IND,2004,16,0,0,0,0,0,0,86,1113,15,nflverse
Matt Hasselbeck,QB,QB,SEA,2004,14,3390,22,15,28,94,1,0,0,0,nflverse
Steve Heiden,TE,TE,CLE,2004,11,0,0,0,0,0,0,28,287,5,nflverse
William Henderson,FB,RB,GB,2004,16,0,0,0,0,0,0,34,239,3,nflverse
Ike Hilliard,WR,WR,NYG,2004,16,0,0,0,3,34,0,49,437,0,nflverse
Kelly Holcomb,QB,QB,CLE,2004,4,737,7,5,3,-2,0,0,0,0,nflverse
Priest Holmes,RB,RB,KC,2004,8,0,0,0,196,892,14,19,187,1,nflverse
Torry Holt,WR,WR,LA,2004,16,0,0,0,0,0,0,94,1372,10,nflverse
Joe Horn,WR,WR,NO,2004,16,0,0,0,0,0,0,94,1399,11,nflverse
Terry Jackson,RB,RB,SF,2004,14,0,0,0,26,101,0,21,139,0,nflverse
Edgerrin James,RB,RB,IND,2004,16,0,0,0,334,1548,9,51,483,0,nflverse
Brad Johnson,QB,QB,TB,2004,4,674,3,3,5,23,0,0,0,0,nflverse
Kevin Johnson,WR,WR,BAL,2004,14,0,0,0,1,0,0,35,373,1,nflverse
Keyshawn Johnson,WR,WR,DAL,2004,16,0,0,1,2,13,0,70,981,6,nflverse
Freddie Jones,TE,TE,ARI,2004,16,0,0,0,0,0,0,45,426,2,nflverse
Joe Jurevicius,WR,WR,TB,2004,9,0,0,0,0,0,0,27,333,2,nflverse
Eddie Kennison,WR,WR,KC,2004,14,0,0,0,2,15,0,62,1086,8,nflverse
Shaun King,QB,QB,ARI,2004,3,502,1,4,9,30,0,0,0,0,nflverse
Jon Kitna,QB,QB,CIN,2004,4,623,5,4,10,42,0,0,0,0,nflverse
Dorsey Levens,RB,RB,PHI,2004,13,0,0,0,94,410,4,9,92,0,nflverse
Chad Lewis,TE,TE,PHI,2004,12,0,0,0,0,0,0,29,267,3,nflverse
Kris Mangum,TE,TE,CAR,2004,14,0,0,0,0,0,0,34,323,3,nflverse
Peyton Manning,QB,QB,IND,2004,16,4557,49,10,25,38,0,0,0,0,nflverse
Curtis Martin,RB,RB,NYJ,2004,16,0,0,0,371,1697,12,41,245,2,nflverse
Derrick Mason,WR,WR,TEN,2004,16,0,0,0,1,-3,0,96,1168,7,nflverse
Keenan McCardell,WR,WR,LAC,2004,7,0,0,0,1,3,0,31,393,1,nflverse
Donovan McNabb,QB,QB,PHI,2004,15,3875,31,8,42,221,3,0,0,0,nflverse
Steve McNair,QB,QB,TEN,2004,8,1343,8,9,23,128,1,0,0,0,nflverse
Itula Mili,TE,TE,SEA,2004,12,0,0,0,0,0,0,23,240,1,nflverse
Johnnie Morton,WR,WR,KC,2004,13,0,0,0,7,43,0,55,795,3,nflverse
Randy Moss,WR,WR,MIN,2004,11,37,0,1,0,0,0,49,767,13,nflverse
Eric Moulds,WR,WR,BUF,2004,16,0,0,0,5,19,0,88,1043,5,nflverse
Muhsin Muhammad,WR,WR,CAR,2004,16,0,0,0,3,15,0,93,1405,16,nflverse
Terrell Owens,WR,WR,PHI,2004,14,0,0,0,3,-5,0,77,1200,14,nflverse
Jerome Pathon,WR,WR,NO,2004,12,0,0,0,0,0,0,34,581,1,nflverse
David Patten,WR,WR,NE,2004,15,0,0,0,1,5,0,44,800,7,nflverse
Michael Pittman,RB,RB,TB,2004,13,0,0,0,219,926,7,41,391,3,nflverse
Jake Plummer,QB,QB,DEN,2004,16,4089,27,20,60,215,1,0,0,0,nflverse
Marcus Pollard,TE,TE,IND,2004,11,0,0,0,0,0,0,29,309,6,nflverse
Peerless Price,WR,WR,ATL,2004,15,25,0,0,3,34,0,45,575,3,nflverse
Ricky Proehl,WR,WR,CAR,2004,15,0,0,0,1,9,0,34,497,0,nflverse
Jerry Rice,WR,WR,SEA,2004,12,0,0,0,0,0,0,30,429,3,nflverse
Jay Riemersma,TE,TE,PIT,2004,7,0,0,0,0,0,0,7,82,2,nflverse
Marcus Robinson,WR,WR,MIN,2004,15,0,0,0,0,0,0,47,657,8,nflverse
Cory Schlesinger,FB,RB,DET,2004,11,0,0,0,4,7,0,10,91,3,nflverse
Antowain Smith,RB,RB,TEN,2004,11,0,0,0,137,509,4,22,169,0,nflverse
Emmitt Smith,RB,RB,ARI,2004,15,21,1,0,267,937,9,15,105,0,nflverse
Jimmy Smith,WR,WR,JAX,2004,16,0,0,0,0,0,0,74,1172,6,nflverse
Rod Smith,WR,WR,DEN,2004,16,0,0,0,5,33,0,79,1144,7,nflverse
Jerald Sowell,FB,RB,NYJ,2004,15,0,0,0,2,28,0,45,342,1,nflverse
Duce Staley,RB,RB,PIT,2004,10,0,0,0,192,830,1,6,55,0,nflverse
Aaron Stecker,RB,RB,NO,2004,14,0,0,0,58,244,2,29,174,0,nflverse
Brandon Stokley,WR,WR,IND,2004,15,0,0,0,0,0,0,68,1077,10,nflverse
Tai Streets,WR,WR,DET,2004,13,0,0,0,0,0,0,28,260,1,nflverse
Mack Strong,FB,RB,SEA,2004,15,0,0,0,36,131,0,21,99,0,nflverse
Reggie Swinton,WR,WR,DET,2004,12,0,0,0,1,3,0,18,213,1,nflverse
Fred Taylor,RB,RB,JAX,2004,14,0,0,0,260,1224,2,36,345,1,nflverse
Vinny Testaverde,QB,QB,DAL,2004,16,3532,17,20,20,42,1,0,0,0,nflverse
Derrius Thompson,WR,WR,MIA,2004,13,0,0,0,0,0,0,23,359,4,nflverse
James Thrash,WR,WR,WAS,2004,15,0,0,0,0,0,0,17,203,0,nflverse
Amani Toomer,WR,WR,NYG,2004,15,0,0,0,0,0,0,51,747,0,nflverse
Jerame Tuman,TE,TE,PIT,2004,7,0,0,0,0,0,0,9,89,3,nflverse
Hines Ward,WR,WR,PIT,2004,16,0,0,0,7,25,1,80,1004,4,nflverse
Kurt Warner,QB,QB,NYG,2004,10,2054,6,4,13,30,1,0,0,0,nflverse
Tyrone Wheatley,RB,RB,LV,2004,8,0,0,0,85,327,4,15,78,0,nflverse
Alvis Whitted,WR,WR,LV,2004,8,0,0,0,0,0,0,9,227,2,nflverse
Jermaine Wiggins,TE,TE,MIN,2004,14,0,0,0,0,0,0,71,705,4,nflverse
Karl Williams,WR,WR,ARI,2004,15,0,0,0,2,6,0,18,197,0,nflverse
Moe Williams,RB,RB,MIN,2004,14,0,0,0,30,161,3,21,233,1,nflverse
Amos Zereoue,RB,RB,LV,2004,15,0,0,0,112,425,3,39,284,0,nflverse
Laveranues Coles,WR,WR,WAS,2004,16,0,0,0,3,-3,0,90,950,1,nflverse
Billy Volek,QB,QB,TEN,2004,10,2485,18,10,11,50,1,1,-1,0,nflverse
Brad Hoover,FB,RB,CAR,2004,14,0,0,0,68,246,0,21,161,2,nflverse
Bryan Johnson,FB,RB,CHI,2004,8,0,0,0,0,0,0,14,55,2,nflverse
Bryan Gilmore,WR,WR,MIA,2004,13,0,0,0,0,0,0,15,206,1,nflverse
Sammy Morris,RB,RB,MIA,2004,13,0,0,0,132,523,6,22,124,0,nflverse
Charles Lee,WR,WR,TB,2004,6,0,0,0,0,0,0,15,207,0,nflverse
Troy Hambrick,RB,RB,ARI,2004,9,0,0,0,63,283,1,4,16,1,nflverse
Patrick Pass,RB,RB,NE,2004,13,0,0,0,39,141,0,28,215,0,nflverse
Dante Hall,WR,WR,KC,2004,16,0,0,0,8,56,0,25,230,0,nflverse
Chad Pennington,QB,QB,NYJ,2004,13,2673,16,9,34,126,1,0,0,0,nflverse
Aaron Shea,TE,TE,CLE,2004,14,0,0,0,0,0,0,26,252,4,nflverse
Tom Brady,QB,QB,NE,2004,16,3690,28,14,43,28,0,0,0,0,nflverse
Marc Bulger,QB,QB,LA,2004,14,3964,21,14,19,89,3,0,0,0,nflverse
Todd Pinkston,WR,WR,PHI,2004,13,0,0,0,0,0,0,36,676,1,nflverse
Reuben Droughns,RB,RB,DEN,2004,16,0,0,0,275,1240,6,32,241,2,nflverse
Tim Rattay,QB,QB,SF,2004,9,2169,10,10,12,55,0,0,0,0,nflverse
Thomas Jones,RB,RB,CHI,2004,14,0,0,0,240,948,7,56,427,0,nflverse
Plaxico Burress,WR,WR,PIT,2004,11,0,0,0,0,0,0,35,698,5,nflverse
Bubba Franks,TE,TE,GB,2004,16,0,0,0,0,0,0,34,361,7,nflverse
Shaun Alexander,RB,RB,SEA,2004,16,0,0,0,353,1688,16,23,170,4,nflverse
Dennis Northcutt,WR,WR,CLE,2004,16,0,0,0,8,19,0,55,806,2,nflverse
Erron Kinney,TE,TE,TEN,2004,9,0,0,0,0,0,0,25,193,3,nflverse
Dez White,WR,WR,ATL,2004,14,0,0,0,3,14,0,30,370,2,nflverse
Darrell Jackson,WR,WR,SEA,2004,16,0,0,0,0,0,0,87,1207,7,nflverse
Jamal Lewis,RB,RB,BAL,2004,12,0,0,0,235,1006,7,10,116,0,nflverse
Jerry Porter,WR,WR,LV,2004,16,0,0,0,1,-4,0,64,998,9,nflverse
Travis Taylor,WR,WR,BAL,2004,10,0,0,0,0,0,0,34,421,0,nflverse
J.R. Redmond,RB,RB,LV,2004,16,0,0,0,21,119,0,32,233,0,nflverse
Kenny Watson,RB,RB,CIN,2004,16,0,0,0,25,158,0,25,171,1,nflverse
Nick Goings,RB,RB,CAR,2004,16,0,0,0,217,821,6,45,394,1,nflverse
Dominic Rhodes,RB,RB,IND,2004,16,0,0,0,53,254,1,2,24,0,nflverse
Drew Bennett,WR,WR,TEN,2004,15,26,1,0,1,12,0,80,1247,11,nflverse
Antonio Chatman,WR,WR,GB,2004,16,0,0,0,4,36,0,22,246,1,nflverse
Daniel Wilcox,TE,TE,BAL,2004,12,0,0,0,0,0,0,25,219,1,nflverse
Boo Williams,TE,TE,NO,2004,14,0,0,0,0,0,0,33,362,2,nflverse
Mike Vick,QB,QB,ATL,2004,15,2313,14,12,121,902,3,0,0,0,nflverse
Alge Crumpler,TE,TE,ATL,2004,14,0,0,0,0,0,0,48,774,6,nflverse
A.J. Feeley,QB,QB,MIA,2004,11,1893,11,15,14,13,1,0,0,0,nflverse
Derrick Blaylock,RB,RB,KC,2004,12,0,0,0,118,539,8,25,244,1,nflverse
Justin McCareins,WR,WR,NYJ,2004,16,0,0,0,2,-5,0,56,770,4,nflverse
Chad Johnson,WR,WR,CIN,2004,16,0,0,0,4,39,0,95,1274,9,nflverse
Anthony Thomas,RB,RB,CHI,2004,12,0,0,0,122,404,2,17,132,0,nflverse
Quincy Carter,QB,QB,NYJ,2004,6,498,3,1,12,20,0,0,0,0,nflverse
Rudi Johnson,RB,RB,CIN,2004,16,0,0,0,362,1457,12,15,84,0,nflverse
Quincy Morgan,WR,WR,DAL,2004,15,0,0,0,2,23,0,31,404,3,nflverse
Robert Ferguson,WR,WR,GB,2004,13,0,0,0,0,0,0,24,367,1,nflverse
T.J. Houshmandzadeh,WR,WR,CIN,2004,16,0,0,0,6,51,0,73,978,4,nflverse
Chris Chambers,WR,WR,MIA,2004,15,0,0,0,9,76,0,69,898,7,nflverse
Travis Minor,RB,RB,MIA,2004,11,0,0,0,110,395,3,13,75,0,nflverse
Cedrick Wilson,WR,WR,SF,2004,14,0,0,0,1,6,0,47,641,3,nflverse
Eric Johnson,TE,TE,SF,2004,16,0,0,0,0,0,0,82,825,2,nflverse
LaMont Jordan,RB,RB,NYJ,2004,16,0,0,1,93,479,2,15,112,0,nflverse
Travis Henry,RB,RB,BUF,2004,9,0,0,0,94,326,0,10,45,0,nflverse
Kevan Barlow,RB,RB,SF,2004,15,0,0,0,244,822,7,35,212,0,nflverse
Shad Meier,TE,TE,TEN,2004,10,0,0,0,0,0,0,25,127,2,nflverse
Eddie Berlin,WR,WR,TEN,2004,13,0,0,0,0,0,0,20,278,1,nflverse
Koren Robinson,WR,WR,SEA,2004,9,0,0,0,1,3,0,31,495,2,nflverse
Santana Moss,WR,WR,NYJ,2004,15,0,0,0,6,18,0,45,838,5,nflverse
Freddie Mitchell,WR,WR,PHI,2004,12,0,0,0,0,0,0,22,377,2,nflverse
Reggie Wayne,WR,WR,IND,2004,16,0,0,0,1,-4,0,77,1210,12,nflverse
David Terrell,WR,WR,CHI,2004,16,0,0,0,3,10,0,42,699,1,nflverse
Michael Bennett,RB,RB,MIN,2004,10,0,0,0,70,276,1,21,207,1,nflverse
Todd Heap,TE,TE,BAL,2004,6,0,0,0,0,0,0,27,303,3,nflverse
Rod Gardner,WR,WR,WAS,2004,16,0,0,0,3,7,0,51,650,5,nflverse
Deuce McAllister,RB,RB,NO,2004,14,0,0,0,269,1074,9,34,228,0,nflverse
Drew Brees,QB,QB,LAC,2004,15,3159,27,7,53,85,2,1,38,0,nflverse
LaDainian Tomlinson,RB,RB,LAC,2004,15,38,0,0,339,1335,17,53,441,1,nflverse
Chad Hutchinson,QB,QB,CHI,2004,5,903,4,3,6,14,0,0,0,0,nflverse
David Carr,QB,QB,HOU,2004,16,3539,16,14,72,303,0,0,0,0,nflverse
James Mungro,RB,RB,IND,2004,9,0,0,0,5,19,0,7,36,3,nflverse
Kelly Campbell,WR,WR,MIN,2004,16,0,0,0,3,4,0,19,364,1,nflverse
Maurice Hicks,RB,RB,SF,2004,9,0,0,0,96,362,2,16,154,0,nflverse
Jason McKie,RB,RB,CHI,2004,12,0,0,0,1,1,0,13,70,2,nflverse
Jesse Chatman,RB,RB,LAC,2004,15,0,0,0,65,392,3,2,17,0,nflverse
Eric Parker,WR,WR,LAC,2004,15,0,0,0,4,53,0,47,690,4,nflverse
Tony Fisher,RB,RB,GB,2004,16,8,1,0,65,224,0,38,277,2,nflverse
Randy Hymes,WR,WR,BAL,2004,12,0,0,0,0,0,0,26,323,2,nflverse
Matt Schobel,TE,TE,CIN,2004,13,0,0,0,0,0,0,21,201,4,nflverse
Josh Scobey,RB,RB,ARI,2004,12,0,0,0,27,89,0,18,191,0,nflverse
Jeb Putzier,TE,TE,DEN,2004,14,0,0,0,0,0,0,36,572,2,nflverse
Joey Harrington,QB,QB,DET,2004,16,3047,19,12,49,175,0,0,0,0,nflverse
Donte' Stallworth,WR,WR,NO,2004,15,0,0,0,6,37,0,58,767,5,nflverse
Jeremy Shockey,TE,TE,NYG,2004,15,0,0,0,0,0,0,61,666,6,nflverse
William Green,RB,RB,CLE,2004,14,0,0,0,163,585,2,14,84,0,nflverse
Ashley Lelie,WR,WR,DEN,2004,16,0,0,0,3,5,0,54,1084,7,nflverse
Javon Walker,WR,WR,GB,2004,16,0,0,0,0,0,0,89,1380,12,nflverse
Daniel Graham,TE,TE,NE,2004,13,0,0,0,0,0,0,30,364,7,nflverse
Jerramy Stevens,TE,TE,SEA,2004,15,0,0,0,0,0,0,31,349,3,nflverse
Jabar Gaffney,WR,WR,HOU,2004,14,0,0,0,4,30,0,41,632,2,nflverse
DeShaun Foster,RB,RB,CAR,2004,4,0,0,0,59,255,2,9,76,0,nflverse
Tim Carter,WR,WR,NYG,2004,4,0,0,0,2,23,0,12,182,1,nflverse
Andre Davis,WR,WR,CLE,2004,6,0,0,0,1,-3,0,16,416,2,nflverse
Reche Caldwell,WR,WR,LAC,2004,6,0,0,0,4,45,0,18,310,3,nflverse
Clinton Portis,RB,RB,WAS,2004,15,15,1,0,343,1315,5,40,235,2,nflverse
Doug Jolley,TE,TE,LV,2004,15,0,0,0,0,0,0,27,313,2,nflverse
Ladell Betts,RB,RB,WAS,2004,16,0,0,0,90,371,1,15,108,0,nflverse
Antwaan Randle El,WR,WR,PIT,2004,16,10,1,0,8,34,0,43,601,3,nflverse
Antonio Bryant,WR,WR,CLE,2004,15,0,0,0,0,0,0,58,812,4,nflverse
Deion Branch,WR,WR,NE,2004,9,0,0,0,0,0,0,35,454,4,nflverse
Josh McCown,QB,QB,ARI,2004,14,2511,11,10,36,112,2,1,-5,0,nflverse
Chris Baker,TE,TE,NYJ,2004,13,0,0,0,0,0,0,18,182,4,nflverse
Brian Westbrook,RB,RB,PHI,2004,13,0,0,0,178,808,3,73,703,6,nflverse
Jonathan Wells,RB,RB,HOU,2004,14,0,0,0,82,299,3,11,79,2,nflverse
Justin Peelle,TE,TE,LAC,2004,11,0,0,0,0,0,0,10,84,2,nflverse
Randy McMichael,TE,TE,MIA,2004,16,0,0,0,0,0,0,73,791,4,nflverse
Najeh Davenport,RB,RB,GB,2004,10,0,0,0,71,359,2,4,33,0,nflverse
Kyle Johnson,RB,RB,DEN,2004,9,0,0,0,0,0,0,9,126,2,nflverse
Robert Royal,TE,TE,WAS,2004,9,0,0,0,0,0,0,8,70,4,nflverse
Craig Nall,QB,QB,GB,2004,5,314,4,0,3,7,0,0,0,0,nflverse
Verron Haynes,FB,RB,PIT,2004,13,0,0,0,55,272,0,18,142,2,nflverse
Chester Taylor,RB,RB,BAL,2004,16,0,0,0,160,714,2,30,184,0,nflverse
Ronald Curry,WR,WR,LV,2004,12,0,0,0,1,-3,0,50,679,6,nflverse
David Givens,WR,WR,NE,2004,14,0,0,0,0,0,0,56,872,3,nflverse
T.J. Duckett,RB,RB,ATL,2004,12,0,0,0,104,509,8,3,15,0,nflverse
Patrick Ramsey,QB,QB,WAS,2004,9,1665,10,11,10,19,0,0,0,0,nflverse
Derick Armstrong,WR,WR,HOU,2004,13,0,0,0,0,0,0,29,415,1,nflverse
Carson Palmer,QB,QB,CIN,2004,13,2897,18,18,18,47,1,0,0,0,nflverse
Cortez Hankton,WR,WR,JAX,2004,7,0,0,0,0,0,0,9,81,2,nflverse
Reno Mahe,RB,RB,PHI,2004,11,0,0,0,23,91,0,14,123,0,nflverse
Antonio Gates,TE,TE,LAC,2004,15,0,0,0,0,0,0,81,964,13,nflverse
Kassim Osgood,WR,WR,LAC,2004,13,0,0,0,0,0,0,15,308,2,nflverse
Larry Johnson,RB,RB,KC,2004,8,0,0,0,120,581,9,22,278,2,nflverse
Domanick Williams,RB,RB,HOU,2004,15,0,0,0,301,1180,13,69,596,1,nflverse
Shaun McDonald,WR,WR,LA,2004,16,0,0,0,4,0,0,37,494,3,nflverse
Nate Burleson,WR,WR,MIN,2004,16,0,0,0,6,49,0,68,1006,9,nflverse
Kevin Curtis,WR,WR,LA,2004,13,0,0,0,3,24,0,32,421,2,nflverse
Artose Pinner,RB,RB,DET,2004,8,0,0,0,57,174,2,11,72,0,nflverse
Justin Griffith,RB,RB,ATL,2004,12,0,0,0,9,39,0,22,220,1,nflverse
Ken Dorsey,QB,QB,SF,2004,8,1231,6,9,5,7,0,0,0,0,nflverse
Andre Johnson,WR,WR,HOU,2004,16,0,0,0,4,12,0,79,1142,6,nflverse
Teyo Johnson,TE,TE,LV,2004,7,0,0,0,0,0,0,9,131,2,nflverse
LaBrandon Toefield,RB,RB,JAX,2004,14,0,0,0,51,169,0,28,151,1,nflverse
Anquan Boldin,WR,WR,ARI,2004,10,0,0,0,1,3,0,56,623,1,nflverse
Chris Brown,RB,RB,TEN,2004,11,0,0,0,220,1067,6,20,147,0,nflverse
Quentin Griffin,RB,RB,DEN,2004,6,0,0,0,85,311,2,10,68,1,nflverse
Brandon Lloyd,WR,WR,SF,2004,13,0,0,0,0,0,0,43,565,6,nflverse
Doug Gabriel,WR,WR,LV,2004,15,0,0,0,2,7,0,33,551,2,nflverse
Rex Grossman,QB,QB,CHI,2004,3,607,1,3,11,48,1,0,0,0,nflverse
L.J. Smith,TE,TE,PHI,2004,15,0,0,0,0,0,0,34,377,5,nflverse
Jason Witten,TE,TE,DAL,2004,16,0,0,0,0,0,0,87,980,6,nflverse
Mike Seidman,TE,TE,CAR,2004,13,0,0,0,0,0,0,13,123,2,nflverse
Onterrio Smith,RB,RB,MIN,2004,11,0,0,0,124,544,2,36,394,2,nflverse
Bobby Wade,WR,WR,CHI,2004,16,0,0,0,12,76,0,42,481,0,nflverse
Bryant Johnson,WR,WR,ARI,2004,15,0,0,0,2,-6,0,49,537,1,nflverse
Kyle Boller,QB,QB,BAL,2004,16,2559,13,11,53,189,1,0,0,0,nflverse
Dallas Clark,TE,TE,IND,2004,12,0,0,0,0,0,0,25,423,5,nflverse
Kelley Washington,WR,WR,CIN,2004,13,0,0,0,1,-1,0,31,378,3,nflverse
Byron Leftwich,QB,QB,JAX,2004,14,2941,15,10,39,148,2,1,-7,0,nflverse
Willis McGahee,RB,RB,BUF,2004,15,0,0,0,284,1128,13,22,169,0,nflverse
Lee Suggs,RB,RB,CLE,2004,10,0,0,0,199,744,2,20,178,1,nflverse
Tim Euhus,TE,TE,BUF,2004,6,0,0,0,0,0,0,11,98,2,nflverse
Mewelde Moore,RB,RB,MIN,2004,10,0,0,0,65,379,0,27,238,0,nflverse
Willie Parker,RB,RB,PIT,2004,5,0,0,0,32,186,0,3,16,0,nflverse
Shaud Williams,RB,RB,BUF,2004,4,0,0,0,42,167,2,3,19,0,nflverse
Michael Clayton,WR,WR,TB,2004,16,0,0,0,5,30,0,80,1193,7,nflverse
Keary Colbert,WR,WR,CAR,2004,15,0,0,0,0,0,0,47,754,5,nflverse
Steven Jackson,RB,RB,LA,2004,14,0,0,0,134,673,4,19,189,0,nflverse
Chris Cooley,TE,TE,WAS,2004,14,0,0,0,0,0,0,37,314,6,nflverse
Darius Watts,WR,WR,DEN,2004,16,0,0,0,5,33,0,31,385,1,nflverse
Kevin Jones,RB,RB,DET,2004,15,0,0,0,241,1133,5,28,180,1,nflverse
Eli Manning,QB,QB,NYG,2004,8,1043,6,9,6,35,0,0,0,0,nflverse
Bernard Berrian,WR,WR,CHI,2004,16,0,0,0,8,28,0,15,225,2,nflverse
Craig Krenzel,QB,QB,CHI,2004,6,718,3,6,18,41,0,0,0,0,nflverse
Troy Fleming,RB,RB,TEN,2004,14,0,0,0,7,40,0,19,164,2,nflverse
Clarence Moore,WR,WR,BAL,2004,12,0,0,0,0,0,0,24,293,4,nflverse
Julius Jones,RB,RB,DAL,2004,8,0,0,0,197,819,7,17,109,0,nflverse
Luke McCown,QB,QB,CLE,2004,5,608,4,7,5,25,0,0,0,0,nflverse
Reggie Williams,WR,WR,JAX,2004,14,0,0,0,0,0,0,27,268,1,nflverse
Tatum Bell,RB,RB,DEN,2004,10,0,0,0,75,396,3,5,80,0,nflverse
Greg Jones,FB,RB,JAX,2004,15,0,0,0,62,162,3,3,13,0,nflverse
Ernest Wilford,WR,WR,JAX,2004,13,0,0,0,0,0,0,19,271,2,nflverse
Roy Williams,WR,WR,DET,2004,14,0,0,0,1,1,0,54,817,8,nflverse
Lee Evans,WR,WR,BUF,2004,15,0,0,0,5,85,0,48,843,9,nflverse
Ben Troupe,TE,TE,TEN,2004,13,0,0,0,0,0,0,33,329,1,nflverse
Larry Fitzgerald,WR,WR,ARI,2004,16,0,0,0,8,14,0,58,780,8,nflverse
Ben Roethlisberger,QB,QB,PIT,2004,14,2621,17,11,56,144,1,0,0,0,nflverse
Mike Alstott,FB,RB,TB,2005,15,0,0,0,34,80,6,25,222,1,nflverse
Obafemi Ayanbadejo,RB,RB,ARI,2005,14,0,0,0,22,46,0,34,231,0,nflverse
Tiki Barber,RB,RB,NYG,2005,16,0,0,0,357,1860,9,54,530,2,nflverse
Mike Bartrum,TE,TE,PHI,2005,7,0,0,0,0,0,0,2,6,2,nflverse
Jerome Bettis,RB,RB,PIT,2005,12,0,0,0,110,368,9,4,40,0,nflverse
Drew Bledsoe,QB,QB,DAL,2005,16,3639,23,17,34,50,2,0,0,0,nflverse
Marty Booker,WR,WR,MIA,2005,14,0,0,0,0,0,0,39,686,3,nflverse
Todd Bouman,QB,QB,NO,2005,5,722,2,7,8,15,0,0,0,0,nflverse
Corey Bradford,WR,WR,HOU,2005,12,0,0,0,1,-2,0,34,436,5,nflverse
Aaron Brooks,QB,QB,NO,2005,13,2882,13,17,45,281,2,0,0,0,nflverse
Troy Brown,WR,WR,NE,2005,12,0,0,0,0,0,0,39,466,2,nflverse
Isaac Bruce,WR,WR,LA,2005,11,0,0,0,0,0,0,36,525,3,nflverse
Mark Brunell,QB,QB,WAS,2005,16,3050,23,10,42,111,0,0,0,0,nflverse
Shawn Bryson,RB,RB,DET,2005,16,0,0,0,64,306,1,37,284,0,nflverse
Desmond Clark,TE,TE,CHI,2005,14,0,0,0,0,0,0,24,229,2,nflverse
Kerry Collins,QB,QB,LV,2005,15,3759,20,13,18,38,1,0,0,0,nflverse
Zack Crockett,RB,RB,LV,2005,16,0,0,0,60,208,1,13,111,0,nflverse
Daunte Culpepper,QB,QB,MIN,2005,7,1564,6,12,24,141,1,0,0,0,nflverse
Stephen Davis,RB,RB,CAR,2005,13,0,0,0,179,546,12,5,45,0,nflverse
Jake Delhomme,QB,QB,CAR,2005,16,3421,24,16,24,31,1,0,0,0,nflverse
Trent Dilfer,QB,QB,CLE,2005,11,2321,11,12,20,46,0,0,0,0,nflverse
Corey Dillon,RB,RB,NE,2005,11,0,0,0,209,733,12,22,181,1,nflverse
Donald Driver,WR,WR,GB,2005,16,0,0,0,2,13,0,86,1221,5,nflverse
Warrick Dunn,RB,RB,ATL,2005,16,0,0,0,280,1416,3,29,220,1,nflverse
Tim Dwight,WR,WR,NE,2005,16,0,0,0,4,11,0,19,332,3,nflverse
Marc Edwards,FB,RB,CHI,2005,8,0,0,0,0,0,0,10,66,2,nflverse
Bobby Engram,WR,WR,SEA,2005,13,0,0,0,0,0,0,67,774,3,nflverse
Kevin Faulk,RB,RB,NE,2005,8,0,0,0,51,144,0,29,260,0,nflverse
Marshall Faulk,RB,RB,LA,2005,15,0,0,0,65,292,0,44,291,1,nflverse
Christian Fauria,TE,TE,NE,2005,7,0,0,0,0,0,0,8,57,2,nflverse
Brett Favre,QB,QB,GB,2005,16,3892,20,29,18,62,0,0,0,0,nflverse
Brian Finneran,WR,WR,ATL,2005,14,0,0,0,0,0,0,50,611,2,nflverse
Gus Frerotte,QB,QB,MIA,2005,16,2996,18,13,27,61,0,0,0,0,nflverse
Joey Galloway,WR,WR,TB,2005,14,0,0,0,2,4,0,83,1287,10,nflverse
Jeff Garcia,QB,QB,DET,2005,6,937,3,6,17,51,1,0,0,0,nflverse
Terry Glenn,WR,WR,DAL,2005,16,0,0,0,2,-4,1,62,1136,7,nflverse
Tony Gonzalez,TE,TE,KC,2005,16,0,0,0,0,0,0,78,905,2,nflverse
Ahman Green,RB,RB,GB,2005,5,0,0,0,77,255,0,19,147,0,nflverse
Trent Green,QB,QB,KC,2005,16,4014,17,10,35,82,0,0,0,0,nflverse
Brian Griese,QB,QB,TB,2005,6,1136,7,7,13,12,0,0,0,0,nflverse
Az-Zahir Hakim,WR,WR,NO,2005,11,0,0,0,0,0,0,34,489,2,nflverse
Marvin Harrison,WR,WR,IND,2005,15,0,0,0,0,0,0,82,1146,12,nflverse
Matt Hasselbeck,QB,QB,SEA,2005,16,3455,24,10,36,124,1,0,0,0,nflverse
Steve Heiden,TE,TE,CLE,2005,15,0,0,0,0,0,0,43,401,3,nflverse
William Henderson,FB,RB,GB,2005,14,0,0,0,1,-5,0,30,264,0,nflverse
Ike Hilliard,WR,WR,TB,2005,13,0,0,0,0,0,0,35,282,1,nflverse
Kelly Holcomb,QB,QB,BUF,2005,10,1509,10,8,18,11,1,0,0,0,nflverse
Priest Holmes,RB,RB,KC,2005,7,0,0,0,119,451,6,21,197,1,nflverse
Torry Holt,WR,WR,LA,2005,14,0,0,0,1,2,0,102,1331,9,nflverse
Joe Horn,WR,WR,NO,2005,13,0,0,0,0,0,0,49,654,1,nflverse
Edgerrin James,RB,RB,IND,2005,15,0,0,0,360,1506,13,44,337,1,nflverse
Brad Johnson,QB,QB,MIN,2005,11,1885,12,4,18,53,0,0,0,0,nflverse
Keyshawn Johnson,WR,WR,DAL,2005,16,0,0,0,1,3,0,71,839,6,nflverse
Joe Jurevicius,WR,WR,SEA,2005,15,0,0,0,0,0,0,55,694,10,nflverse
Eddie Kennison,WR,WR,KC,2005,15,0,0,0,7,43,0,68,1102,5,nflverse
Kris Mangum,TE,TE,CAR,2005,12,0,0,0,0,0,0,23,202,2,nflverse
Peyton Manning,QB,QB,IND,2005,16,3747,28,10,33,45,0,0,0,0,nflverse
Curtis Martin,RB,RB,NYJ,2005,12,0,0,0,220,735,5,24,118,0,nflverse
Jamie Martin,QB,QB,LA,2005,8,1277,5,7,9,6,0,0,0,0,nflverse
Derrick Mason,WR,WR,BAL,2005,16,0,0,0,0,0,0,86,1073,3,nflverse
Keenan McCardell,WR,WR,LAC,2005,16,0,0,0,3,2,0,70,917,9,nflverse
Donovan McNabb,QB,QB,PHI,2005,9,2507,16,9,25,55,1,0,0,0,nflverse
Steve McNair,QB,QB,TEN,2005,14,3161,16,11,32,139,1,0,0,0,nflverse
Johnnie Morton,WR,WR,SF,2005,12,0,0,0,0,0,0,21,288,0,nflverse
Randy Moss,WR,WR,LV,2005,15,0,0,0,0,0,0,60,1005,8,nflverse
Eric Moulds,WR,WR,BUF,2005,14,0,0,0,0,0,0,81,816,4,nflverse
Muhsin Muhammad,WR,WR,CHI,2005,15,0,0,0,0,0,0,64,750,4,nflverse
Lorenzo Neal,FB,RB,LAC,2005,14,0,0,0,28,96,0,24,145,1,nflverse
Terrell Owens,WR,WR,PHI,2005,7,0,0,0,1,2,0,47,763,6,nflverse
David Patten,WR,WR,WAS,2005,8,0,0,0,0,0,0,22,217,0,nflverse
Michael Pittman,RB,RB,TB,2005,15,0,0,0,70,436,1,36,300,1,nflverse
Jake Plummer,QB,QB,DEN,2005,16,3366,18,7,45,156,2,0,0,0,nflverse
Marcus Pollard,TE,TE,DET,2005,15,0,0,0,0,0,0,47,516,3,nflverse
Ricky Proehl,WR,WR,CAR,2005,13,0,0,0,1,-8,0,25,441,4,nflverse
Marcus Robinson,WR,WR,MIN,2005,15,0,0,0,0,0,0,31,515,5,nflverse
Mike Sellers,TE,TE,WAS,2005,12,0,0,0,1,1,1,12,72,7,nflverse
Antowain Smith,RB,RB,NO,2005,16,0,0,0,166,659,3,12,46,0,nflverse
Jimmy Smith,WR,WR,JAX,2005,16,0,0,0,0,0,0,70,1023,6,nflverse
Rod Smith,WR,WR,DEN,2005,16,0,0,0,1,7,0,85,1105,6,nflverse
Jerald Sowell,FB,RB,NYJ,2005,15,0,0,0,1,1,1,28,155,2,nflverse
Aaron Stecker,RB,RB,NO,2005,14,0,0,0,95,363,0,35,281,0,nflverse
Brandon Stokley,WR,WR,IND,2005,12,0,0,0,0,0,0,41,543,1,nflverse
Mack Strong,FB,RB,SEA,2005,16,0,0,0,17,78,0,22,166,0,nflverse
Fred Taylor,RB,RB,JAX,2005,11,0,0,0,194,787,3,13,83,0,nflverse
Vinny Testaverde,QB,QB,NYJ,2005,6,777,1,6,7,4,2,0,0,0,nflverse
James Thrash,WR,WR,WAS,2005,11,0,0,0,1,8,0,14,194,0,nflverse
Amani Toomer,WR,WR,NYG,2005,15,0,0,0,0,0,0,60,684,7,nflverse
Hines Ward,WR,WR,PIT,2005,15,0,0,0,3,10,0,69,975,11,nflverse
Kurt Warner,QB,QB,ARI,2005,10,2713,11,9,13,28,0,1,0,0,nflverse
Alvis Whitted,WR,WR,LV,2005,9,0,0,0,2,51,0,14,183,0,nflverse
Jermaine Wiggins,TE,TE,MIN,2005,15,0,0,0,0,0,0,68,568,1,nflverse
Ricky Williams,RB,RB,MIA,2005,12,0,0,0,168,743,6,17,93,0,nflverse
Anthony Wright,QB,QB,BAL,2005,8,1582,6,9,18,68,0,0,0,0,nflverse
Laveranues Coles,WR,WR,NYJ,2005,16,0,0,0,0,0,0,73,845,5,nflverse
Billy Volek,QB,QB,TEN,2005,5,474,4,2,1,3,0,0,0,0,nflverse
Dane Looker,WR,WR,LA,2005,11,0,0,0,0,0,0,22,216,0,nflverse
Patrick Pass,RB,RB,NE,2005,10,0,0,0,54,245,3,22,227,0,nflverse
Dante Hall,WR,WR,KC,2005,16,0,0,0,7,11,0,34,436,3,nflverse
Troy Walters,WR,WR,IND,2005,15,0,0,0,0,0,0,14,152,3,nflverse
Chad Pennington,QB,QB,NYJ,2005,3,530,2,3,6,27,0,0,0,0,nflverse
Mike Anderson,RB,RB,DEN,2005,15,0,0,0,239,1014,12,18,212,1,nflverse
Tom Brady,QB,QB,NE,2005,16,4110,26,14,27,89,1,0,0,0,nflverse
Marc Bulger,QB,QB,LA,2005,8,2297,14,9,9,29,0,1,1,0,nflverse
Reuben Droughns,RB,RB,CLE,2005,16,0,0,0,309,1232,2,39,369,0,nflverse
Tim Rattay,QB,QB,SF,2005,4,667,5,6,7,18,0,0,0,0,nflverse
Thomas Jones,RB,RB,CHI,2005,15,0,0,0,314,1335,9,26,143,0,nflverse
Plaxico Burress,WR,WR,NYG,2005,16,0,0,0,0,0,0,76,1214,7,nflverse
Ron Dayne,RB,RB,DEN,2005,8,0,0,0,53,270,1,3,17,0,nflverse
Bubba Franks,TE,TE,GB,2005,7,0,0,0,0,0,0,26,218,1,nflverse
Shaun Alexander,RB,RB,SEA,2005,16,0,0,0,370,1880,27,15,78,1,nflverse
Dennis Northcutt,WR,WR,CLE,2005,16,0,0,0,2,33,0,42,441,2,nflverse
Erron Kinney,TE,TE,TEN,2005,13,0,0,0,0,0,0,55,543,2,nflverse
Darrell Jackson,WR,WR,SEA,2005,6,0,0,0,1,7,0,38,482,3,nflverse
Jamal Lewis,RB,RB,BAL,2005,15,0,0,0,269,906,3,32,191,1,nflverse
Jerry Porter,WR,WR,LV,2005,16,0,0,0,1,-8,0,76,942,5,nflverse
Travis Taylor,WR,WR,MIN,2005,16,0,0,0,2,3,0,50,604,4,nflverse
Nick Goings,RB,RB,CAR,2005,12,0,0,0,37,133,0,14,151,0,nflverse
Dominic Rhodes,RB,RB,IND,2005,13,0,0,0,40,118,4,13,88,0,nflverse
Drew Bennett,WR,WR,TEN,2005,13,0,0,0,1,3,0,58,738,4,nflverse
Antonio Chatman,WR,WR,GB,2005,16,0,0,0,8,34,0,49,549,4,nflverse
Marcel Shipp,RB,RB,ARI,2005,15,0,0,0,157,451,0,35,255,0,nflverse
Mike Vick,QB,QB,ATL,2005,15,2412,15,13,101,610,6,1,-14,0,nflverse
Alge Crumpler,TE,TE,ATL,2005,16,0,0,0,0,0,0,65,877,5,nflverse
Mike McMahon,QB,QB,PHI,2005,9,1158,5,8,32,125,3,0,0,0,nflverse
David Martin,TE,TE,GB,2005,10,0,0,0,0,0,0,27,224,3,nflverse
Steve Smith,WR,WR,CAR,2005,16,0,0,0,4,25,1,103,1563,12,nflverse
Justin McCareins,WR,WR,NYJ,2005,16,0,0,0,1,8,0,43,713,2,nflverse
Chad Johnson,WR,WR,CIN,2005,16,0,0,0,5,33,0,97,1432,9,nflverse
Rudi Johnson,RB,RB,CIN,2005,16,0,0,0,337,1458,12,23,90,0,nflverse
Quincy Morgan,WR,WR,PIT,2005,14,0,0,0,0,0,0,9,150,2,nflverse
Robert Ferguson,WR,WR,GB,2005,11,0,0,0,0,0,0,27,366,3,nflverse
T.J. Houshmandzadeh,WR,WR,CIN,2005,14,0,0,0,8,62,1,78,956,7,nflverse
Chris Chambers,WR,WR,MIA,2005,16,0,0,0,12,92,0,82,1118,11,nflverse
Cedrick Wilson,WR,WR,PIT,2005,15,0,0,0,1,0,0,26,451,0,nflverse
LaMont Jordan,RB,RB,LV,2005,14,0,0,0,272,1025,9,70,563,2,nflverse
Travis Henry,RB,RB,TEN,2005,9,0,0,0,88,335,0,13,117,0,nflverse
Kevan Barlow,RB,RB,SF,2005,12,0,0,0,176,581,3,31,241,0,nflverse
Sage Rosenfels,QB,QB,MIA,2005,4,462,4,3,6,15,0,0,0,0,nflverse
Koren Robinson,WR,WR,MIN,2005,14,0,0,0,4,27,1,22,347,1,nflverse
Santana Moss,WR,WR,WAS,2005,16,0,0,0,3,-3,0,84,1483,9,nflverse
Reggie Wayne,WR,WR,IND,2005,15,0,0,0,0,0,0,83,1055,5,nflverse
Heath Evans,FB,RB,NE,2005,11,0,0,0,52,192,0,14,105,0,nflverse
Michael Bennett,RB,RB,MIN,2005,16,0,0,0,126,473,3,27,124,2,nflverse
Todd Heap,TE,TE,BAL,2005,16,0,0,0,0,0,0,75,855,7,nflverse
Deuce McAllister,RB,RB,NO,2005,5,0,0,0,93,335,3,17,117,0,nflverse
Drew Brees,QB,QB,LAC,2005,16,3576,24,15,21,49,1,0,0,0,nflverse
LaDainian Tomlinson,RB,RB,LAC,2005,16,47,3,0,340,1464,18,51,370,2,nflverse
David Carr,QB,QB,HOU,2005,16,2488,14,11,56,308,1,0,0,0,nflverse
Frisman Jackson,WR,WR,CLE,2005,9,0,0,0,0,0,0,24,287,1,nflverse
Maurice Hicks,RB,RB,SF,2005,14,0,0,0,59,308,3,12,47,0,nflverse
Eric Parker,WR,WR,LAC,2005,15,0,0,0,4,55,0,57,725,3,nflverse
Tony Fisher,RB,RB,GB,2005,13,14,0,0,60,173,1,48,347,1,nflverse
Randy Hymes,WR,WR,BAL,2005,11,0,0,0,0,0,0,11,132,2,nflverse
Charlie Adams,WR,WR,DEN,2005,15,0,0,0,5,14,0,21,203,0,nflverse
Jeb Putzier,TE,TE,DEN,2005,15,0,0,0,0,0,0,37,481,0,nflverse
Joey Harrington,QB,QB,DET,2005,12,2021,12,12,25,80,0,1,-4,0,nflverse
Donte' Stallworth,WR,WR,NO,2005,16,0,0,0,2,2,0,70,945,7,nflverse
Jeremy Shockey,TE,TE,NYG,2005,15,0,0,0,0,0,0,65,891,7,nflverse
Ashley Lelie,WR,WR,DEN,2005,15,0,0,0,5,84,0,42,770,1,nflverse
Daniel Graham,TE,TE,NE,2005,7,0,0,0,0,0,0,16,235,3,nflverse
Jerramy Stevens,TE,TE,SEA,2005,15,0,0,0,0,0,0,45,554,5,nflverse
Jabar Gaffney,WR,WR,HOU,2005,14,0,0,0,4,13,0,55,492,2,nflverse
DeShaun Foster,RB,RB,CAR,2005,15,0,0,0,206,882,2,34,372,1,nflverse
Josh Reed,WR,WR,BUF,2005,16,0,0,0,1,-3,0,32,449,2,nflverse
Tim Carter,WR,WR,NYG,2005,11,0,0,0,6,46,0,10,186,0,nflverse
Reche Caldwell,WR,WR,LAC,2005,13,0,0,0,2,10,0,28,352,1,nflverse
Clinton Portis,RB,RB,WAS,2005,16,17,1,0,352,1516,11,30,216,0,nflverse
Maurice Morris,RB,RB,SEA,2005,14,0,0,0,71,288,1,5,48,0,nflverse
Doug Jolley,TE,TE,NYJ,2005,11,0,0,0,0,0,0,29,324,1,nflverse
Ladell Betts,RB,RB,WAS,2005,12,0,0,0,89,338,1,10,78,1,nflverse
Antwaan Randle El,WR,WR,PIT,2005,16,67,1,0,12,73,0,35,558,1,nflverse
Antonio Bryant,WR,WR,CLE,2005,16,0,0,0,1,3,0,69,1009,4,nflverse
Deion Branch,WR,WR,NE,2005,16,0,0,0,0,0,0,78,998,5,nflverse
Josh McCown,QB,QB,ARI,2005,9,1832,9,11,29,139,0,0,0,0,nflverse
Lamar Gordon,RB,RB,PHI,2005,14,0,0,0,54,182,1,11,79,0,nflverse
Chris Baker,TE,TE,NYJ,2005,8,0,0,0,0,0,0,18,269,1,nflverse
Brian Westbrook,RB,RB,PHI,2005,12,0,0,0,157,614,3,61,616,4,nflverse
Jonathan Wells,RB,RB,HOU,2005,13,0,0,0,90,325,4,22,179,0,nflverse
David Garrard,QB,QB,JAX,2005,7,1117,4,1,29,185,3,0,0,0,nflverse
Randy McMichael,TE,TE,MIA,2005,16,0,0,0,0,0,0,60,582,5,nflverse
Najeh Davenport,RB,RB,GB,2005,5,0,0,0,30,105,2,2,3,0,nflverse
Kyle Johnson,RB,RB,DEN,2005,13,0,0,0,4,9,1,17,160,5,nflverse
Verron Haynes,FB,RB,PIT,2005,14,0,0,0,74,274,3,11,113,0,nflverse
Adrian Peterson,RB,RB,CHI,2005,13,0,0,0,76,391,2,7,48,0,nflverse
Chester Taylor,RB,RB,BAL,2005,15,0,0,0,117,487,0,41,292,1,nflverse
Bryan Fletcher,TE,TE,IND,2005,10,0,0,0,0,0,0,18,202,3,nflverse
David Givens,WR,WR,NE,2005,13,0,0,0,2,13,0,59,738,2,nflverse
Rock Cartwright,RB,RB,WAS,2005,13,0,0,0,27,199,2,2,23,0,nflverse
T.J. Duckett,RB,RB,ATL,2005,14,0,0,0,121,380,8,6,63,0,nflverse
Carson Palmer,QB,QB,CIN,2005,16,3836,32,12,33,44,1,0,0,0,nflverse
Greg Lewis,WR,WR,PHI,2005,16,0,0,0,2,13,0,48,561,1,nflverse
Scott Vines,WR,WR,DET,2005,12,0,0,0,1,7,0,40,417,0,nflverse
Antonio Gates,TE,TE,LAC,2005,15,0,0,0,0,0,0,89,1101,10,nflverse
Zach Hilton,TE,TE,NO,2005,12,0,0,0,0,0,0,35,396,1,nflverse
Donald Lee,TE,TE,GB,2005,14,0,0,0,0,0,0,33,294,2,nflverse
Kevin Walter,WR,WR,CIN,2005,14,0,0,0,0,0,0,19,211,1,nflverse
Larry Johnson,RB,RB,KC,2005,16,0,0,0,336,1750,20,33,343,1,nflverse
Domanick Williams,RB,RB,HOU,2005,11,0,0,0,230,976,2,39,337,4,nflverse
George Wrighster,TE,TE,JAX,2005,10,0,0,0,0,0,0,13,120,2,nflverse
Shaun McDonald,WR,WR,LA,2005,15,0,0,0,1,7,0,46,523,0,nflverse
Justin Gage,WR,WR,CHI,2005,12,0,0,0,0,0,0,31,346,2,nflverse
Nate Burleson,WR,WR,MIN,2005,11,0,0,0,2,-6,0,30,328,1,nflverse
Kevin Curtis,WR,WR,LA,2005,16,0,0,0,1,5,1,61,822,6,nflverse
Chris Simms,QB,QB,TB,2005,11,2035,10,7,20,31,0,1,-3,0,nflverse
Artose Pinner,RB,RB,DET,2005,14,0,0,0,106,349,3,21,181,0,nflverse
Justin Griffith,RB,RB,ATL,2005,14,0,0,0,15,65,0,21,111,3,nflverse
Brooks Bollinger,QB,QB,NYJ,2005,11,1558,7,6,34,138,0,0,0,0,nflverse
Andre Johnson,WR,WR,HOU,2005,12,0,0,0,6,10,0,63,688,2,nflverse
LaBrandon Toefield,RB,RB,JAX,2005,7,0,0,0,36,142,4,3,17,0,nflverse
Arnaz Battle,WR,WR,SF,2005,9,27,0,0,8,11,0,32,363,3,nflverse
Anquan Boldin,WR,WR,ARI,2005,14,0,0,0,12,45,0,102,1398,7,nflverse
Chris Brown,RB,RB,TEN,2005,15,0,0,0,224,851,5,25,327,2,nflverse
Brandon Lloyd,WR,WR,SF,2005,15,0,0,0,0,0,0,48,733,5,nflverse
Doug Gabriel,WR,WR,LV,2005,13,0,0,0,1,5,0,37,554,3,nflverse
L.J. Smith,TE,TE,PHI,2005,16,0,0,0,0,0,0,61,682,3,nflverse
Jason Witten,TE,TE,DAL,2005,16,0,0,0,0,0,0,66,757,6,nflverse
Billy McMullen,WR,WR,PHI,2005,12,0,0,0,0,0,0,18,268,1,nflverse
Jeremi Johnson,FB,RB,CIN,2005,11,0,0,0,8,14,0,12,65,3,nflverse
Bryant Johnson,WR,WR,ARI,2005,14,0,0,0,1,0,0,40,432,1,nflverse
Kyle Boller,QB,QB,BAL,2005,9,1799,11,12,23,66,1,0,0,0,nflverse
Dallas Clark,TE,TE,IND,2005,14,0,0,0,0,0,0,37,488,4,nflverse
Byron Leftwich,QB,QB,JAX,2005,11,2123,15,5,31,67,2,0,0,0,nflverse
Willis McGahee,RB,RB,BUF,2005,16,0,0,0,325,1247,5,28,178,0,nflverse
Mewelde Moore,RB,RB,MIN,2005,16,0,0,0,155,662,1,37,339,2,nflverse
Willie Parker,RB,RB,PIT,2005,15,0,0,0,255,1202,4,18,218,1,nflverse
Jarrett Payton,RB,RB,TEN,2005,11,0,0,0,33,105,2,6,30,0,nflverse
Wes Welker,WR,WR,MIA,2005,16,0,0,0,1,5,0,29,434,0,nflverse
Shaud Williams,RB,RB,BUF,2005,16,0,0,0,45,161,0,17,118,0,nflverse
Ben Utecht,TE,TE,IND,2005,3,0,0,0,0,0,0,3,59,2,nflverse
D.J. Hackett,WR,WR,SEA,2005,10,0,0,0,0,0,0,28,400,2,nflverse
Courtney Anderson,TE,TE,LV,2005,12,0,0,0,0,0,0,24,303,3,nflverse
Michael Gaines,TE,TE,CAR,2005,7,0,0,0,0,0,0,12,155,2,nflverse
Michael Clayton,WR,WR,TB,2005,11,0,0,0,1,2,0,32,372,0,nflverse
Keary Colbert,WR,WR,CAR,2005,12,0,0,0,1,6,0,25,282,2,nflverse
Steven Jackson,RB,RB,LA,2005,15,0,0,0,254,1046,8,43,320,2,nflverse
Chris Cooley,TE,TE,WAS,2005,16,0,0,0,0,0,0,71,774,7,nflverse
Jim Sorgi,QB,QB,IND,2005,5,444,3,1,12,1,0,0,0,0,nflverse
Samie Parker,WR,WR,KC,2005,11,0,0,0,0,0,0,36,533,3,nflverse
Patrick Crayton,WR,WR,DAL,2005,11,0,0,0,1,0,0,22,341,2,nflverse
Michael Jenkins,WR,WR,ATL,2005,13,0,0,0,0,0,0,36,508,3,nflverse
Kevin Jones,RB,RB,DET,2005,13,0,0,0,186,664,5,20,109,0,nflverse
Matt Schaub,QB,QB,ATL,2005,7,495,4,0,9,76,0,0,0,0,nflverse
Eli Manning,QB,QB,NYG,2005,16,3762,24,17,30,80,1,0,0,0,nflverse
Bernard Berrian,WR,WR,CHI,2005,7,0,0,0,2,31,0,13,246,0,nflverse
Jerricho Cotchery,WR,WR,NYJ,2005,16,0,0,0,1,4,0,19,251,0,nflverse
Michael Turner,RB,RB,LAC,2005,15,0,0,0,57,335,3,0,0,0,nflverse
Julius Jones,RB,RB,DAL,2005,13,0,0,0,257,993,5,35,218,0,nflverse
Reggie Williams,WR,WR,JAX,2005,12,0,0,0,2,3,0,35,445,0,nflverse
Tatum Bell,RB,RB,DEN,2005,14,0,0,0,173,921,8,18,104,0,nflverse
Greg Jones,FB,RB,JAX,2005,14,0,0,0,151,575,4,10,65,0,nflverse
Ernest Wilford,WR,WR,JAX,2005,16,0,0,0,0,0,0,41,681,7,nflverse
Roy Williams,WR,WR,DET,2005,12,0,0,0,0,0,0,45,687,8,nflverse
Lee Evans,WR,WR,BUF,2005,16,0,0,0,4,38,0,49,743,7,nflverse
J.P. Losman,QB,QB,BUF,2005,9,1340,8,8,32,152,0,0,0,0,nflverse
Ben Troupe,TE,TE,TEN,2005,14,0,0,0,0,0,0,55,530,4,nflverse
Larry Fitzgerald,WR,WR,ARI,2005,16,0,0,0,8,41,0,103,1409,10,nflverse
Ben Roethlisberger,QB,QB,PIT,2005,12,2385,17,9,31,69,3,0,0,0,nflverse
Chris Perry,RB,RB,CIN,2005,14,0,0,0,61,279,0,51,328,2,nflverse
Devery Henderson,WR,WR,NO,2005,11,0,0,0,1,9,0,22,343,3,nflverse
Benjamin Watson,TE,TE,NE,2005,14,0,0,0,0,0,0,29,441,4,nflverse
Samkon Gado,RB,RB,GB,2005,8,0,0,0,143,582,6,10,77,1,nflverse
Adam Bergen,TE,TE,ARI,2005,14,0,0,0,0,0,0,28,270,1,nflverse
Alex Smith,QB,QB,SF,2005,9,875,1,11,30,103,0,0,0,0,nflverse
Ronnie Brown,RB,RB,MIA,2005,15,0,0,0,207,907,4,32,232,1,nflverse
Braylon Edwards,WR,WR,CLE,2005,10,0,0,0,0,0,0,32,512,3,nflverse
Cedric Benson,RB,RB,CHI,2005,9,0,0,0,67,272,0,1,3,0,nflverse
Cadillac Williams,RB,RB,TB,2005,14,0,0,0,290,1178,6,20,81,0,nflverse
Troy Williamson,WR,WR,MIN,2005,13,0,0,0,3,28,0,24,372,2,nflverse
Mike Williams,WR,WR,DET,2005,13,0,0,0,0,0,0,29,350,1,nflverse
Matt Jones,WR,WR,JAX,2005,15,12,0,0,12,51,0,36,432,5,nflverse
Mark Clayton,WR,WR,BAL,2005,13,0,0,0,8,33,1,44,471,2,nflverse
Roddy White,WR,WR,ATL,2005,14,0,0,0,4,12,0,29,446,3,nflverse
Heath Miller,TE,TE,PIT,2005,14,0,0,0,0,0,0,39,459,6,nflverse
Reggie Brown,WR,WR,PHI,2005,14,0,0,0,1,5,0,43,571,4,nflverse
Mark Bradley,WR,WR,CHI,2005,7,0,0,0,0,0,0,18,230,0,nflverse
J.J. Arrington,RB,RB,ARI,2005,15,0,0,0,112,370,2,25,139,0,nflverse
Frank Gore,RB,RB,SF,2005,14,0,0,0,127,608,3,15,131,0,nflverse
Charlie Frye,QB,QB,CLE,2005,7,1002,4,6,17,53,1,0,0,0,nflverse
Courtney Roby,WR,WR,TEN,2005,12,0,0,0,2,16,0,21,289,1,nflverse
Alex Smith,TE,TE,TB,2005,16,0,0,0,0,0,0,41,367,2,nflverse
Vernand Morency,RB,RB,HOU,2005,9,0,0,0,46,184,2,10,87,0,nflverse
Ryan Moats,RB,RB,PHI,2005,7,0,0,0,55,278,3,4,7,0,nflverse
Chris Henry,WR,WR,CIN,2005,11,0,0,0,0,0,0,31,422,6,nflverse
Brandon Jones,WR,WR,TEN,2005,9,0,0,0,1,1,0,23,299,2,nflverse
Kyle Orton,QB,QB,CHI,2005,15,1869,9,13,24,44,0,0,0,0,nflverse
Marion Barber,RB,RB,DAL,2005,13,0,0,0,138,538,5,18,115,0,nflverse
Brandon Jacobs,RB,RB,NYG,2005,15,0,0,0,38,99,7,0,0,0,nflverse
Ciatrick Fason,RB,RB,MIN,2005,9,0,0,0,32,62,4,0,0,0,nflverse
Alvin Pearman,RB,RB,JAX,2005,16,0,0,0,39,149,1,32,240,0,nflverse
Roydell Williams,WR,WR,TEN,2005,7,0,0,0,0,0,0,21,299,2,nflverse
Bo Scaife,TE,TE,TEN,2005,13,0,0,0,0,0,0,37,273,2,nflverse
Cedric Houston,RB,RB,NYJ,2005,10,0,0,0,81,302,2,8,66,0,nflverse
Tab Perry,WR,WR,CIN,2005,16,0,0,0,3,9,1,4,21,1,nflverse
Noah Herron,RB,RB,GB,2005,5,0,0,0,48,123,2,0,0,0,nflverse
Ryan Fitzpatrick,QB,QB,LA,2005,4,777,4,8,14,64,2,0,0,0,nflverse
Stephen Alexander,TE,TE,DEN,2006,10,0,0,0,0,0,0,18,160,2,nflverse
Mike Alstott,FB,RB,TB,2006,14,0,0,0,60,171,3,21,85,0,nflverse
Tiki Barber,RB,RB,NYG,2006,16,0,0,0,327,1662,5,58,465,0,nflverse
Charlie Batch,QB,QB,PIT,2006,7,477,5,0,13,12,0,0,0,0,nflverse
Drew Bledsoe,QB,QB,DAL,2006,6,1164,7,8,8,28,2,0,0,0,nflverse
Marty Booker,WR,WR,MIA,2006,14,0,0,0,3,19,0,55,747,6,nflverse
Aaron Brooks,QB,QB,LV,2006,8,1105,3,8,22,124,0,0,0,0,nflverse
Troy Brown,WR,WR,NE,2006,15,0,0,0,1,16,0,44,386,4,nflverse
Isaac Bruce,WR,WR,LA,2006,16,0,0,0,0,0,0,74,1098,3,nflverse
Mark Bruener,TE,TE,HOU,2006,8,0,0,0,0,0,0,9,62,2,nflverse
Mark Brunell,QB,QB,WAS,2006,10,1789,8,4,13,34,0,0,0,0,nflverse
Dan Campbell,TE,TE,DET,2006,14,0,0,0,0,0,0,21,308,4,nflverse
Desmond Clark,TE,TE,CHI,2006,14,0,0,0,0,0,0,45,626,6,nflverse
Kerry Collins,QB,QB,TEN,2006,3,549,1,6,0,0,0,0,0,0,nflverse
Zack Crockett,RB,RB,LV,2006,12,0,0,0,39,163,0,10,53,0,nflverse
Daunte Culpepper,QB,QB,MIA,2006,4,929,2,3,11,20,1,0,0,0,nflverse
Stephen Davis,RB,RB,LA,2006,14,0,0,0,40,177,0,12,90,1,nflverse
Jake Delhomme,QB,QB,CAR,2006,13,2805,17,11,18,12,0,0,0,0,nflverse
Corey Dillon,RB,RB,NE,2006,16,0,0,0,199,812,13,15,147,0,nflverse
Donald Driver,WR,WR,GB,2006,16,0,0,0,7,16,0,91,1288,8,nflverse
Warrick Dunn,RB,RB,ATL,2006,16,0,0,0,286,1140,4,22,170,1,nflverse
Bobby Engram,WR,WR,SEA,2006,6,0,0,0,1,4,0,24,290,1,nflverse
Kevin Faulk,RB,RB,NE,2006,15,0,0,0,25,123,1,43,356,2,nflverse
Brett Favre,QB,QB,GB,2006,16,3885,18,18,23,28,1,0,0,0,nflverse
Joey Galloway,WR,WR,TB,2006,14,0,0,0,2,9,0,62,1057,7,nflverse
Jeff Garcia,QB,QB,PHI,2006,8,1309,10,2,25,87,0,0,0,0,nflverse
Terry Glenn,WR,WR,DAL,2006,15,0,0,0,3,11,0,70,1047,6,nflverse
Tony Gonzalez,TE,TE,KC,2006,15,0,0,0,0,0,0,73,900,5,nflverse
Ahman Green,RB,RB,GB,2006,14,0,0,0,266,1059,5,47,380,1,nflverse
Trent Green,QB,QB,KC,2006,8,1342,7,9,19,59,0,0,0,0,nflverse
Marvin Harrison,WR,WR,IND,2006,16,0,0,0,0,0,0,95,1366,12,nflverse
Matt Hasselbeck,QB,QB,SEA,2006,12,2442,18,15,18,110,0,0,0,0,nflverse
Steve Heiden,TE,TE,CLE,2006,15,0,0,0,0,0,0,36,249,2,nflverse
Ike Hilliard,WR,WR,TB,2006,15,0,0,0,0,0,0,34,339,2,nflverse
Torry Holt,WR,WR,LA,2006,16,0,0,0,0,0,0,93,1188,10,nflverse
Joe Horn,WR,WR,NO,2006,10,0,0,0,0,0,0,37,679,4,nflverse
Damon Huard,QB,QB,KC,2006,10,1878,11,1,9,9,0,2,-6,0,nflverse
Edgerrin James,RB,RB,ARI,2006,16,0,0,0,337,1159,6,38,217,0,nflverse
Brad Johnson,QB,QB,MIN,2006,15,2750,9,15,30,82,1,0,0,0,nflverse
Keyshawn Johnson,WR,WR,CAR,2006,16,0,0,1,1,4,1,70,815,4,nflverse
Joe Jurevicius,WR,WR,CLE,2006,12,0,0,0,0,0,0,40,495,3,nflverse
Reggie Kelly,TE,TE,CIN,2006,13,0,0,0,0,0,0,21,254,1,nflverse
Eddie Kennison,WR,WR,KC,2006,16,0,0,0,4,16,0,53,860,5,nflverse
Jon Kitna,QB,QB,DET,2006,16,4208,21,22,34,156,2,0,0,0,nflverse
Peyton Manning,QB,QB,IND,2006,16,4397,31,9,23,36,4,0,0,0,nflverse
Derrick Mason,WR,WR,BAL,2006,15,0,0,0,1,-4,0,68,750,2,nflverse
Keenan McCardell,WR,WR,LAC,2006,14,0,0,0,1,8,0,36,437,0,nflverse
Donovan McNabb,QB,QB,PHI,2006,10,2612,17,6,32,212,3,0,0,0,nflverse
Steve McNair,QB,QB,BAL,2006,16,3050,16,12,45,119,1,0,0,0,nflverse
Randy Moss,WR,WR,LV,2006,12,0,0,0,0,0,0,42,553,3,nflverse
Eric Moulds,WR,WR,HOU,2006,15,0,0,0,1,6,0,57,557,1,nflverse
Muhsin Muhammad,WR,WR,CHI,2006,16,0,0,0,0,0,0,60,863,5,nflverse
Lorenzo Neal,FB,RB,LAC,2006,15,0,0,0,29,140,1,17,82,0,nflverse
Terrell Owens,WR,WR,DAL,2006,16,0,0,0,0,0,0,85,1180,13,nflverse
Michael Pittman,RB,RB,TB,2006,16,0,0,0,50,245,1,47,405,0,nflverse
Jake Plummer,QB,QB,DEN,2006,12,1994,11,13,36,112,1,0,0,0,nflverse
Peerless Price,WR,WR,BUF,2006,16,0,0,0,5,18,0,50,402,3,nflverse
Marcus Robinson,WR,WR,MIN,2006,8,0,0,0,0,0,0,29,381,4,nflverse
Rod Smith,WR,WR,DEN,2006,16,0,0,0,1,-5,0,52,512,3,nflverse
Aaron Stecker,RB,RB,NO,2006,11,0,0,0,4,11,0,19,190,0,nflverse
Mack Strong,FB,RB,SEA,2006,16,0,0,0,33,149,1,29,159,0,nflverse
Fred Taylor,RB,RB,JAX,2006,15,0,0,0,231,1146,5,23,242,1,nflverse
Amani Toomer,WR,WR,NYG,2006,8,0,0,0,1,0,0,32,360,3,nflverse
Hines Ward,WR,WR,PIT,2006,14,0,0,0,2,30,0,74,975,6,nflverse
Kurt Warner,QB,QB,ARI,2006,6,1377,6,5,13,3,0,0,0,0,nflverse
Alvis Whitted,WR,WR,LV,2006,13,0,0,0,1,4,0,27,299,0,nflverse
Jermaine Wiggins,TE,TE,MIN,2006,15,0,0,0,0,0,0,46,386,1,nflverse
Laveranues Coles,WR,WR,NYJ,2006,16,0,0,0,2,14,0,91,1098,6,nflverse
Mike Furrey,WR,WR,DET,2006,16,0,0,0,0,0,0,98,1086,6,nflverse
Bryan Gilmore,WR,WR,SF,2006,12,0,0,0,7,94,0,8,150,1,nflverse
Sammy Morris,RB,RB,MIA,2006,12,0,0,0,92,400,1,21,162,0,nflverse
Dante Hall,WR,WR,KC,2006,15,0,0,0,3,11,0,26,204,2,nflverse
Troy Walters,WR,WR,ARI,2006,15,0,0,0,0,0,0,23,209,2,nflverse
Chad Pennington,QB,QB,NYJ,2006,16,3352,17,16,36,111,0,0,7,0,nflverse
Mike Anderson,RB,RB,BAL,2006,13,0,0,0,39,183,1,9,54,0,nflverse
Tom Brady,QB,QB,NE,2006,16,3533,24,12,49,102,0,0,0,0,nflverse
Marc Bulger,QB,QB,LA,2006,16,4301,24,8,18,44,0,0,0,0,nflverse
Reuben Droughns,RB,RB,CLE,2006,14,0,0,0,220,758,4,27,169,0,nflverse
Tim Rattay,QB,QB,TB,2006,4,748,4,2,4,3,0,0,0,0,nflverse
Thomas Jones,RB,RB,CHI,2006,16,-4,0,0,297,1205,6,36,154,0,nflverse
Plaxico Burress,WR,WR,NYG,2006,15,0,0,0,0,0,0,63,988,10,nflverse
Ron Dayne,RB,RB,HOU,2006,10,0,0,0,151,612,5,14,77,0,nflverse
Bubba Franks,TE,TE,GB,2006,11,0,0,0,0,0,0,25,232,0,nflverse
Shaun Alexander,RB,RB,SEA,2006,10,0,0,0,252,896,7,12,48,0,nflverse
Dennis Northcutt,WR,WR,CLE,2006,13,0,0,0,3,32,0,22,228,0,nflverse
Darrell Jackson,WR,WR,SEA,2006,13,0,0,0,0,0,0,63,956,10,nflverse
Jamal Lewis,RB,RB,BAL,2006,16,0,0,0,314,1132,9,18,115,0,nflverse
Travis Taylor,WR,WR,MIN,2006,16,0,0,0,1,5,0,57,651,3,nflverse
Kenny Watson,RB,RB,CIN,2006,16,0,0,0,25,138,1,23,213,0,nflverse
Dominic Rhodes,RB,RB,IND,2006,16,0,0,0,187,641,5,36,251,0,nflverse
Randal Williams,TE,TE,LV,2006,14,0,0,0,0,0,0,28,293,0,nflverse
Drew Bennett,WR,WR,TEN,2006,13,0,0,0,0,0,0,46,737,3,nflverse
Marcel Shipp,RB,RB,ARI,2006,12,0,0,0,17,41,4,6,60,0,nflverse
Daniel Wilcox,TE,TE,BAL,2006,14,0,0,0,0,0,0,20,166,3,nflverse
Mike Vick,QB,QB,ATL,2006,16,2474,20,13,123,1039,2,1,1,0,nflverse
Correll Buckhalter,RB,RB,PHI,2006,16,0,0,0,83,345,2,23,201,0,nflverse
Alge Crumpler,TE,TE,ATL,2006,16,0,0,0,0,0,0,56,780,8,nflverse
A.J. Feeley,QB,QB,PHI,2006,2,342,3,0,1,3,0,0,0,0,nflverse
David Martin,TE,TE,GB,2006,8,0,0,0,0,0,0,21,198,2,nflverse
Steve Smith,WR,WR,CAR,2006,14,0,0,0,8,61,1,83,1166,8,nflverse
Brandon Manumaleuna,TE,TE,LAC,2006,8,0,0,0,1,1,0,14,91,3,nflverse
Justin McCareins,WR,WR,NYJ,2006,12,0,0,0,0,0,0,23,347,1,nflverse
Chad Johnson,WR,WR,CIN,2006,16,0,0,0,6,24,0,87,1370,7,nflverse
Anthony Thomas,RB,RB,BUF,2006,14,0,0,0,107,378,2,22,139,0,nflverse
Rudi Johnson,RB,RB,CIN,2006,16,0,0,0,341,1308,12,23,124,0,nflverse
Chris Weinke,QB,QB,CAR,2006,3,625,2,4,4,16,0,0,0,0,nflverse
T.J. Houshmandzadeh,WR,WR,CIN,2006,14,0,0,0,3,6,0,90,1081,9,nflverse
Chris Chambers,WR,WR,MIA,2006,16,0,0,0,8,95,0,59,677,4,nflverse
Cedrick Wilson,WR,WR,PIT,2006,14,21,0,0,2,14,0,37,504,1,nflverse
Eric Johnson,TE,TE,SF,2006,11,0,0,0,0,0,0,34,292,2,nflverse
LaMont Jordan,RB,RB,LV,2006,9,0,0,0,114,434,2,10,74,0,nflverse
Travis Henry,RB,RB,TEN,2006,14,0,0,0,270,1211,7,18,78,0,nflverse
Kevan Barlow,RB,RB,NYJ,2006,12,0,0,0,131,370,6,7,21,0,nflverse
Sage Rosenfels,QB,QB,HOU,2006,4,265,3,1,4,5,0,0,0,0,nflverse
Santana Moss,WR,WR,WAS,2006,14,0,0,0,7,82,0,55,790,6,nflverse
Reggie Wayne,WR,WR,IND,2006,16,0,0,0,0,0,0,86,1310,9,nflverse
Moran Norris,FB,RB,SF,2006,6,0,0,0,2,8,0,5,36,2,nflverse
Michael Bennett,RB,RB,KC,2006,8,0,0,0,36,200,0,9,77,0,nflverse
Todd Heap,TE,TE,BAL,2006,16,0,0,0,0,0,0,73,765,6,nflverse
Deuce McAllister,RB,RB,NO,2006,15,0,0,0,245,1061,11,30,198,0,nflverse
Drew Brees,QB,QB,NO,2006,16,4424,26,11,41,32,0,0,0,0,nflverse
LaDainian Tomlinson,RB,RB,LAC,2006,16,20,2,0,349,1815,28,56,508,3,nflverse
David Carr,QB,QB,HOU,2006,16,2765,11,12,54,193,2,0,0,0,nflverse
Maurice Hicks,RB,RB,SF,2006,16,0,0,0,29,82,0,13,137,1,nflverse
Eric Parker,WR,WR,LAC,2006,15,0,0,0,2,19,0,48,659,0,nflverse
Matt Schobel,TE,TE,PHI,2006,13,0,0,0,0,0,0,14,214,2,nflverse
Joey Harrington,QB,QB,MIA,2006,11,2236,12,15,19,17,0,0,0,0,nflverse
Donte' Stallworth,WR,WR,PHI,2006,11,0,0,0,0,0,0,38,725,5,nflverse
Jeremy Shockey,TE,TE,NYG,2006,15,0,0,0,0,0,0,66,623,7,nflverse
Ashley Lelie,WR,WR,ATL,2006,13,0,0,0,0,0,0,28,430,1,nflverse
Javon Walker,WR,WR,DEN,2006,16,0,0,0,9,123,1,69,1084,8,nflverse
Daniel Graham,TE,TE,NE,2006,11,0,0,0,0,0,0,20,223,2,nflverse
Jerramy Stevens,TE,TE,SEA,2006,10,0,0,0,0,0,0,22,231,4,nflverse
DeShaun Foster,RB,RB,CAR,2006,14,0,0,0,227,897,3,32,159,0,nflverse
Josh Reed,WR,WR,BUF,2006,12,0,0,0,4,13,0,34,410,2,nflverse
Tim Carter,WR,WR,NYG,2006,12,0,0,0,0,0,0,22,253,2,nflverse
Reche Caldwell,WR,WR,NE,2006,16,0,0,0,1,5,0,61,760,4,nflverse
Clinton Portis,RB,RB,WAS,2006,8,0,0,0,127,523,7,17,170,0,nflverse
Maurice Morris,RB,RB,SEA,2006,16,0,0,0,161,604,0,11,46,0,nflverse
Ladell Betts,RB,RB,WAS,2006,16,0,0,0,245,1154,4,53,445,1,nflverse
Antwaan Randle El,WR,WR,WAS,2006,16,88,1,0,19,118,0,32,351,3,nflverse
Antonio Bryant,WR,WR,SF,2006,14,0,0,0,0,0,0,41,747,3,nflverse
Deion Branch,WR,WR,SEA,2006,14,0,0,0,4,30,0,53,725,4,nflverse
Chris Baker,TE,TE,NYJ,2006,16,0,0,0,0,0,0,31,300,4,nflverse
Brian Westbrook,RB,RB,PHI,2006,15,0,0,0,240,1217,7,77,699,4,nflverse
David Garrard,QB,QB,JAX,2006,10,1735,10,9,47,250,0,0,0,0,nflverse
Randy McMichael,TE,TE,MIA,2006,16,0,0,0,0,0,0,62,640,3,nflverse
Najeh Davenport,RB,RB,PIT,2006,13,0,0,0,60,221,1,15,193,1,nflverse
Robert Royal,TE,TE,BUF,2006,15,0,0,0,1,-9,0,23,233,3,nflverse
John Gilmore,TE,TE,CHI,2006,7,0,0,0,0,0,0,6,38,2,nflverse
Adrian Peterson,RB,RB,CHI,2006,14,0,0,0,10,41,2,6,88,0,nflverse
Chester Taylor,RB,RB,MIN,2006,15,0,0,0,304,1214,6,42,288,0,nflverse
Bryan Fletcher,TE,TE,IND,2006,10,0,0,0,0,0,0,18,202,2,nflverse
Ronald Curry,WR,WR,LV,2006,15,0,0,1,1,4,0,62,727,1,nflverse
T.J. Duckett,RB,RB,WAS,2006,9,0,0,0,38,132,2,2,16,0,nflverse
Carson Palmer,QB,QB,CIN,2006,16,4036,28,13,26,35,0,0,0,0,nflverse
Greg Lewis,WR,WR,PHI,2006,15,0,0,0,0,0,0,24,348,2,nflverse
Antonio Gates,TE,TE,LAC,2006,16,0,0,0,0,0,0,71,924,9,nflverse
ReShard Lee,RB,RB,LV,2006,14,0,0,0,21,72,2,20,138,0,nflverse
Tony Romo,QB,QB,DAL,2006,13,2903,19,13,34,102,0,0,0,0,nflverse
Arlen Harris,RB,RB,DET,2006,8,0,0,0,49,158,1,18,132,0,nflverse
David Tyree,WR,WR,NYG,2006,13,0,0,0,0,0,0,19,197,2,nflverse
Larry Johnson,RB,RB,KC,2006,16,0,0,0,416,1789,17,41,410,2,nflverse
George Wrighster,TE,TE,JAX,2006,15,0,0,0,0,0,0,39,353,3,nflverse
Nate Burleson,WR,WR,SEA,2006,15,0,0,0,0,0,0,18,192,2,nflverse
Kevin Curtis,WR,WR,LA,2006,13,0,0,0,4,4,0,39,469,4,nflverse
Chris Simms,QB,QB,TB,2006,3,585,1,7,4,7,1,0,0,0,nflverse
Artose Pinner,RB,RB,MIN,2006,11,0,0,0,42,192,3,2,15,0,nflverse
Justin Griffith,RB,RB,ATL,2006,13,0,0,0,19,106,1,23,168,3,nflverse
Andre Johnson,WR,WR,HOU,2006,16,0,0,0,3,14,0,103,1147,5,nflverse
Seneca Wallace,QB,QB,SEA,2006,6,927,8,7,13,119,0,0,0,0,nflverse
Arnaz Battle,WR,WR,SF,2006,16,0,0,0,4,28,0,60,683,3,nflverse
Anquan Boldin,WR,WR,ARI,2006,16,0,0,0,5,28,0,83,1203,4,nflverse
Justin Fargas,RB,RB,LV,2006,16,0,0,0,178,659,1,13,91,0,nflverse
Brandon Lloyd,WR,WR,WAS,2006,13,0,0,0,0,0,0,23,365,0,nflverse
Doug Gabriel,WR,WR,LV,2006,13,0,0,0,0,0,0,30,428,3,nflverse
Rex Grossman,QB,QB,CHI,2006,16,3197,23,20,24,2,0,1,-4,0,nflverse
L.J. Smith,TE,TE,PHI,2006,14,0,0,0,0,0,0,50,611,5,nflverse
Jason Witten,TE,TE,DAL,2006,16,0,0,0,0,0,0,64,754,1,nflverse
Musa Smith,RB,RB,BAL,2006,12,0,0,0,36,153,0,22,135,0,nflverse
Billy McMullen,WR,WR,MIN,2006,12,0,0,0,0,0,0,23,307,2,nflverse
Ovie Mughelli,FB,RB,BAL,2006,13,0,0,0,12,50,0,21,182,2,nflverse
Bobby Wade,WR,WR,TEN,2006,16,0,0,0,0,0,0,33,461,2,nflverse
Bryant Johnson,WR,WR,ARI,2006,16,0,0,0,1,-3,0,40,740,4,nflverse
Kyle Boller,QB,QB,BAL,2006,4,485,5,2,22,34,0,0,0,0,nflverse
Dallas Clark,TE,TE,IND,2006,12,0,0,0,0,0,0,30,367,4,nflverse
Byron Leftwich,QB,QB,JAX,2006,6,1158,7,5,25,41,2,0,0,0,nflverse
Willis McGahee,RB,RB,BUF,2006,14,0,0,0,259,990,6,18,156,0,nflverse
Mewelde Moore,RB,RB,MIN,2006,16,15,1,0,24,131,0,46,468,1,nflverse
Willie Parker,RB,RB,PIT,2006,16,0,0,0,337,1494,13,31,222,3,nflverse
Jason Wright,RB,RB,CLE,2006,9,0,0,0,62,189,0,6,82,0,nflverse
Terrance Copper,WR,WR,NO,2006,13,0,0,0,1,8,0,23,385,3,nflverse
Malcom Floyd,WR,WR,LAC,2006,9,0,0,0,0,0,0,15,210,3,nflverse
Ruvell Martin,WR,WR,GB,2006,11,0,0,0,0,0,0,21,358,1,nflverse
Wes Welker,WR,WR,MIA,2006,16,0,0,0,0,0,0,67,687,1,nflverse
Ben Utecht,TE,TE,IND,2006,13,0,0,0,0,0,0,37,377,0,nflverse
D.J. Hackett,WR,WR,SEA,2006,13,0,0,0,0,0,0,45,610,4,nflverse
Courtney Anderson,TE,TE,LV,2006,11,0,0,0,0,0,0,25,285,2,nflverse
Kris Wilson,TE,TE,KC,2006,12,0,0,0,0,0,0,15,132,3,nflverse
Michael Clayton,WR,WR,TB,2006,12,0,0,0,5,41,0,33,356,1,nflverse
Steven Jackson,RB,RB,LA,2006,16,0,0,0,346,1528,13,90,806,3,nflverse
Chris Cooley,TE,TE,WAS,2006,16,0,0,0,0,0,0,57,734,6,nflverse
Samie Parker,WR,WR,KC,2006,16,0,0,0,3,7,0,41,561,1,nflverse
Patrick Crayton,WR,WR,DAL,2006,15,0,0,0,0,0,0,36,516,4,nflverse
Michael Jenkins,WR,WR,ATL,2006,16,0,0,0,1,2,0,39,436,7,nflverse
Kevin Jones,RB,RB,DET,2006,12,0,0,0,181,689,6,61,520,2,nflverse
Mike Karney,FB,RB,NO,2006,13,0,0,0,11,33,1,15,96,2,nflverse
Eli Manning,QB,QB,NYG,2006,16,3244,24,18,25,21,0,0,0,0,nflverse
Bernard Berrian,WR,WR,CHI,2006,15,0,0,0,2,5,0,51,775,6,nflverse
Jerricho Cotchery,WR,WR,NYJ,2006,16,0,0,0,5,25,0,82,961,6,nflverse
Michael Turner,RB,RB,LAC,2006,13,0,0,0,80,502,2,3,47,0,nflverse
Julius Jones,RB,RB,DAL,2006,16,0,0,0,267,1084,4,9,142,0,nflverse
Drew Carter,WR,WR,CAR,2006,10,0,0,0,2,18,0,28,357,3,nflverse
Reggie Williams,WR,WR,JAX,2006,16,0,0,0,6,34,0,53,615,4,nflverse
Tatum Bell,RB,RB,DEN,2006,13,0,0,0,233,1025,2,24,115,0,nflverse
Ernest Wilford,WR,WR,JAX,2006,15,0,0,0,0,0,0,36,524,2,nflverse
Roy Williams,WR,WR,DET,2006,16,0,0,0,2,2,0,82,1310,7,nflverse
Lee Evans,WR,WR,BUF,2006,16,0,0,0,0,0,0,82,1291,8,nflverse
J.P. Losman,QB,QB,BUF,2006,16,3050,19,14,38,140,1,0,0,0,nflverse
Ben Troupe,TE,TE,TEN,2006,10,0,0,0,0,0,0,13,150,2,nflverse
Larry Fitzgerald,WR,WR,ARI,2006,13,0,0,0,1,5,0,68,941,6,nflverse
Kellen Winslow,TE,TE,CLE,2006,16,0,0,0,0,0,0,89,875,3,nflverse
Ben Roethlisberger,QB,QB,PIT,2006,15,3528,18,23,32,98,2,0,0,0,nflverse
Devery Henderson,WR,WR,NO,2006,10,0,0,0,2,14,1,32,745,5,nflverse
Philip Rivers,QB,QB,LAC,2006,16,3387,22,9,47,53,0,0,0,0,nflverse
Benjamin Watson,TE,TE,NE,2006,13,0,0,0,0,0,0,50,657,3,nflverse
Samkon Gado,RB,RB,HOU,2006,9,0,0,0,56,210,1,17,85,0,nflverse
Nate Washington,WR,WR,PIT,2006,16,0,0,0,3,8,0,35,624,4,nflverse
Rashied Davis,WR,WR,CHI,2006,15,0,0,0,0,0,0,22,307,2,nflverse
Alex Smith,QB,QB,SF,2006,16,2901,16,15,41,151,2,0,0,0,nflverse
Ronnie Brown,RB,RB,MIA,2006,13,0,0,0,242,1005,5,33,276,0,nflverse
Braylon Edwards,WR,WR,CLE,2006,16,0,0,0,4,12,0,60,879,6,nflverse
Cedric Benson,RB,RB,CHI,2006,15,0,0,0,157,647,6,8,54,0,nflverse
Cadillac Williams,RB,RB,TB,2006,14,0,0,0,225,798,1,30,196,0,nflverse
Troy Williamson,WR,WR,MIN,2006,12,0,0,0,0,0,0,37,455,0,nflverse
Matt Jones,WR,WR,JAX,2006,13,0,0,0,1,-6,0,41,643,4,nflverse
Mark Clayton,WR,WR,BAL,2006,16,0,0,0,7,-30,0,67,939,5,nflverse
Jason Campbell,QB,QB,WAS,2006,7,1297,10,6,23,112,0,0,0,0,nflverse
Roddy White,WR,WR,ATL,2006,14,0,0,0,0,0,0,30,506,0,nflverse
Heath Miller,TE,TE,PIT,2006,14,0,0,0,0,0,0,34,393,5,nflverse
Reggie Brown,WR,WR,PHI,2006,16,0,0,0,3,24,1,47,836,8,nflverse
Mark Bradley,WR,WR,CHI,2006,6,0,0,0,0,0,0,14,282,3,nflverse
Roscoe Parrish,WR,WR,BUF,2006,16,0,0,0,2,18,0,23,320,2,nflverse
Vincent Jackson,WR,WR,LAC,2006,13,0,0,0,3,16,0,27,453,6,nflverse
Frank Gore,RB,RB,SF,2006,16,0,0,0,313,1695,8,61,485,1,nflverse
Charlie Frye,QB,QB,CLE,2006,13,2449,10,17,47,215,3,0,0,0,nflverse
Andrew Walter,QB,QB,LV,2006,12,1677,3,13,14,30,0,0,0,0,nflverse
Alex Smith,TE,TE,TB,2006,13,0,0,0,0,0,0,35,250,3,nflverse
Vernand Morency,RB,RB,GB,2006,14,0,0,0,96,434,2,17,118,0,nflverse
Chris Henry,WR,WR,CIN,2006,11,0,0,0,0,0,0,36,605,9,nflverse
Brandon Jones,WR,WR,TEN,2006,13,0,0,0,1,3,0,27,384,4,nflverse
Marion Barber,RB,RB,DAL,2006,16,0,0,0,136,654,14,23,196,2,nflverse
Brandon Jacobs,RB,RB,NYG,2006,15,0,0,0,96,423,9,11,149,0,nflverse
Bo Scaife,TE,TE,TEN,2006,12,0,0,0,1,13,1,29,370,2,nflverse
Cedric Houston,RB,RB,NYJ,2006,8,0,0,0,113,374,5,7,43,0,nflverse
Derek Anderson,QB,QB,CLE,2006,4,793,5,8,4,47,0,0,0,0,nflverse
Noah Herron,RB,RB,GB,2006,15,0,0,0,37,150,1,29,211,2,nflverse
Mike Bell,RB,RB,DEN,2006,14,0,0,0,157,677,8,20,158,0,nflverse
Hank Baskett,WR,WR,PHI,2006,13,0,0,1,0,0,0,22,464,2,nflverse
Reggie Bush,RB,RB,NO,2006,16,0,0,1,154,558,6,89,748,2,nflverse
Vince Young,QB,QB,TEN,2006,15,2199,12,13,82,553,7,0,0,0,nflverse
Vernon Davis,TE,TE,SF,2006,8,0,0,0,2,5,0,20,265,3,nflverse
Matt Leinart,QB,QB,ARI,2006,12,2542,11,12,23,44,2,0,0,0,nflverse
Jay Cutler,QB,QB,DEN,2006,5,1001,9,5,12,18,0,0,0,0,nflverse
Laurence Maroney,RB,RB,NE,2006,14,0,0,0,175,745,6,22,194,1,nflverse
Santonio Holmes,WR,WR,PIT,2006,16,0,0,0,1,13,0,49,824,2,nflverse
DeAngelo Williams,RB,RB,CAR,2006,13,0,0,0,121,501,1,33,313,1,nflverse
Joseph Addai,RB,RB,IND,2006,16,0,0,0,226,1081,7,40,325,1,nflverse
Chad Jackson,WR,WR,NE,2006,10,0,0,0,4,22,0,13,152,3,nflverse
LenDale White,RB,RB,TEN,2006,13,0,0,0,61,244,0,14,60,0,nflverse
Joe Klopfenstein,TE,TE,LA,2006,13,0,0,0,0,0,0,20,226,1,nflverse
Greg Jennings,WR,WR,GB,2006,14,0,0,0,0,0,0,45,632,3,nflverse
Maurice Jones-Drew,RB,RB,JAX,2006,16,0,0,0,166,941,13,46,436,2,nflverse
Tony Scheffler,TE,TE,DEN,2006,8,0,0,0,1,3,0,18,286,4,nflverse
Jerious Norwood,RB,RB,ATL,2006,14,0,0,0,99,633,2,13,102,0,nflverse
Derek Hagan,WR,WR,MIA,2006,11,0,0,0,0,0,0,21,221,1,nflverse
Owen Daniels,TE,TE,HOU,2006,12,0,0,0,0,0,0,34,350,5,nflverse
Michael Robinson,FB,RB,SF,2006,16,0,0,0,38,116,2,9,47,0,nflverse
Demetrius Williams,WR,WR,BAL,2006,14,0,0,0,0,0,0,22,396,2,nflverse
Leon Washington,RB,RB,NYJ,2006,16,0,0,0,151,650,4,25,270,0,nflverse
Brandon Marshall,WR,WR,DEN,2006,10,0,0,0,2,12,0,20,309,2,nflverse
Wali Lundy,RB,RB,HOU,2006,13,0,0,0,124,476,4,33,204,0,nflverse
Bruce Gradkowski,QB,QB,TB,2006,13,1661,9,9,41,161,0,0,0,0,nflverse
Marques Colston,WR,WR,NO,2006,12,0,0,0,0,0,0,70,1038,8,nflverse
Marty Booker,WR,WR,MIA,2007,15,0,0,0,2,12,0,50,556,1,nflverse
Kyle Brady,TE,TE,NE,2007,8,0,0,0,0,0,0,9,70,2,nflverse
Isaac Bruce,WR,WR,LA,2007,13,0,0,0,2,-4,0,55,733,4,nflverse
Desmond Clark,TE,TE,CHI,2007,15,0,0,0,0,0,0,44,545,4,nflverse
Kerry Collins,QB,QB,TEN,2007,6,531,0,0,3,-3,0,0,0,0,nflverse
Todd Collins,QB,QB,WAS,2007,4,888,5,0,8,1,0,0,0,0,nflverse
Daunte Culpepper,QB,QB,LV,2007,7,1332,5,5,20,46,3,0,0,0,nflverse
Jake Delhomme,QB,QB,CAR,2007,3,617,8,1,6,26,0,0,0,0,nflverse
Trent Dilfer,QB,QB,SF,2007,7,1166,7,12,10,25,0,0,0,0,nflverse
Donald Driver,WR,WR,GB,2007,15,0,0,0,2,4,0,82,1048,2,nflverse
Warrick Dunn,RB,RB,ATL,2007,16,0,0,0,228,718,4,37,238,0,nflverse
Tim Dwight,WR,WR,LV,2007,6,0,0,0,2,12,0,6,98,2,nflverse
Bobby Engram,WR,WR,SEA,2007,16,0,0,0,0,0,0,94,1147,6,nflverse
Kevin Faulk,RB,RB,NE,2007,16,0,0,0,63,268,0,47,383,1,nflverse
Christian Fauria,TE,TE,CAR,2007,5,0,0,0,0,0,0,5,39,2,nflverse
Brett Favre,QB,QB,GB,2007,16,4157,28,15,29,12,0,0,0,0,nflverse
Gus Frerotte,QB,QB,LA,2007,8,1014,7,12,6,3,0,0,0,0,nflverse
Joey Galloway,WR,WR,TB,2007,15,0,0,0,1,1,0,57,1014,6,nflverse
Jeff Garcia,QB,QB,TB,2007,13,2440,13,4,35,116,1,0,0,0,nflverse
Tony Gonzalez,TE,TE,KC,2007,16,0,0,0,0,0,0,99,1172,5,nflverse
Ahman Green,RB,RB,HOU,2007,6,0,0,0,70,260,2,14,123,0,nflverse
Trent Green,QB,QB,MIA,2007,5,987,5,7,7,32,0,0,0,0,nflverse
Brian Griese,QB,QB,CHI,2007,7,1803,10,12,13,28,0,0,0,0,nflverse
Marvin Harrison,WR,WR,IND,2007,5,0,0,0,0,0,0,20,247,1,nflverse
Matt Hasselbeck,QB,QB,SEA,2007,16,3966,28,12,39,97,0,0,0,0,nflverse
Ike Hilliard,WR,WR,TB,2007,15,0,0,0,1,6,0,62,722,1,nflverse
Kelly Holcomb,QB,QB,MIN,2007,3,511,2,1,1,0,0,0,0,0,nflverse
Torry Holt,WR,WR,LA,2007,16,0,0,0,0,0,0,93,1189,7,nflverse
Joe Horn,WR,WR,ATL,2007,11,0,0,0,0,0,0,27,243,1,nflverse
Damon Huard,QB,QB,KC,2007,11,2257,11,13,9,-1,0,0,0,0,nflverse
Edgerrin James,RB,RB,ARI,2007,16,0,0,0,324,1232,7,25,196,0,nflverse
Joe Jurevicius,WR,WR,CLE,2007,16,0,0,0,0,0,0,50,614,3,nflverse
Reggie Kelly,TE,TE,CIN,2007,13,0,0,0,0,0,0,20,211,0,nflverse
Jon Kitna,QB,QB,DET,2007,16,4066,18,21,27,63,0,1,9,0,nflverse
Peyton Manning,QB,QB,IND,2007,16,4040,31,14,20,-5,3,0,0,0,nflverse
Derrick Mason,WR,WR,BAL,2007,16,0,0,0,0,0,0,103,1087,5,nflverse
Keenan McCardell,WR,WR,WAS,2007,7,0,0,0,0,0,0,22,256,1,nflverse
Donovan McNabb,QB,QB,PHI,2007,14,3324,19,7,50,236,0,0,0,0,nflverse
Steve McNair,QB,QB,BAL,2007,6,1113,2,4,10,32,0,0,0,0,nflverse
Billy Miller,TE,TE,NO,2007,13,0,0,0,0,0,0,27,328,2,nflverse
Randy Moss,WR,WR,NE,2007,16,0,0,0,0,0,0,98,1493,23,nflverse
Eric Moulds,WR,WR,TEN,2007,13,0,0,0,0,0,0,32,342,0,nflverse
Muhsin Muhammad,WR,WR,CHI,2007,15,0,0,0,0,0,0,40,570,3,nflverse
Terrell Owens,WR,WR,DAL,2007,15,0,0,0,1,5,0,81,1355,15,nflverse
David Patten,WR,WR,NO,2007,15,0,0,0,2,-5,0,54,792,3,nflverse
Michael Pittman,RB,RB,TB,2007,10,0,0,0,69,288,0,26,191,0,nflverse
Marcus Pollard,TE,TE,SEA,2007,13,0,0,0,0,0,0,28,273,2,nflverse
Mike Sellers,TE,TE,WAS,2007,14,0,0,0,26,78,2,17,117,1,nflverse
Aaron Stecker,RB,RB,NO,2007,15,0,0,0,114,444,5,37,215,0,nflverse
Brandon Stokley,WR,WR,DEN,2007,13,0,0,0,1,-6,0,40,635,5,nflverse
Fred Taylor,RB,RB,JAX,2007,15,0,0,0,223,1202,5,9,58,0,nflverse
Vinny Testaverde,QB,QB,CAR,2007,7,936,5,6,9,22,0,0,0,0,nflverse
James Thrash,WR,WR,WAS,2007,9,0,0,0,0,0,0,9,107,2,nflverse
Amani Toomer,WR,WR,NYG,2007,15,0,0,0,0,0,0,59,760,3,nflverse
Hines Ward,WR,WR,PIT,2007,13,0,0,0,2,7,0,72,736,7,nflverse
Kurt Warner,QB,QB,ARI,2007,14,3409,27,17,17,15,1,0,0,0,nflverse
Laveranues Coles,WR,WR,NYJ,2007,11,0,0,0,0,0,0,55,646,6,nflverse
Mike Furrey,WR,WR,DET,2007,15,0,0,0,0,0,0,61,664,1,nflverse
Anthony Becht,TE,TE,TB,2007,6,0,0,0,0,0,0,5,20,2,nflverse
Sammy Morris,RB,RB,NE,2007,6,0,0,0,85,384,3,6,35,0,nflverse
Chad Pennington,QB,QB,NYJ,2007,9,1766,10,9,20,32,1,0,0,0,nflverse
Tom Brady,QB,QB,NE,2007,16,4806,50,8,37,98,2,0,0,0,nflverse
Marc Bulger,QB,QB,LA,2007,12,2392,11,15,9,13,0,0,0,0,nflverse
Reuben Droughns,RB,RB,NYG,2007,16,0,0,0,85,275,6,7,49,0,nflverse
Tim Rattay,QB,QB,ARI,2007,4,164,3,3,2,5,0,0,0,0,nflverse
Thomas Jones,RB,RB,NYJ,2007,16,0,0,0,310,1119,1,28,217,1,nflverse
Plaxico Burress,WR,WR,NYG,2007,16,0,0,0,0,0,0,70,1025,12,nflverse
Ron Dayne,RB,RB,HOU,2007,13,0,0,0,194,773,6,17,112,0,nflverse
Bubba Franks,TE,TE,GB,2007,7,0,0,0,0,0,0,18,132,3,nflverse
Shaun Alexander,RB,RB,SEA,2007,13,0,0,0,207,716,4,14,76,1,nflverse
Dennis Northcutt,WR,WR,JAX,2007,15,0,0,0,6,27,0,44,601,4,nflverse
Darrell Jackson,WR,WR,SF,2007,15,0,0,0,0,0,0,46,497,3,nflverse
Jamal Lewis,RB,RB,CLE,2007,15,0,0,0,299,1303,9,30,248,2,nflverse
Jerry Porter,WR,WR,LV,2007,16,0,0,0,0,0,0,44,705,6,nflverse
Chris Redman,QB,QB,ATL,2007,6,1079,10,5,8,16,0,0,0,0,nflverse
Kenny Watson,RB,RB,CIN,2007,15,0,0,0,178,763,7,52,373,0,nflverse
Dominic Rhodes,RB,RB,LV,2007,9,0,0,0,75,302,1,11,70,0,nflverse
Drew Bennett,WR,WR,LA,2007,14,0,0,0,0,0,0,33,375,3,nflverse
Correll Buckhalter,RB,RB,PHI,2007,14,0,0,0,62,313,4,12,87,0,nflverse
Alge Crumpler,TE,TE,ATL,2007,13,0,0,0,0,0,0,42,444,5,nflverse
A.J. Feeley,QB,QB,PHI,2007,3,681,5,8,7,23,0,0,0,0,nflverse
David Martin,TE,TE,MIA,2007,14,0,0,0,0,0,0,34,303,2,nflverse
Steve Smith,WR,WR,CAR,2007,15,0,0,0,9,66,0,87,1002,7,nflverse
Justin McCareins,WR,WR,NYJ,2007,11,0,0,0,0,0,0,19,232,0,nflverse
Chad Johnson,WR,WR,CIN,2007,16,0,0,0,6,47,0,93,1440,8,nflverse
Rudi Johnson,RB,RB,CIN,2007,11,0,0,0,170,497,3,13,110,1,nflverse
Robert Ferguson,WR,WR,MIN,2007,11,0,0,0,0,0,0,32,391,1,nflverse
T.J. Houshmandzadeh,WR,WR,CIN,2007,16,0,0,0,5,14,0,112,1143,12,nflverse
Chris Chambers,WR,WR,LAC,2007,16,0,0,0,3,12,0,66,970,4,nflverse
Cedrick Wilson,WR,WR,PIT,2007,11,0,0,0,2,37,0,18,207,1,nflverse
Eric Johnson,TE,TE,NO,2007,14,0,0,0,0,0,0,48,378,2,nflverse
LaMont Jordan,RB,RB,LV,2007,11,0,0,0,144,549,3,28,247,0,nflverse
Travis Henry,RB,RB,DEN,2007,11,0,0,0,167,691,4,7,65,0,nflverse
Sage Rosenfels,QB,QB,HOU,2007,9,1684,15,12,21,51,1,0,0,0,nflverse
Koren Robinson,WR,WR,GB,2007,9,0,0,0,1,5,0,21,241,1,nflverse
Santana Moss,WR,WR,WAS,2007,14,0,0,0,3,13,0,61,808,3,nflverse
Reggie Wayne,WR,WR,IND,2007,16,0,0,0,1,4,0,104,1510,10,nflverse
Heath Evans,FB,RB,NE,2007,15,0,0,0,34,121,3,4,43,0,nflverse
Michael Bennett,RB,RB,TB,2007,13,0,0,0,60,239,1,15,99,1,nflverse
Todd Heap,TE,TE,BAL,2007,5,0,0,0,0,0,0,23,239,1,nflverse
Drew Brees,QB,QB,NO,2007,16,4428,28,18,24,52,1,2,10,0,nflverse
LaDainian Tomlinson,RB,RB,LAC,2007,16,17,1,0,315,1474,15,60,475,3,nflverse
Cleo Lemon,QB,QB,MIA,2007,9,1773,6,6,33,92,4,0,0,0,nflverse
David Carr,QB,QB,CAR,2007,6,635,3,5,17,59,0,0,0,0,nflverse
Quinn Gray,QB,QB,JAX,2007,8,986,10,5,19,57,0,0,0,0,nflverse
Shaun Hill,QB,QB,SF,2007,3,501,5,2,12,14,1,0,0,0,nflverse
Maurice Hicks,RB,RB,SF,2007,16,0,0,0,21,117,1,14,86,0,nflverse
Jesse Chatman,RB,RB,MIA,2007,13,0,0,0,128,515,1,27,161,0,nflverse
Joey Harrington,QB,QB,ATL,2007,12,2215,7,8,14,33,0,1,4,0,nflverse
Donte' Stallworth,WR,WR,NE,2007,15,0,0,0,1,12,0,46,697,3,nflverse
Jeremy Shockey,TE,TE,NYG,2007,14,0,0,0,1,6,0,57,619,3,nflverse
Javon Walker,WR,WR,DEN,2007,7,0,0,0,2,-3,0,26,287,0,nflverse
Daniel Graham,TE,TE,DEN,2007,13,0,0,0,0,0,0,24,246,2,nflverse
Jerramy Stevens,TE,TE,TB,2007,8,0,0,0,0,0,0,18,189,4,nflverse
Jabar Gaffney,WR,WR,NE,2007,13,0,0,0,0,0,0,36,449,5,nflverse
DeShaun Foster,RB,RB,CAR,2007,16,0,0,0,247,876,3,24,173,1,nflverse
Josh Reed,WR,WR,BUF,2007,15,0,0,0,4,10,0,51,578,0,nflverse
Andre Davis,WR,WR,HOU,2007,14,0,0,0,0,0,0,33,583,3,nflverse
Clinton Portis,RB,RB,WAS,2007,16,15,1,0,325,1262,11,47,389,0,nflverse
Maurice Morris,RB,RB,SEA,2007,13,0,0,0,140,628,4,23,213,1,nflverse
Ladell Betts,RB,RB,WAS,2007,16,0,0,0,93,335,1,21,174,1,nflverse
Antwaan Randle El,WR,WR,WAS,2007,15,19,0,0,4,-3,0,51,728,1,nflverse
Deion Branch,WR,WR,SEA,2007,10,0,0,0,0,0,0,49,661,4,nflverse
Josh McCown,QB,QB,LV,2007,9,1151,10,11,28,149,0,0,0,0,nflverse
Chris Baker,TE,TE,NYJ,2007,14,0,0,0,0,0,0,41,411,3,nflverse
Brian Westbrook,RB,RB,PHI,2007,15,0,0,0,278,1333,7,90,771,5,nflverse
Justin Peelle,TE,TE,MIA,2007,14,0,0,0,0,0,0,29,228,2,nflverse
David Garrard,QB,QB,JAX,2007,12,2509,18,3,50,182,1,0,0,0,nflverse
Randy McMichael,TE,TE,LA,2007,16,0,0,0,0,0,0,39,429,3,nflverse
Najeh Davenport,RB,RB,PIT,2007,15,0,0,0,107,499,5,18,184,2,nflverse
Robert Royal,TE,TE,BUF,2007,11,0,0,0,0,0,0,25,248,3,nflverse
Adrian Peterson,RB,RB,CHI,2007,16,9,1,0,151,510,3,51,420,0,nflverse
Chester Taylor,RB,RB,MIN,2007,14,0,0,0,157,844,7,29,281,0,nflverse
Ronald Curry,WR,WR,LV,2007,16,0,0,0,1,1,0,55,717,4,nflverse
T.J. Duckett,RB,RB,DET,2007,11,0,0,0,65,335,3,4,54,0,nflverse
Carson Palmer,QB,QB,CIN,2007,16,4130,26,20,24,10,0,0,0,0,nflverse
Greg Lewis,WR,WR,PHI,2007,10,0,0,0,0,0,0,13,265,3,nflverse
Antonio Gates,TE,TE,LAC,2007,16,0,0,0,0,0,0,75,984,9,nflverse
Jerheme Urban,WR,WR,ARI,2007,9,0,0,0,0,0,0,22,329,2,nflverse
Tony Romo,QB,QB,DAL,2007,16,4211,36,19,28,132,2,0,0,0,nflverse
Earnest Graham,RB,RB,TB,2007,15,0,0,0,222,898,10,49,324,0,nflverse
Will Heller,TE,TE,SEA,2007,9,0,0,0,0,0,0,13,82,3,nflverse
Cecil Sapp,RB,RB,DEN,2007,14,0,0,0,18,59,2,14,51,1,nflverse
Donald Lee,TE,TE,GB,2007,15,0,0,0,0,0,0,48,575,6,nflverse
Kevin Walter,WR,WR,HOU,2007,15,0,0,0,5,30,0,65,800,4,nflverse
Larry Johnson,RB,RB,KC,2007,8,0,0,0,158,559,3,30,186,1,nflverse
Shaun McDonald,WR,WR,DET,2007,16,0,0,0,4,2,0,79,943,6,nflverse
Justin Gage,WR,WR,TEN,2007,16,0,0,0,0,0,0,55,750,2,nflverse
Nate Burleson,WR,WR,SEA,2007,16,0,0,0,2,4,0,50,694,9,nflverse
Kevin Curtis,WR,WR,PHI,2007,16,0,0,0,0,0,0,77,1110,6,nflverse
Andre Johnson,WR,WR,HOU,2007,9,0,0,0,0,0,0,60,851,8,nflverse
Visanthe Shiancoe,TE,TE,MIN,2007,12,0,0,0,0,0,0,27,323,1,nflverse
Arnaz Battle,WR,WR,SF,2007,16,0,0,0,4,4,1,50,600,5,nflverse
Anquan Boldin,WR,WR,ARI,2007,12,0,0,0,1,14,0,71,853,9,nflverse
Chris Brown,RB,RB,TEN,2007,12,0,0,0,101,464,5,19,128,0,nflverse
Justin Fargas,RB,RB,LV,2007,14,0,0,0,222,1009,4,23,188,0,nflverse
Rex Grossman,QB,QB,CHI,2007,8,1411,4,7,13,23,0,0,0,0,nflverse
L.J. Smith,TE,TE,PHI,2007,9,0,0,0,0,0,0,22,236,1,nflverse
Jason Witten,TE,TE,DAL,2007,16,0,0,0,0,0,0,96,1145,7,nflverse
Musa Smith,RB,RB,BAL,2007,16,0,0,0,75,264,2,27,192,0,nflverse
Bobby Wade,WR,WR,MIN,2007,16,0,0,0,1,-9,0,54,654,3,nflverse
Bryant Johnson,WR,WR,ARI,2007,16,0,0,0,0,0,0,45,525,2,nflverse
Kyle Boller,QB,QB,BAL,2007,12,1743,9,10,19,89,0,0,0,0,nflverse
Dallas Clark,TE,TE,IND,2007,15,0,0,0,2,29,0,58,616,11,nflverse
Willis McGahee,RB,RB,BAL,2007,15,0,0,0,294,1207,7,43,231,1,nflverse
Kenton Keith,RB,RB,IND,2007,16,0,0,0,121,533,3,13,77,1,nflverse
Willie Parker,RB,RB,PIT,2007,15,0,0,0,321,1316,2,23,164,0,nflverse
Jason Wright,RB,RB,CLE,2007,16,0,0,0,60,277,1,24,232,0,nflverse
Terrance Copper,WR,WR,NO,2007,13,0,0,0,0,0,0,15,126,2,nflverse
Vonta Leach,FB,RB,HOU,2007,16,0,0,0,2,2,1,25,108,2,nflverse
Ruvell Martin,WR,WR,GB,2007,11,0,0,0,0,0,0,16,242,4,nflverse
Wes Welker,WR,WR,NE,2007,16,0,0,0,4,34,0,112,1175,8,nflverse
Ben Utecht,TE,TE,IND,2007,13,0,0,0,0,0,0,31,364,1,nflverse
D.J. Hackett,WR,WR,SEA,2007,6,0,0,0,0,0,0,32,384,3,nflverse
Michael Gaines,TE,TE,BUF,2007,15,0,0,0,0,0,0,25,215,2,nflverse
Sean McHugh,TE,TE,DET,2007,12,0,0,0,0,0,0,17,252,0,nflverse
Michael Clayton,WR,WR,TB,2007,12,0,0,0,5,22,0,22,301,0,nflverse
Keary Colbert,WR,WR,CAR,2007,12,0,0,0,0,0,0,32,332,0,nflverse
Steven Jackson,RB,RB,LA,2007,12,2,1,0,237,1002,5,38,271,1,nflverse
Chris Cooley,TE,TE,WAS,2007,16,0,0,0,0,0,0,66,786,8,nflverse
Devard Darling,WR,WR,BAL,2007,11,0,0,0,0,0,0,18,326,3,nflverse
Samie Parker,WR,WR,KC,2007,14,0,0,0,1,2,0,24,298,2,nflverse
Patrick Crayton,WR,WR,DAL,2007,15,0,0,0,0,0,0,50,697,7,nflverse
Derrick Ward,RB,RB,NYG,2007,8,0,0,0,125,602,3,26,179,1,nflverse
Michael Jenkins,WR,WR,ATL,2007,15,0,0,0,0,0,0,53,532,4,nflverse
Kevin Jones,RB,RB,DET,2007,13,0,0,0,153,581,8,33,197,0,nflverse
Matt Schaub,QB,QB,HOU,2007,11,2241,9,9,17,52,0,0,0,0,nflverse
Mike Karney,FB,RB,NO,2007,15,0,0,0,11,17,2,13,78,0,nflverse
Eli Manning,QB,QB,NYG,2007,16,3336,23,20,30,69,1,0,0,0,nflverse
Bernard Berrian,WR,WR,CHI,2007,16,0,0,0,1,3,0,70,948,5,nflverse
Jerricho Cotchery,WR,WR,NYJ,2007,15,0,0,0,5,38,0,82,1129,2,nflverse
Michael Turner,RB,RB,LAC,2007,14,0,0,0,71,316,1,4,16,0,nflverse
Julius Jones,RB,RB,DAL,2007,16,0,0,0,166,584,2,23,203,0,nflverse
Luke McCown,QB,QB,TB,2007,5,1009,5,3,12,117,0,0,0,0,nflverse
Drew Carter,WR,WR,CAR,2007,15,0,0,0,0,0,0,38,517,4,nflverse
Reggie Williams,WR,WR,JAX,2007,14,0,0,0,1,8,0,38,629,10,nflverse
Tatum Bell,RB,RB,DET,2007,5,0,0,0,44,182,1,14,63,0,nflverse
Greg Jones,FB,RB,JAX,2007,15,0,0,0,42,119,2,11,99,2,nflverse
Ernest Wilford,WR,WR,JAX,2007,16,0,0,0,0,0,0,45,518,3,nflverse
Roy Williams,WR,WR,DET,2007,12,0,0,0,2,1,0,63,836,5,nflverse
Lee Evans,WR,WR,BUF,2007,16,0,0,0,0,0,0,55,849,5,nflverse
J.P. Losman,QB,QB,BUF,2007,8,1204,4,6,20,110,0,0,0,0,nflverse
Larry Fitzgerald,WR,WR,ARI,2007,15,0,0,0,0,0,0,101,1412,10,nflverse
Kellen Winslow,TE,TE,CLE,2007,16,0,0,0,0,0,0,82,1106,5,nflverse
Ben Roethlisberger,QB,QB,PIT,2007,15,3158,32,11,35,204,2,0,0,0,nflverse
Devery Henderson,WR,WR,NO,2007,12,0,0,0,2,20,0,20,409,3,nflverse
Philip Rivers,QB,QB,LAC,2007,16,3152,21,15,29,33,1,0,0,0,nflverse
Benjamin Watson,TE,TE,NE,2007,12,0,0,0,1,11,0,36,389,6,nflverse
Ryan Grant,RB,RB,GB,2007,15,0,0,0,188,956,8,30,147,0,nflverse
Leonard Weaver,FB,RB,SEA,2007,15,0,0,0,33,146,1,39,313,0,nflverse
Samkon Gado,RB,RB,MIA,2007,8,0,0,0,53,150,4,12,106,0,nflverse
Tony Curtis,TE,TE,DAL,2007,8,0,0,0,0,0,0,3,18,3,nflverse
Kyle Eckel,RB,RB,NE,2007,11,0,0,0,32,87,2,1,6,0,nflverse
Lance Moore,WR,WR,NO,2007,16,0,0,0,2,7,1,32,302,2,nflverse
Nate Washington,WR,WR,PIT,2007,14,0,0,0,1,0,0,29,450,5,nflverse
Greg Camarillo,WR,WR,MIA,2007,8,0,0,0,0,0,0,8,160,2,nflverse
Alex Smith,QB,QB,SF,2007,7,914,2,4,13,89,0,0,0,0,nflverse
Ronnie Brown,RB,RB,MIA,2007,7,0,0,0,119,602,4,39,389,1,nflverse
Braylon Edwards,WR,WR,CLE,2007,16,0,0,0,0,0,0,80,1289,16,nflverse
Cedric Benson,RB,RB,CHI,2007,11,0,0,0,197,678,4,17,123,0,nflverse
Cadillac Williams,RB,RB,TB,2007,4,0,0,0,54,208,3,3,17,0,nflverse
Troy Williamson,WR,WR,MIN,2007,10,0,0,0,2,29,0,18,240,1,nflverse
Matt Jones,WR,WR,JAX,2007,10,0,0,0,0,0,0,24,317,4,nflverse
Mark Clayton,WR,WR,BAL,2007,15,0,0,0,0,0,0,48,531,0,nflverse
Jason Campbell,QB,QB,WAS,2007,13,2700,12,11,37,186,1,0,0,0,nflverse
Roddy White,WR,WR,ATL,2007,16,0,0,0,1,-2,0,83,1202,6,nflverse
Heath Miller,TE,TE,PIT,2007,16,0,0,0,0,0,0,47,566,7,nflverse
Reggie Brown,WR,WR,PHI,2007,16,0,0,0,5,36,0,61,780,4,nflverse
J.J. Arrington,RB,RB,ARI,2007,15,0,0,0,26,78,0,29,241,1,nflverse
Roscoe Parrish,WR,WR,BUF,2007,15,0,0,0,3,19,1,35,352,1,nflverse
Vincent Jackson,WR,WR,LAC,2007,15,0,0,0,0,0,0,41,623,3,nflverse
Frank Gore,RB,RB,SF,2007,15,0,0,0,260,1102,5,53,436,1,nflverse
Alex Smith,TE,TE,TB,2007,13,0,0,0,0,0,0,32,385,3,nflverse
Vernand Morency,RB,RB,GB,2007,12,0,0,0,29,108,0,30,199,0,nflverse
Chris Henry,WR,WR,CIN,2007,7,0,0,0,0,0,0,21,343,2,nflverse
Brandon Jones,WR,WR,TEN,2007,8,0,0,0,2,37,0,21,248,2,nflverse
Kyle Orton,QB,QB,CHI,2007,3,475,3,2,5,-1,0,0,0,0,nflverse
Marion Barber,RB,RB,DAL,2007,16,0,0,0,203,973,10,44,282,2,nflverse
Brandon Jacobs,RB,RB,NYG,2007,11,0,0,0,200,1011,4,23,174,2,nflverse
Darren Sproles,RB,RB,LAC,2007,15,0,0,0,37,164,2,10,31,0,nflverse
Roydell Williams,WR,WR,TEN,2007,15,0,0,0,2,-17,0,55,719,4,nflverse
Bo Scaife,TE,TE,TEN,2007,15,0,0,0,0,0,0,46,421,1,nflverse
Joel Dreessen,TE,TE,HOU,2007,8,0,0,0,0,0,0,4,55,2,nflverse
Derek Anderson,QB,QB,CLE,2007,16,3786,29,19,30,77,3,0,0,0,nflverse
Andre Hall,RB,RB,DEN,2007,9,0,0,0,44,216,2,2,69,0,nflverse
DeDe Dorsey,RB,RB,CIN,2007,9,0,0,0,21,183,0,4,19,0,nflverse
Sam Hurd,WR,WR,DAL,2007,15,0,0,0,0,0,0,19,314,1,nflverse
Fred Jackson,RB,RB,BUF,2007,8,0,0,0,58,300,0,22,190,0,nflverse
Reggie Bush,RB,RB,NO,2007,12,0,0,0,157,581,4,73,417,2,nflverse
Vince Young,QB,QB,TEN,2007,15,2546,9,17,93,395,3,0,0,0,nflverse
Vernon Davis,TE,TE,SF,2007,14,0,0,0,0,0,0,52,509,4,nflverse
Matt Leinart,QB,QB,ARI,2007,5,647,2,4,11,42,0,0,0,0,nflverse
Jay Cutler,QB,QB,DEN,2007,16,3497,20,14,44,205,1,0,0,0,nflverse
Laurence Maroney,RB,RB,NE,2007,13,0,0,0,185,835,6,4,116,0,nflverse
Santonio Holmes,WR,WR,PIT,2007,13,0,0,0,5,17,0,52,942,8,nflverse
DeAngelo Williams,RB,RB,CAR,2007,16,0,0,0,144,717,4,24,177,1,nflverse
Marcedes Lewis,TE,TE,JAX,2007,15,0,0,0,0,0,0,37,391,2,nflverse
Joseph Addai,RB,RB,IND,2007,15,0,0,0,261,1072,12,41,364,3,nflverse
Sinorice Moss,WR,WR,NYG,2007,10,0,0,0,1,4,0,21,225,0,nflverse
LenDale White,RB,RB,TEN,2007,16,0,0,0,304,1108,7,20,114,0,nflverse
Kellen Clemens,QB,QB,NYJ,2007,10,1529,5,10,27,111,1,0,0,0,nflverse
Greg Jennings,WR,WR,GB,2007,13,0,0,0,0,0,0,53,920,12,nflverse
Devin Hester,WR,WR,CHI,2007,16,0,0,0,7,-10,0,20,299,2,nflverse
Maurice Jones-Drew,RB,RB,JAX,2007,15,0,0,0,167,768,9,40,407,0,nflverse
Tony Scheffler,TE,TE,DEN,2007,13,0,0,0,0,0,0,49,549,5,nflverse
Tarvaris Jackson,QB,QB,MIN,2007,12,1911,9,12,54,260,3,0,0,0,nflverse
Leonard Pope,TE,TE,ARI,2007,12,0,0,0,0,0,0,23,238,5,nflverse
Jerious Norwood,RB,RB,ATL,2007,15,0,0,0,102,615,1,28,277,0,nflverse
Derek Hagan,WR,WR,MIA,2007,12,0,0,0,0,0,0,29,373,2,nflverse
Brodie Croyle,QB,QB,KC,2007,9,1227,6,6,7,18,0,0,0,0,nflverse
Owen Daniels,TE,TE,HOU,2007,16,0,0,0,0,0,0,63,768,3,nflverse
Brad Smith,WR,WR,NYJ,2007,15,0,0,0,12,45,0,32,325,2,nflverse
Jason Avant,WR,WR,PHI,2007,13,0,0,0,1,1,0,23,267,2,nflverse
Demetrius Williams,WR,WR,BAL,2007,8,0,0,0,0,0,0,20,290,0,nflverse
Leon Washington,RB,RB,NYJ,2007,16,36,0,0,71,353,3,36,213,0,nflverse
Brandon Marshall,WR,WR,DEN,2007,16,0,0,0,5,57,0,102,1325,7,nflverse
Jeff King,TE,TE,CAR,2007,16,0,0,0,0,0,0,46,406,2,nflverse
Quinn Sypniewski,TE,TE,BAL,2007,12,0,0,0,0,0,0,34,246,1,nflverse
Lawrence Vickers,FB,RB,CLE,2007,13,0,0,0,15,43,0,13,91,2,nflverse
Jeff Webb,WR,WR,KC,2007,14,0,0,0,1,5,0,28,315,1,nflverse
Marques Colston,WR,WR,NO,2007,16,0,0,0,0,0,0,98,1202,11,nflverse
Selvin Young,RB,RB,DEN,2007,15,0,0,0,140,729,1,35,231,0,nflverse
Pierre Thomas,RB,RB,NO,2007,12,0,0,0,50,251,1,19,152,1,nflverse
Darius Walker,RB,RB,HOU,2007,4,0,0,0,58,264,1,13,81,0,nflverse
Calvin Johnson,WR,WR,DET,2007,15,0,0,0,4,52,1,48,756,4,nflverse
Adrian Peterson,RB,RB,MIN,2007,14,0,0,0,238,1341,12,19,268,1,nflverse
Ted Ginn,WR,WR,MIA,2007,16,0,0,0,4,3,0,34,420,2,nflverse
Marshawn Lynch,RB,RB,BUF,2007,13,8,1,0,280,1115,7,18,184,0,nflverse
Dwayne Bowe,WR,WR,KC,2007,15,0,0,0,0,0,0,70,995,5,nflverse
Greg Olsen,TE,TE,CHI,2007,12,0,0,0,0,0,0,39,391,2,nflverse
Anthony Gonzalez,WR,WR,IND,2007,11,0,0,0,0,0,0,37,576,3,nflverse
Zach Miller,TE,TE,LV,2007,15,0,0,0,0,0,0,44,444,3,nflverse
John Beck,QB,QB,MIA,2007,5,559,1,3,9,12,1,0,0,0,nflverse
Sidney Rice,WR,WR,MIN,2007,11,94,0,0,0,0,0,31,396,4,nflverse
Chris Henry,RB,RB,TEN,2007,7,0,0,0,31,119,2,6,53,0,nflverse
Brian Leonard,RB,RB,LA,2007,15,0,0,0,86,303,0,30,183,0,nflverse
Brandon Jackson,RB,RB,GB,2007,9,0,0,0,75,267,1,16,130,0,nflverse
Lorenzo Booker,RB,RB,MIA,2007,5,0,0,0,28,125,0,28,237,0,nflverse
Laurent Robinson,WR,WR,ATL,2007,13,0,0,0,0,0,0,37,437,1,nflverse
Matt Spaeth,TE,TE,PIT,2007,5,0,0,0,0,0,0,5,34,3,nflverse
James Jones,WR,WR,GB,2007,13,0,0,0,0,0,0,47,676,2,nflverse
Trent Edwards,QB,QB,BUF,2007,10,1630,7,8,14,49,0,0,0,0,nflverse
Garrett Wolfe,RB,RB,CHI,2007,11,0,0,0,31,85,0,9,117,0,nflverse
Kolby Smith,RB,RB,KC,2007,11,0,0,0,112,407,2,22,148,0,nflverse
Kevin Boss,TE,TE,NYG,2007,7,0,0,0,0,0,0,9,118,2,nflverse
Dante Rosario,TE,TE,CAR,2007,9,0,0,0,0,0,0,6,108,2,nflverse
Ben Patrick,TE,TE,ARI,2007,5,0,0,0,0,0,0,7,73,2,nflverse
DeShawn Wynn,RB,RB,GB,2007,7,0,0,0,50,203,4,9,73,0,nflverse
Ahmad Bradshaw,RB,RB,NYG,2007,10,0,0,0,23,190,1,2,12,0,nflverse
Matt Moore,QB,QB,CAR,2007,8,730,3,5,3,5,0,0,0,0,nflverse
Marty Booker,WR,WR,CHI,2008,8,0,0,0,1,3,0,14,211,2,nflverse
Isaac Bruce,WR,WR,SF,2008,15,0,0,0,1,-3,0,60,833,7,nflverse
Mark Campbell,TE,TE,NO,2008,8,0,0,0,0,0,0,12,121,2,nflverse
Desmond Clark,TE,TE,CHI,2008,16,0,0,0,0,0,0,41,367,1,nflverse
Kerry Collins,QB,QB,TEN,2008,16,2681,12,7,25,49,0,0,0,0,nflverse
Daunte Culpepper,QB,QB,DET,2008,5,786,4,6,11,25,1,0,0,0,nflverse
Jake Delhomme,QB,QB,CAR,2008,16,3284,15,12,20,21,2,0,0,0,nflverse
Donald Driver,WR,WR,GB,2008,16,0,0,0,2,4,0,74,1012,5,nflverse
Warrick Dunn,RB,RB,TB,2008,15,0,0,0,186,786,2,47,330,0,nflverse
Bobby Engram,WR,WR,SEA,2008,13,0,0,0,0,0,0,47,489,0,nflverse
Kevin Faulk,RB,RB,NE,2008,15,-2,0,0,83,507,3,58,486,3,nflverse
Brett Favre,QB,QB,NYJ,2008,16,3472,22,22,21,43,1,0,2,0,nflverse
Gus Frerotte,QB,QB,MIN,2008,11,2157,12,15,19,7,1,0,0,0,nflverse
Jeff Garcia,QB,QB,TB,2008,12,2712,12,6,34,151,1,0,0,0,nflverse
Tony Gonzalez,TE,TE,KC,2008,16,0,0,0,0,0,0,96,1058,10,nflverse
Ahman Green,RB,RB,HOU,2008,8,0,0,0,74,294,3,11,32,0,nflverse
Trent Green,QB,QB,LA,2008,3,525,0,6,3,4,0,0,0,0,nflverse
Brian Griese,QB,QB,TB,2008,5,1073,5,7,5,-1,0,0,0,0,nflverse
Marvin Harrison,WR,WR,IND,2008,15,0,0,0,0,0,0,60,636,5,nflverse
Matt Hasselbeck,QB,QB,SEA,2008,7,1216,5,10,11,69,0,0,0,0,nflverse
Steve Heiden,TE,TE,CLE,2008,9,0,0,0,0,0,0,23,249,0,nflverse
Ike Hilliard,WR,WR,TB,2008,15,0,0,0,1,0,0,47,424,4,nflverse
Torry Holt,WR,WR,LA,2008,16,0,0,0,0,0,0,64,796,3,nflverse
Edgerrin James,RB,RB,ARI,2008,13,0,0,0,133,514,3,12,85,0,nflverse
Reggie Kelly,TE,TE,CIN,2008,13,0,0,0,0,0,0,31,207,0,nflverse
Jon Kitna,QB,QB,DET,2008,4,758,5,5,6,26,0,0,0,0,nflverse
Peyton Manning,QB,QB,IND,2008,16,4002,27,12,20,21,1,0,0,0,nflverse
Derrick Mason,WR,WR,BAL,2008,16,0,0,0,1,3,0,80,1037,5,nflverse
Donovan McNabb,QB,QB,PHI,2008,16,3914,23,11,38,151,2,0,0,0,nflverse
Billy Miller,TE,TE,NO,2008,12,0,0,0,0,0,0,45,579,1,nflverse
Randy Moss,WR,WR,NE,2008,16,0,0,0,2,0,0,69,1008,11,nflverse
Muhsin Muhammad,WR,WR,CAR,2008,16,0,0,0,0,0,0,65,923,5,nflverse
Terrell Owens,WR,WR,DAL,2008,16,0,0,0,7,33,0,69,1052,10,nflverse
Michael Pittman,RB,RB,DEN,2008,8,0,0,0,76,321,4,10,112,0,nflverse
Brandon Stokley,WR,WR,DEN,2008,15,0,0,0,0,0,0,49,528,3,nflverse
Fred Taylor,RB,RB,JAX,2008,13,0,0,0,143,556,1,16,98,0,nflverse
Amani Toomer,WR,WR,NYG,2008,15,0,0,0,0,0,0,48,580,4,nflverse
Hines Ward,WR,WR,PIT,2008,16,0,0,0,0,0,0,82,1047,7,nflverse
Kurt Warner,QB,QB,ARI,2008,16,4582,30,14,18,-2,0,0,0,0,nflverse
Ricky Williams,RB,RB,MIA,2008,16,0,0,0,161,659,4,29,219,1,nflverse
Laveranues Coles,WR,WR,NYJ,2008,16,0,0,0,2,9,0,70,850,7,nflverse
Dane Looker,WR,WR,LA,2008,12,17,0,0,0,0,0,23,271,2,nflverse
Sammy Morris,RB,RB,NE,2008,13,0,0,0,156,727,7,17,161,0,nflverse
Chad Pennington,QB,QB,MIA,2008,16,3653,19,7,31,58,1,0,0,0,nflverse
Marc Bulger,QB,QB,LA,2008,15,2727,11,13,14,41,0,2,17,0,nflverse
Thomas Jones,RB,RB,NYJ,2008,16,0,0,0,290,1312,13,36,207,2,nflverse
Plaxico Burress,WR,WR,NYG,2008,9,0,0,0,0,0,0,35,454,4,nflverse
Dennis Northcutt,WR,WR,JAX,2008,14,0,0,0,1,9,0,44,545,2,nflverse
Jamal Lewis,RB,RB,CLE,2008,16,0,0,0,279,1002,4,23,178,0,nflverse
Dominic Rhodes,RB,RB,IND,2008,15,0,0,0,152,538,6,45,302,3,nflverse
Daniel Wilcox,TE,TE,BAL,2008,10,0,0,0,0,0,0,5,19,2,nflverse
Correll Buckhalter,RB,RB,PHI,2008,14,0,0,0,76,369,2,26,324,2,nflverse
Alge Crumpler,TE,TE,TEN,2008,12,0,0,0,0,0,0,24,257,1,nflverse
David Martin,TE,TE,MIA,2008,15,0,0,0,0,0,0,31,440,3,nflverse
Steve Smith,WR,WR,CAR,2008,14,0,0,0,5,40,0,78,1417,6,nflverse
Brandon Manumaleuna,TE,TE,LAC,2008,11,0,0,0,0,0,0,15,127,2,nflverse
Justin McCareins,WR,WR,TEN,2008,12,0,0,0,1,4,0,31,416,0,nflverse
Chad Johnson,WR,WR,CIN,2008,13,0,0,0,0,0,0,53,540,4,nflverse
Rudi Johnson,RB,RB,DET,2008,13,0,0,0,76,237,1,12,88,1,nflverse
T.J. Houshmandzadeh,WR,WR,CIN,2008,14,0,0,0,1,9,0,92,904,4,nflverse
Chris Chambers,WR,WR,LAC,2008,13,0,0,0,1,1,0,33,462,5,nflverse
LaMont Jordan,RB,RB,NE,2008,8,0,0,0,80,363,4,0,0,0,nflverse
Sage Rosenfels,QB,QB,HOU,2008,6,1431,6,10,11,37,0,0,0,0,nflverse
Koren Robinson,WR,WR,SEA,2008,11,0,0,0,1,-4,0,31,400,2,nflverse
Santana Moss,WR,WR,WAS,2008,15,0,0,0,1,27,0,79,1044,6,nflverse
Reggie Wayne,WR,WR,IND,2008,16,0,0,0,0,0,0,82,1145,6,nflverse
Todd Heap,TE,TE,BAL,2008,16,0,0,0,0,0,0,35,403,3,nflverse
Deuce McAllister,RB,RB,NO,2008,13,0,0,0,107,418,5,18,128,1,nflverse
Drew Brees,QB,QB,NO,2008,16,5069,34,17,22,-1,0,0,0,0,nflverse
LaDainian Tomlinson,RB,RB,LAC,2008,16,0,0,0,292,1110,11,52,421,1,nflverse
Shaun Hill,QB,QB,SF,2008,9,2046,13,8,24,115,2,0,0,0,nflverse
Jason McKie,RB,RB,CHI,2008,10,0,0,0,11,26,2,11,64,1,nflverse
Jeremy Shockey,TE,TE,NO,2008,12,0,0,0,0,0,0,50,483,0,nflverse
Ashley Lelie,WR,WR,LV,2008,6,0,0,0,0,0,0,11,197,2,nflverse
Daniel Graham,TE,TE,DEN,2008,14,0,0,0,0,0,0,32,389,4,nflverse
Jerramy Stevens,TE,TE,TB,2008,11,0,0,0,0,0,0,35,385,2,nflverse
Jabar Gaffney,WR,WR,NE,2008,11,0,0,0,0,0,0,38,468,2,nflverse
DeShaun Foster,RB,RB,SF,2008,11,0,0,0,76,234,1,16,133,1,nflverse
Josh Reed,WR,WR,BUF,2008,13,0,0,0,0,0,0,56,597,1,nflverse
Andre Davis,WR,WR,HOU,2008,12,0,0,0,0,0,0,13,213,0,nflverse
Clinton Portis,RB,RB,WAS,2008,16,0,0,0,342,1487,9,28,218,0,nflverse
Maurice Morris,RB,RB,SEA,2008,13,0,0,0,132,574,0,19,136,2,nflverse
Ladell Betts,RB,RB,WAS,2008,13,0,0,0,61,206,1,22,200,0,nflverse
Antwaan Randle El,WR,WR,WAS,2008,16,46,1,0,1,5,0,53,593,4,nflverse
Antonio Bryant,WR,WR,TB,2008,15,0,0,0,2,22,0,83,1248,7,nflverse
Deion Branch,WR,WR,SEA,2008,8,0,0,0,0,0,0,30,412,4,nflverse
Brian Westbrook,RB,RB,PHI,2008,14,0,0,0,233,936,9,54,402,5,nflverse
Justin Peelle,TE,TE,ATL,2008,12,0,0,0,0,0,0,15,159,2,nflverse
David Garrard,QB,QB,JAX,2008,16,3620,15,13,73,322,2,1,-6,0,nflverse
Robert Royal,TE,TE,BUF,2008,13,0,0,0,0,0,0,33,351,1,nflverse
J.T. O'Sullivan,QB,QB,SF,2008,9,1678,8,11,30,145,0,0,0,0,nflverse
Chester Taylor,RB,RB,MIN,2008,16,4,1,0,101,399,4,45,399,2,nflverse
Ronald Curry,WR,WR,LV,2008,10,0,0,0,1,1,0,19,181,2,nflverse
T.J. Duckett,RB,RB,SEA,2008,15,0,0,0,62,172,8,0,0,0,nflverse
Carson Palmer,QB,QB,CIN,2008,4,736,3,4,6,38,0,0,0,0,nflverse
Greg Lewis,WR,WR,PHI,2008,13,0,0,0,0,0,0,19,247,1,nflverse
Antonio Gates,TE,TE,LAC,2008,16,0,0,0,0,0,0,60,704,8,nflverse
Jerheme Urban,WR,WR,ARI,2008,14,18,0,0,0,0,0,34,448,4,nflverse
Tony Romo,QB,QB,DAL,2008,13,3448,26,14,28,41,0,0,0,0,nflverse
Earnest Graham,RB,RB,TB,2008,10,3,1,0,132,563,4,23,174,0,nflverse
Donald Lee,TE,TE,GB,2008,14,0,0,0,0,0,0,39,303,5,nflverse
Kevin Walter,WR,WR,HOU,2008,16,0,0,0,3,23,0,60,899,8,nflverse
Larry Johnson,RB,RB,KC,2008,12,4,1,0,193,874,5,12,74,0,nflverse
Shaun McDonald,WR,WR,DET,2008,12,0,0,0,0,0,0,35,332,1,nflverse
Justin Gage,WR,WR,TEN,2008,11,0,0,0,0,0,0,34,651,6,nflverse
Kevin Curtis,WR,WR,PHI,2008,9,0,0,0,0,0,0,33,390,2,nflverse
B.J. Askew,FB,RB,TB,2008,8,0,0,0,7,14,2,13,66,0,nflverse
Andre Johnson,WR,WR,HOU,2008,16,0,0,0,0,0,0,115,1575,8,nflverse
Visanthe Shiancoe,TE,TE,MIN,2008,16,0,0,0,0,0,0,42,596,7,nflverse
Seneca Wallace,QB,QB,SEA,2008,10,1532,11,3,16,78,0,0,0,0,nflverse
Arnaz Battle,WR,WR,SF,2008,9,0,0,0,1,18,0,24,318,0,nflverse
Anquan Boldin,WR,WR,ARI,2008,12,0,0,0,9,67,0,89,1038,11,nflverse
Justin Fargas,RB,RB,LV,2008,14,0,0,0,219,855,1,10,52,0,nflverse
Brandon Lloyd,WR,WR,CHI,2008,10,0,0,0,0,0,0,26,364,2,nflverse
L.J. Smith,TE,TE,PHI,2008,12,0,0,0,0,0,0,37,298,3,nflverse
Jason Witten,TE,TE,DAL,2008,16,42,0,0,0,0,0,81,952,4,nflverse
Bobby Wade,WR,WR,MIN,2008,16,0,0,0,0,0,0,53,645,2,nflverse
Bryant Johnson,WR,WR,SF,2008,13,0,0,0,0,0,0,45,546,3,nflverse
Dallas Clark,TE,TE,IND,2008,15,0,0,0,0,0,0,77,848,6,nflverse
Willis McGahee,RB,RB,BAL,2008,13,0,0,0,170,671,7,24,173,0,nflverse
Mewelde Moore,RB,RB,PIT,2008,16,0,0,0,140,588,5,40,320,1,nflverse
Willie Parker,RB,RB,PIT,2008,11,0,0,0,209,789,5,4,15,0,nflverse
John Standeford,WR,WR,DET,2008,7,0,0,0,0,0,0,15,244,0,nflverse
Jason Wright,RB,RB,CLE,2008,13,0,0,0,23,85,0,22,156,1,nflverse
Malcom Floyd,WR,WR,LAC,2008,10,0,0,0,0,0,0,27,465,4,nflverse
Wes Welker,WR,WR,NE,2008,16,0,0,0,2,26,0,112,1165,3,nflverse
Michael Gaines,TE,TE,DET,2008,12,0,0,0,0,0,0,23,260,1,nflverse
Michael Clayton,WR,WR,TB,2008,14,0,0,0,2,5,0,38,484,1,nflverse
Steven Jackson,RB,RB,LA,2008,12,0,0,0,254,1043,7,40,379,1,nflverse
Chris Cooley,TE,TE,WAS,2008,16,0,0,0,0,0,0,83,849,1,nflverse
Devard Darling,WR,WR,KC,2008,14,0,0,0,0,0,0,17,247,1,nflverse
Patrick Crayton,WR,WR,DAL,2008,15,0,0,0,1,11,0,39,550,4,nflverse
Derrick Ward,RB,RB,NYG,2008,16,0,0,0,182,1025,2,41,384,0,nflverse
Michael Jenkins,WR,WR,ATL,2008,15,0,0,0,0,0,0,50,777,3,nflverse
Matt Schaub,QB,QB,HOU,2008,11,3043,15,10,31,68,2,0,0,0,nflverse
Mike Karney,FB,RB,NO,2008,10,0,0,0,8,10,2,9,18,0,nflverse
Eli Manning,QB,QB,NYG,2008,16,3238,21,10,20,10,1,0,0,0,nflverse
Bernard Berrian,WR,WR,MIN,2008,15,0,0,0,4,26,0,48,964,7,nflverse
Jerricho Cotchery,WR,WR,NYJ,2008,16,0,0,0,2,8,0,71,858,5,nflverse
Michael Turner,RB,RB,ATL,2008,16,0,0,0,377,1699,17,6,41,0,nflverse
Julius Jones,RB,RB,SEA,2008,14,0,0,0,158,698,2,14,66,0,nflverse
Reggie Williams,WR,WR,JAX,2008,14,0,0,0,1,0,0,38,375,3,nflverse
Tatum Bell,RB,RB,DEN,2008,6,0,0,0,44,249,2,10,57,0,nflverse
Roy Williams,WR,WR,DAL,2008,14,0,0,0,1,13,0,36,430,2,nflverse
Lee Evans,WR,WR,BUF,2008,16,0,0,0,1,22,0,63,1017,3,nflverse
J.P. Losman,QB,QB,BUF,2008,5,584,2,5,12,70,2,0,0,0,nflverse
Larry Fitzgerald,WR,WR,ARI,2008,16,0,0,0,0,0,0,96,1434,12,nflverse
Kellen Winslow,TE,TE,CLE,2008,10,0,0,0,0,0,0,43,428,3,nflverse
Ben Roethlisberger,QB,QB,PIT,2008,16,3314,17,15,34,101,2,0,0,0,nflverse
Chris Perry,RB,RB,CIN,2008,11,0,0,0,102,264,2,21,76,0,nflverse
Devery Henderson,WR,WR,NO,2008,15,0,0,0,4,33,0,32,793,3,nflverse
Philip Rivers,QB,QB,LAC,2008,16,4004,34,11,31,84,0,0,0,0,nflverse
Benjamin Watson,TE,TE,NE,2008,12,0,0,0,0,0,0,22,209,2,nflverse
Ryan Grant,RB,RB,GB,2008,16,0,0,0,312,1203,4,18,116,1,nflverse
John Kuhn,FB,RB,GB,2008,11,0,0,0,8,10,1,4,21,2,nflverse
Leonard Weaver,FB,RB,SEA,2008,14,0,0,0,30,130,0,20,222,2,nflverse
Josh Cribbs,WR,WR,CLE,2008,15,8,0,0,29,163,1,2,18,1,nflverse
Lance Moore,WR,WR,NO,2008,16,0,0,1,0,0,0,79,928,10,nflverse
Nate Washington,WR,WR,PIT,2008,14,0,0,0,5,18,0,40,631,3,nflverse
Greg Camarillo,WR,WR,MIA,2008,11,0,0,0,2,1,0,55,613,2,nflverse
Rashied Davis,WR,WR,CHI,2008,16,0,0,0,3,14,0,35,445,2,nflverse
Ronnie Brown,RB,RB,MIA,2008,16,31,1,0,214,916,10,33,254,0,nflverse
Braylon Edwards,WR,WR,CLE,2008,16,0,0,0,0,0,0,55,877,3,nflverse
Cedric Benson,RB,RB,CIN,2008,12,0,0,0,214,747,2,20,185,0,nflverse
Cadillac Williams,RB,RB,TB,2008,6,0,0,0,63,233,4,7,43,0,nflverse
Matt Jones,WR,WR,JAX,2008,12,0,0,0,0,0,0,64,750,2,nflverse
Mark Clayton,WR,WR,BAL,2008,16,32,1,0,6,81,1,41,695,3,nflverse
Aaron Rodgers,QB,QB,GB,2008,16,4038,28,13,56,207,4,0,0,0,nflverse
Jason Campbell,QB,QB,WAS,2008,16,3245,13,6,47,258,1,0,0,0,nflverse
Roddy White,WR,WR,ATL,2008,16,0,0,0,2,4,0,88,1382,7,nflverse
Heath Miller,TE,TE,PIT,2008,13,0,0,0,0,0,0,48,514,3,nflverse
Reggie Brown,WR,WR,PHI,2008,7,0,0,0,1,6,0,18,252,1,nflverse
Mark Bradley,WR,WR,KC,2008,9,37,1,0,0,0,0,30,380,3,nflverse
J.J. Arrington,RB,RB,ARI,2008,11,0,0,0,30,188,1,30,254,1,nflverse
Roscoe Parrish,WR,WR,BUF,2008,13,0,0,0,2,9,0,24,232,1,nflverse
Vincent Jackson,WR,WR,LAC,2008,15,0,0,0,4,69,0,59,1098,7,nflverse
Frank Gore,RB,RB,SF,2008,14,0,0,0,240,1036,6,43,373,2,nflverse
Alex Smith,TE,TE,TB,2008,11,0,0,0,0,0,0,21,250,3,nflverse
Chris Henry,WR,WR,CIN,2008,10,0,0,0,0,0,0,19,220,2,nflverse
Brandon Jones,WR,WR,TEN,2008,16,0,0,0,2,35,0,41,449,1,nflverse
Kyle Orton,QB,QB,CHI,2008,15,2979,18,12,24,49,3,0,0,0,nflverse
Marion Barber,RB,RB,DAL,2008,15,0,0,0,238,885,7,52,417,2,nflverse
Brandon Jacobs,RB,RB,NYG,2008,13,0,0,0,219,1089,15,6,36,0,nflverse
Darren Sproles,RB,RB,LAC,2008,16,0,0,0,61,330,1,29,342,5,nflverse
Dan Orlovsky,QB,QB,DET,2008,10,1616,8,8,7,29,0,0,0,0,nflverse
Bo Scaife,TE,TE,TEN,2008,16,0,0,0,0,0,0,58,562,2,nflverse
Derek Anderson,QB,QB,CLE,2008,10,1615,9,8,24,58,0,0,0,0,nflverse
Matt Cassel,QB,QB,NE,2008,16,3693,21,11,76,271,2,0,0,0,nflverse
Ryan Fitzpatrick,QB,QB,CIN,2008,12,1905,8,9,60,304,2,1,-3,0,nflverse
Darcy Johnson,TE,TE,NYG,2008,8,0,0,0,0,0,0,4,46,2,nflverse
Miles Austin,WR,WR,DAL,2008,12,0,0,0,0,0,0,13,278,3,nflverse
Hank Baskett,WR,WR,PHI,2008,13,0,0,0,0,0,0,33,438,3,nflverse
Montell Owens,RB,RB,JAX,2008,11,0,0,0,2,43,2,2,17,0,nflverse
Patrick Cobbs,RB,RB,MIA,2008,13,0,0,0,12,88,1,19,275,2,nflverse
Fred Jackson,RB,RB,BUF,2008,15,0,0,0,129,560,3,37,317,0,nflverse
Reggie Bush,RB,RB,NO,2008,10,0,0,0,106,404,2,52,440,4,nflverse
Vernon Davis,TE,TE,SF,2008,14,0,0,0,1,11,0,31,358,2,nflverse
Jay Cutler,QB,QB,DEN,2008,16,4525,25,18,57,200,2,0,0,0,nflverse
Santonio Holmes,WR,WR,PIT,2008,15,0,0,0,2,9,0,55,821,5,nflverse
DeAngelo Williams,RB,RB,CAR,2008,16,0,0,0,274,1518,18,22,121,2,nflverse
Marcedes Lewis,TE,TE,JAX,2008,15,0,0,0,0,0,0,41,489,2,nflverse
Joseph Addai,RB,RB,IND,2008,12,0,0,0,155,544,5,25,206,2,nflverse
Sinorice Moss,WR,WR,NYG,2008,8,0,0,0,0,0,0,12,153,2,nflverse
LenDale White,RB,RB,TEN,2008,16,0,0,0,200,773,15,5,16,0,nflverse
Greg Jennings,WR,WR,GB,2008,16,0,0,0,0,0,0,80,1292,9,nflverse
Anthony Fasano,TE,TE,MIA,2008,13,0,0,0,0,0,0,34,454,7,nflverse
Devin Hester,WR,WR,CHI,2008,15,0,0,0,5,61,0,52,665,3,nflverse
Maurice Jones-Drew,RB,RB,JAX,2008,16,0,0,0,197,824,12,62,565,2,nflverse
Tony Scheffler,TE,TE,DEN,2008,13,0,0,0,1,-1,0,40,645,3,nflverse
Tarvaris Jackson,QB,QB,MIN,2008,7,1056,9,2,24,140,0,0,0,0,nflverse
Jerious Norwood,RB,RB,ATL,2008,16,0,0,0,94,489,4,36,338,2,nflverse
Owen Daniels,TE,TE,HOU,2008,16,0,0,0,0,0,0,70,862,2,nflverse
Michael Robinson,FB,RB,SF,2008,14,0,0,0,19,50,0,17,202,0,nflverse
Jason Avant,WR,WR,PHI,2008,13,0,0,0,0,0,0,32,377,2,nflverse
Leon Washington,RB,RB,NYJ,2008,16,0,0,0,76,448,6,47,355,2,nflverse
Brandon Marshall,WR,WR,DEN,2008,15,0,0,0,2,-4,0,104,1265,6,nflverse
Domenik Hixon,WR,WR,NYG,2008,16,0,0,0,2,26,0,43,596,2,nflverse
Jerome Harrison,RB,RB,CLE,2008,15,0,0,0,34,246,1,12,116,1,nflverse
David Anderson,WR,WR,HOU,2008,12,0,0,0,0,0,0,19,241,2,nflverse
Marques Colston,WR,WR,NO,2008,10,0,0,0,0,0,0,47,760,5,nflverse
Ahmard Hall,FB,RB,TEN,2008,15,0,0,0,8,21,0,13,138,2,nflverse
Selvin Young,RB,RB,DEN,2008,8,0,0,0,61,303,1,3,16,0,nflverse
Pierre Thomas,RB,RB,NO,2008,15,0,0,0,129,625,9,31,284,3,nflverse
Gary Russell,RB,RB,PIT,2008,12,0,0,0,28,77,3,1,-2,0,nflverse
JaMarcus Russell,QB,QB,LV,2008,15,2423,13,8,18,127,1,0,0,0,nflverse
Calvin Johnson,WR,WR,DET,2008,16,0,0,0,3,-1,0,78,1331,12,nflverse
Adrian Peterson,RB,RB,MIN,2008,16,0,0,0,364,1757,10,21,125,0,nflverse
Ted Ginn,WR,WR,MIA,2008,16,0,0,0,5,73,2,56,790,2,nflverse
Marshawn Lynch,RB,RB,BUF,2008,15,0,0,0,251,1047,8,47,300,1,nflverse
Brady Quinn,QB,QB,CLE,2008,3,518,2,2,5,21,0,0,0,0,nflverse
Dwayne Bowe,WR,WR,KC,2008,16,0,0,0,0,0,0,86,1022,7,nflverse
Robert Meachem,WR,WR,NO,2008,8,0,0,0,1,20,1,12,289,3,nflverse
Greg Olsen,TE,TE,CHI,2008,15,0,0,0,0,0,0,54,574,5,nflverse
Anthony Gonzalez,WR,WR,IND,2008,16,0,0,0,0,0,0,57,664,4,nflverse
Zach Miller,TE,TE,LV,2008,15,0,0,0,0,0,0,56,778,1,nflverse
Sidney Rice,WR,WR,MIN,2008,10,0,0,0,0,0,0,15,141,4,nflverse
Steve Smith,WR,WR,NYG,2008,16,0,0,0,0,0,0,57,574,1,nflverse
Brandon Jackson,RB,RB,GB,2008,13,0,0,0,45,248,1,30,185,0,nflverse
Jason Hill,WR,WR,SF,2008,13,0,0,0,2,5,0,31,319,2,nflverse
James Jones,WR,WR,GB,2008,9,0,0,0,0,0,0,20,274,1,nflverse
Mike Sims-Walker,WR,WR,JAX,2008,7,0,0,0,0,0,0,16,217,0,nflverse
Trent Edwards,QB,QB,BUF,2008,14,2699,11,10,36,117,3,0,0,0,nflverse
Johnnie Lee Higgins,WR,WR,LV,2008,16,0,0,0,3,34,0,22,366,4,nflverse
Michael Bush,RB,RB,LV,2008,11,8,0,0,94,419,3,19,162,0,nflverse
Antonio Pittman,RB,RB,LA,2008,9,0,0,0,78,295,0,18,129,0,nflverse
Le'Ron McClain,FB,RB,BAL,2008,16,0,0,0,231,907,10,19,123,1,nflverse
Steve Breaston,WR,WR,ARI,2008,16,0,0,0,2,8,0,77,1003,3,nflverse
Kevin Boss,TE,TE,NYG,2008,12,0,0,0,0,0,0,33,384,6,nflverse
Dante Rosario,TE,TE,CAR,2008,9,0,0,0,0,0,0,18,209,1,nflverse
Brent Celek,TE,TE,PHI,2008,11,0,0,0,0,0,0,27,318,1,nflverse
Tyler Thigpen,QB,QB,KC,2008,14,2608,18,12,62,386,3,1,37,1,nflverse
Chansi Stuckey,WR,WR,NYJ,2008,12,0,0,0,1,1,0,32,359,3,nflverse
Kenneth Darby,RB,RB,LA,2008,7,0,0,0,32,140,0,19,183,0,nflverse
Ahmad Bradshaw,RB,RB,NYG,2008,15,0,0,0,67,355,1,5,42,1,nflverse
BenJarvus Green-Ellis,RB,RB,NE,2008,8,0,0,0,74,275,5,3,37,0,nflverse
Davone Bess,WR,WR,MIA,2008,16,0,0,0,1,13,0,54,554,1,nflverse
Mike Tolbert,FB,RB,LAC,2008,8,0,0,0,13,37,0,13,171,1,nflverse
Matt Ryan,QB,QB,ATL,2008,16,3440,16,11,55,104,1,0,0,0,nflverse
Darren McFadden,RB,RB,LV,2008,13,0,0,0,113,499,4,29,285,0,nflverse
Jonathan Stewart,RB,RB,CAR,2008,16,0,0,0,183,835,10,8,47,0,nflverse
Joe Flacco,QB,QB,BAL,2008,16,2971,14,12,52,181,2,1,43,0,nflverse
Felix Jones,RB,RB,DAL,2008,6,0,0,0,30,266,3,2,10,0,nflverse
Chris Johnson,RB,RB,TEN,2008,15,0,0,0,251,1228,9,43,260,1,nflverse
Dustin Keller,TE,TE,NYJ,2008,16,0,0,0,0,0,0,48,535,3,nflverse
Donnie Avery,WR,WR,LA,2008,15,0,0,0,9,59,1,54,684,3,nflverse
Jordy Nelson,WR,WR,GB,2008,16,0,0,0,0,0,0,33,366,2,nflverse
John Carlson,TE,TE,SEA,2008,15,0,0,0,0,0,0,55,627,5,nflverse
James Hardy,WR,WR,BUF,2008,6,0,0,0,0,0,0,9,87,2,nflverse
Eddie Royal,WR,WR,DEN,2008,15,0,0,0,11,109,0,91,980,5,nflverse
Matt Forte,RB,RB,CHI,2008,16,0,0,0,315,1231,8,64,484,4,nflverse
DeSean Jackson,WR,WR,PHI,2008,16,0,0,1,17,96,1,62,912,2,nflverse
Ray Rice,RB,RB,BAL,2008,12,0,0,0,107,454,0,33,273,0,nflverse
Martellus Bennett,TE,TE,DAL,2008,12,0,0,0,0,0,0,20,283,4,nflverse
Kevin Smith,RB,RB,DET,2008,16,0,0,0,239,975,8,39,286,0,nflverse
Jacob Hester,RB,RB,LAC,2008,14,0,0,0,19,95,1,12,91,1,nflverse
Jamaal Charles,RB,RB,KC,2008,16,0,0,0,67,357,0,27,272,1,nflverse
Harry Douglas,WR,WR,ATL,2008,16,0,0,0,12,69,1,23,320,1,nflverse
Steve Slaton,RB,RB,HOU,2008,16,0,0,0,268,1282,9,50,377,1,nflverse
Tashard Choice,RB,RB,DAL,2008,12,0,0,0,92,472,2,21,185,0,nflverse
Tim Hightower,RB,RB,ARI,2008,16,0,0,0,143,399,10,33,230,0,nflverse
Josh Morgan,WR,WR,SF,2008,10,0,0,0,0,0,0,20,319,3,nflverse
Steve Johnson,WR,WR,BUF,2008,8,0,0,0,1,6,0,10,102,2,nflverse
Chaz Schilens,WR,WR,LV,2008,8,0,0,0,1,-2,0,15,226,2,nflverse
Peyton Hillis,RB,RB,DEN,2008,10,0,0,0,68,343,5,14,179,1,nflverse
Isaac Bruce,WR,WR,SF,2009,9,0,0,0,1,-8,0,21,264,0,nflverse
Desmond Clark,TE,TE,CHI,2009,10,0,0,0,0,0,0,19,145,2,nflverse
Kerry Collins,QB,QB,TEN,2009,7,1225,6,8,12,15,1,0,0,0,nflverse
Daunte Culpepper,QB,QB,DET,2009,8,945,3,6,18,91,0,0,0,0,nflverse
Jake Delhomme,QB,QB,CAR,2009,11,2015,8,18,17,60,0,0,0,0,nflverse
Donald Driver,WR,WR,GB,2009,16,0,0,0,1,13,0,70,1061,6,nflverse
Kevin Faulk,RB,RB,NE,2009,15,0,0,0,62,335,2,37,301,1,nflverse
Brett Favre,QB,QB,MIN,2009,16,4202,33,7,9,7,0,1,-2,0,nflverse
Tony Gonzalez,TE,TE,ATL,2009,16,0,0,0,0,0,0,83,867,6,nflverse
Matt Hasselbeck,QB,QB,SEA,2009,14,3029,17,17,26,119,0,0,0,0,nflverse
Torry Holt,WR,WR,JAX,2009,15,0,0,0,0,0,0,51,722,0,nflverse
Peyton Manning,QB,QB,IND,2009,16,4500,33,16,19,-13,0,0,0,0,nflverse
Derrick Mason,WR,WR,BAL,2009,16,0,0,0,1,2,0,73,1028,7,nflverse
Donovan McNabb,QB,QB,PHI,2009,14,3553,22,10,36,141,2,1,1,0,nflverse
Randy Moss,WR,WR,NE,2009,16,0,0,0,0,0,0,83,1264,13,nflverse
Muhsin Muhammad,WR,WR,CAR,2009,14,0,0,0,0,0,0,53,581,1,nflverse
Terrell Owens,WR,WR,BUF,2009,16,0,0,0,6,54,1,55,829,5,nflverse
Mike Sellers,TE,TE,WAS,2009,15,0,0,0,0,0,0,17,176,2,nflverse
Brandon Stokley,WR,WR,DEN,2009,11,0,0,0,0,0,0,19,327,4,nflverse
Fred Taylor,RB,RB,NE,2009,6,0,0,0,63,269,4,2,17,0,nflverse
Hines Ward,WR,WR,PIT,2009,16,0,0,0,0,0,0,95,1167,6,nflverse
Kurt Warner,QB,QB,ARI,2009,15,3758,27,14,21,10,0,0,0,0,nflverse
Ricky Williams,RB,RB,MIA,2009,16,0,0,1,241,1121,11,35,264,2,nflverse
Laveranues Coles,WR,WR,CIN,2009,15,0,0,0,2,10,0,43,514,5,nflverse
Brad Hoover,FB,RB,CAR,2009,7,0,0,0,20,52,1,4,23,1,nflverse
Todd Yoder,TE,TE,WAS,2009,6,0,0,0,0,0,0,4,9,3,nflverse
Sammy Morris,RB,RB,NE,2009,12,0,0,0,73,319,2,19,180,0,nflverse
Tom Brady,QB,QB,NE,2009,16,4398,28,13,29,44,1,0,0,0,nflverse
Marc Bulger,QB,QB,LA,2009,9,1469,5,6,8,22,0,0,0,0,nflverse
Thomas Jones,RB,RB,NYJ,2009,16,0,0,0,332,1402,14,10,58,0,nflverse
Dennis Northcutt,WR,WR,DET,2009,16,0,0,0,0,0,0,34,348,1,nflverse
Jamal Lewis,RB,RB,CLE,2009,9,0,0,0,143,500,0,8,88,0,nflverse
Chris Redman,QB,QB,ATL,2009,5,781,4,3,6,4,0,0,0,0,nflverse
Correll Buckhalter,RB,RB,DEN,2009,14,0,0,0,120,642,1,31,240,0,nflverse
Alge Crumpler,TE,TE,TEN,2009,14,0,0,0,0,0,0,27,222,1,nflverse
Steve Smith,WR,WR,CAR,2009,15,0,0,0,5,22,0,65,982,7,nflverse
Chad Johnson,WR,WR,CIN,2009,16,0,0,0,3,32,0,72,1047,9,nflverse
T.J. Houshmandzadeh,WR,WR,SEA,2009,16,0,0,0,0,0,0,79,911,3,nflverse
Chris Chambers,WR,WR,KC,2009,16,0,0,0,0,0,0,45,730,5,nflverse
Santana Moss,WR,WR,WAS,2009,16,0,0,0,2,8,0,70,902,3,nflverse
Reggie Wayne,WR,WR,IND,2009,16,0,0,1,0,0,0,100,1264,10,nflverse
Heath Evans,FB,RB,NO,2009,6,0,0,0,5,16,1,10,70,2,nflverse
Todd Heap,TE,TE,BAL,2009,16,0,0,0,1,2,0,53,593,6,nflverse
Drew Brees,QB,QB,NO,2009,15,4388,34,11,22,33,2,1,-4,0,nflverse
LaDainian Tomlinson,RB,RB,LAC,2009,14,0,0,0,223,730,12,20,154,0,nflverse
Shaun Hill,QB,QB,SF,2009,6,943,5,2,8,70,0,0,0,0,nflverse
Jeremy Shockey,TE,TE,NO,2009,13,0,0,0,0,0,0,48,569,3,nflverse
Daniel Graham,TE,TE,DEN,2009,15,0,0,0,0,0,0,28,289,1,nflverse
Jabar Gaffney,WR,WR,DEN,2009,16,0,0,0,0,0,0,54,732,2,nflverse
Josh Reed,WR,WR,BUF,2009,13,0,0,0,0,0,0,27,291,1,nflverse
Clinton Portis,RB,RB,WAS,2009,8,0,0,0,124,494,1,9,57,1,nflverse
Maurice Morris,RB,RB,DET,2009,14,0,0,0,93,384,2,26,210,0,nflverse
Ladell Betts,RB,RB,WAS,2009,10,0,0,0,56,210,2,17,179,0,nflverse
Antwaan Randle El,WR,WR,WAS,2009,16,0,0,0,0,0,0,50,530,0,nflverse
Antonio Bryant,WR,WR,TB,2009,13,0,0,0,0,0,0,39,600,4,nflverse
Deion Branch,WR,WR,SEA,2009,14,0,0,0,1,-8,0,45,437,2,nflverse
Chris Baker,TE,TE,NE,2009,12,0,0,0,0,0,0,14,142,2,nflverse
Brian Westbrook,RB,RB,PHI,2009,8,0,0,0,61,274,1,25,181,1,nflverse
Justin Peelle,TE,TE,ATL,2009,11,0,0,0,0,0,0,12,115,2,nflverse
David Garrard,QB,QB,JAX,2009,16,3597,15,10,77,323,3,0,0,0,nflverse
Randy McMichael,TE,TE,LA,2009,16,0,0,0,0,0,0,34,332,1,nflverse
Chester Taylor,RB,RB,MIN,2009,16,0,0,0,93,332,1,44,389,1,nflverse
Rock Cartwright,RB,RB,WAS,2009,16,0,0,0,64,228,0,27,242,1,nflverse
Carson Palmer,QB,QB,CIN,2009,16,3094,21,13,39,93,3,0,0,0,nflverse
Antonio Gates,TE,TE,LAC,2009,16,0,0,0,0,0,0,79,1157,8,nflverse
Tony Romo,QB,QB,DAL,2009,16,4483,26,9,35,105,1,0,0,0,nflverse
Will Heller,TE,TE,DET,2009,16,0,0,0,0,0,0,29,296,3,nflverse
Sam Aiken,WR,WR,NE,2009,12,0,0,0,0,0,0,20,326,2,nflverse
Donald Lee,TE,TE,GB,2009,15,0,0,0,0,0,0,36,253,1,nflverse
Kevin Walter,WR,WR,HOU,2009,14,0,0,0,4,26,0,53,611,2,nflverse
Larry Johnson,RB,RB,CIN,2009,14,0,0,0,178,562,0,15,80,0,nflverse
Justin Gage,WR,WR,TEN,2009,12,0,0,0,0,0,0,28,383,3,nflverse
Nate Burleson,WR,WR,SEA,2009,13,0,0,0,2,4,0,63,812,3,nflverse
Andre Johnson,WR,WR,HOU,2009,16,0,0,0,2,10,0,101,1569,9,nflverse
Visanthe Shiancoe,TE,TE,MIN,2009,16,0,0,0,0,0,0,56,566,11,nflverse
Seneca Wallace,QB,QB,SEA,2009,13,700,3,2,16,2,1,2,29,0,nflverse
Anquan Boldin,WR,WR,ARI,2009,15,0,0,0,2,7,0,85,1029,5,nflverse
Chris Brown,RB,RB,HOU,2009,14,0,0,1,79,267,3,16,74,0,nflverse
Justin Fargas,RB,RB,LV,2009,12,0,0,0,129,491,3,17,113,0,nflverse
Jason Witten,TE,TE,DAL,2009,16,0,0,0,0,0,0,94,1030,2,nflverse
Bobby Wade,WR,WR,KC,2009,12,0,0,0,2,11,0,37,367,2,nflverse
Bryant Johnson,WR,WR,DET,2009,16,0,0,0,0,0,0,36,426,3,nflverse
Kyle Boller,QB,QB,LA,2009,7,899,3,6,13,76,0,0,0,0,nflverse
Dallas Clark,TE,TE,IND,2009,16,0,0,0,2,11,0,100,1106,10,nflverse
Kelley Washington,WR,WR,BAL,2009,15,0,0,0,1,1,0,34,431,2,nflverse
Byron Leftwich,QB,QB,TB,2009,3,594,4,3,6,6,0,0,0,0,nflverse
Willis McGahee,RB,RB,BAL,2009,15,0,0,0,109,544,12,15,85,2,nflverse
Mewelde Moore,RB,RB,PIT,2009,16,6,1,0,35,118,0,21,153,2,nflverse
Willie Parker,RB,RB,PIT,2009,13,0,0,0,98,389,0,6,64,1,nflverse
Jason Wright,RB,RB,ARI,2009,15,0,0,0,3,17,0,9,53,2,nflverse
Malcom Floyd,WR,WR,LAC,2009,16,0,0,0,0,0,0,45,776,1,nflverse
Wes Welker,WR,WR,NE,2009,14,0,0,0,5,36,0,123,1348,4,nflverse
J.P. Foschi,TE,TE,CIN,2009,15,0,0,0,0,0,0,27,260,2,nflverse
Michael Clayton,WR,WR,TB,2009,12,0,0,0,0,0,0,16,230,1,nflverse
Steven Jackson,RB,RB,LA,2009,15,0,0,0,325,1424,4,50,314,0,nflverse
Chris Cooley,TE,TE,WAS,2009,7,0,0,0,0,0,0,29,332,2,nflverse
Jeff Dugan,TE,TE,MIN,2009,9,0,0,0,3,7,0,6,52,2,nflverse
Patrick Crayton,WR,WR,DAL,2009,16,0,0,0,4,28,0,37,622,5,nflverse
Derrick Ward,RB,RB,TB,2009,14,0,0,0,115,414,1,20,150,2,nflverse
Michael Jenkins,WR,WR,ATL,2009,15,0,0,0,0,0,0,50,635,1,nflverse
Matt Schaub,QB,QB,HOU,2009,16,4770,29,15,47,61,0,0,0,0,nflverse
Eli Manning,QB,QB,NYG,2009,16,4021,27,14,17,65,0,0,0,0,nflverse
Bernard Berrian,WR,WR,MIN,2009,16,0,0,0,0,0,0,55,618,4,nflverse
Jerricho Cotchery,WR,WR,NYJ,2009,14,0,0,0,2,7,1,57,821,3,nflverse
Sean Ryan,TE,TE,KC,2009,8,0,0,0,0,0,0,14,135,2,nflverse
Michael Turner,RB,RB,ATL,2009,11,0,0,0,178,871,10,5,35,0,nflverse
Julius Jones,RB,RB,SEA,2009,14,0,0,0,177,663,2,35,232,2,nflverse
Roy Williams,WR,WR,DAL,2009,15,0,0,0,0,0,0,38,596,7,nflverse
Lee Evans,WR,WR,BUF,2009,16,0,0,0,0,0,0,44,612,7,nflverse
Larry Fitzgerald,WR,WR,ARI,2009,16,0,0,0,0,0,0,97,1092,13,nflverse
Kellen Winslow,TE,TE,TB,2009,16,0,0,0,1,7,0,77,884,5,nflverse
Ben Roethlisberger,QB,QB,PIT,2009,15,4328,26,12,41,79,2,0,0,0,nflverse
Devery Henderson,WR,WR,NO,2009,16,0,0,0,4,13,0,51,804,2,nflverse
Philip Rivers,QB,QB,LAC,2009,16,4254,28,9,26,50,1,0,0,0,nflverse
Benjamin Watson,TE,TE,NE,2009,13,0,0,0,0,0,0,29,404,5,nflverse
Ryan Grant,RB,RB,GB,2009,16,0,0,0,282,1253,11,25,197,0,nflverse
John Kuhn,FB,RB,GB,2009,10,0,0,0,8,18,1,7,47,2,nflverse
Leonard Weaver,FB,RB,PHI,2009,16,0,0,0,70,323,2,15,140,2,nflverse
Josh Cribbs,WR,WR,CLE,2009,16,18,0,1,55,381,1,20,135,1,nflverse
Lance Moore,WR,WR,NO,2009,6,0,0,0,0,0,0,14,153,2,nflverse
Nate Washington,WR,WR,TEN,2009,16,0,0,0,2,15,0,47,569,6,nflverse
Greg Camarillo,WR,WR,MIA,2009,16,0,0,0,0,0,0,50,552,0,nflverse
Alex Smith,QB,QB,SF,2009,11,2350,18,12,24,51,0,1,-6,0,nflverse
Ronnie Brown,RB,RB,MIA,2009,9,22,1,0,147,648,8,14,98,0,nflverse
Braylon Edwards,WR,WR,NYJ,2009,16,0,0,0,0,0,0,45,680,4,nflverse
Cedric Benson,RB,RB,CIN,2009,13,0,0,0,301,1251,6,17,111,0,nflverse
Cadillac Williams,RB,RB,TB,2009,16,0,0,0,209,816,4,29,219,3,nflverse
Mark Clayton,WR,WR,BAL,2009,13,0,0,0,4,28,0,34,480,2,nflverse
Aaron Rodgers,QB,QB,GB,2009,16,4434,30,7,59,304,5,0,0,0,nflverse
Jason Campbell,QB,QB,WAS,2009,16,3618,20,15,47,236,1,0,0,0,nflverse
Roddy White,WR,WR,ATL,2009,16,0,0,0,1,2,0,85,1153,11,nflverse
Heath Miller,TE,TE,PIT,2009,16,0,0,0,0,0,0,76,789,6,nflverse
Mark Bradley,WR,WR,KC,2009,12,26,0,0,2,20,0,24,320,2,nflverse
Vincent Jackson,WR,WR,LAC,2009,15,0,0,0,3,11,0,68,1167,9,nflverse
Frank Gore,RB,RB,SF,2009,14,0,0,0,229,1120,10,52,406,3,nflverse
Charlie Frye,QB,QB,LV,2009,3,581,1,4,4,41,0,0,0,0,nflverse
Ryan Moats,RB,RB,HOU,2009,12,0,0,0,101,390,4,13,106,1,nflverse
Chris Henry,WR,WR,CIN,2009,8,0,0,0,0,0,0,12,236,2,nflverse
Kyle Orton,QB,QB,DEN,2009,16,3802,21,12,24,71,0,0,0,0,nflverse
Marion Barber,RB,RB,DAL,2009,15,0,0,0,214,932,7,26,221,0,nflverse
Brandon Jacobs,RB,RB,NYG,2009,15,0,0,0,224,835,5,18,184,1,nflverse
Darren Sproles,RB,RB,LAC,2009,16,0,0,0,93,343,3,45,497,4,nflverse
Bo Scaife,TE,TE,TEN,2009,13,0,0,0,0,0,0,45,440,1,nflverse
Joel Dreessen,TE,TE,HOU,2009,14,0,0,0,0,0,0,26,320,1,nflverse
Derek Anderson,QB,QB,CLE,2009,8,888,3,10,10,8,2,0,0,0,nflverse
Matt Cassel,QB,QB,KC,2009,15,2924,16,16,50,196,0,0,0,0,nflverse
Ryan Fitzpatrick,QB,QB,BUF,2009,10,1422,9,10,31,141,1,0,0,0,nflverse
Daniel Fells,TE,TE,LA,2009,14,0,0,0,0,0,0,21,273,3,nflverse
Miles Austin,WR,WR,DAL,2009,16,0,0,0,2,-2,0,81,1320,11,nflverse
Mike Bell,RB,RB,NO,2009,13,0,0,0,172,654,5,4,12,0,nflverse
Fred Jackson,RB,RB,BUF,2009,16,27,1,0,238,1062,2,46,371,2,nflverse
Reggie Bush,RB,RB,NO,2009,14,0,0,0,70,390,5,47,335,3,nflverse
Vince Young,QB,QB,TEN,2009,12,1879,10,7,55,281,2,0,0,0,nflverse
Vernon Davis,TE,TE,SF,2009,16,0,0,0,0,0,0,78,965,13,nflverse
Jay Cutler,QB,QB,CHI,2009,16,3666,27,26,41,172,1,0,0,0,nflverse
Laurence Maroney,RB,RB,NE,2009,15,0,0,0,194,757,9,14,99,0,nflverse
Santonio Holmes,WR,WR,PIT,2009,16,0,0,1,3,6,0,79,1248,5,nflverse
DeAngelo Williams,RB,RB,CAR,2009,13,0,0,0,216,1117,7,29,252,0,nflverse
Marcedes Lewis,TE,TE,JAX,2009,15,0,0,0,0,0,0,32,518,2,nflverse
Joseph Addai,RB,RB,IND,2009,15,22,1,0,219,828,10,51,336,3,nflverse
LenDale White,RB,RB,TEN,2009,13,0,0,0,64,222,2,3,14,0,nflverse
Greg Jennings,WR,WR,GB,2009,16,0,0,0,0,0,0,69,1120,4,nflverse
Anthony Fasano,TE,TE,MIA,2009,14,0,0,0,0,0,0,31,339,2,nflverse
Devin Hester,WR,WR,CHI,2009,13,0,0,0,6,-1,0,57,757,3,nflverse
Maurice Jones-Drew,RB,RB,JAX,2009,16,0,0,0,312,1391,15,53,374,1,nflverse
Tony Scheffler,TE,TE,DEN,2009,15,0,0,0,0,0,0,31,416,2,nflverse
Jerious Norwood,RB,RB,ATL,2009,10,0,0,0,76,252,0,19,186,1,nflverse
David Thomas,TE,TE,NO,2009,13,0,0,0,0,0,0,35,356,1,nflverse
Maurice Stovall,WR,WR,TB,2009,13,0,0,0,0,0,0,24,366,1,nflverse
Owen Daniels,TE,TE,HOU,2009,8,0,0,0,0,0,0,40,519,5,nflverse
Brad Smith,WR,WR,NYJ,2009,13,27,0,0,18,207,1,7,63,0,nflverse
Jason Avant,WR,WR,PHI,2009,16,0,0,0,0,0,0,41,587,3,nflverse
Leon Washington,RB,RB,NYJ,2009,7,0,0,0,71,330,0,15,131,0,nflverse
Brandon Marshall,WR,WR,DEN,2009,15,0,0,0,7,39,0,101,1120,10,nflverse
Jerome Harrison,RB,RB,CLE,2009,14,0,0,0,194,862,5,34,220,2,nflverse
Jeff King,TE,TE,CAR,2009,16,0,0,0,0,0,0,25,200,3,nflverse
Delanie Walker,TE,TE,SF,2009,16,0,0,0,3,34,0,21,233,0,nflverse
Bruce Gradkowski,QB,QB,LV,2009,7,1004,6,3,18,108,0,0,0,0,nflverse
Devin Aromashodu,WR,WR,CHI,2009,7,0,0,0,0,0,0,24,298,4,nflverse
Quinton Ganther,RB,RB,WAS,2009,8,0,0,0,62,199,3,9,99,0,nflverse
David Anderson,WR,WR,HOU,2009,16,0,0,0,0,0,0,38,370,0,nflverse
Marques Colston,WR,WR,NO,2009,16,0,0,0,1,6,0,70,1074,9,nflverse
Eric Weems,WR,WR,ATL,2009,16,0,0,0,8,53,0,6,50,2,nflverse
Pierre Thomas,RB,RB,NO,2009,14,0,0,0,147,793,6,39,302,2,nflverse
JaMarcus Russell,QB,QB,LV,2009,12,1290,3,11,19,45,0,0,0,0,nflverse
Calvin Johnson,WR,WR,DET,2009,14,0,0,0,7,73,0,67,984,5,nflverse
Adrian Peterson,RB,RB,MIN,2009,16,0,0,0,315,1389,18,43,436,0,nflverse
Ted Ginn,WR,WR,MIA,2009,16,0,0,0,7,48,0,38,454,1,nflverse
Marshawn Lynch,RB,RB,BUF,2009,13,0,0,0,120,450,2,28,179,0,nflverse
Brady Quinn,QB,QB,CLE,2009,10,1339,8,7,20,98,1,1,18,0,nflverse
Dwayne Bowe,WR,WR,KC,2009,11,0,0,0,0,0,0,47,589,4,nflverse
Robert Meachem,WR,WR,NO,2009,15,0,0,0,6,82,0,45,722,9,nflverse
Greg Olsen,TE,TE,CHI,2009,16,0,0,0,0,0,0,60,612,8,nflverse
Kevin Kolb,QB,QB,PHI,2009,3,741,4,3,4,5,1,0,0,0,nflverse
Zach Miller,TE,TE,LV,2009,15,0,0,0,0,0,0,66,805,3,nflverse
Sidney Rice,WR,WR,MIN,2009,16,0,0,0,0,0,0,84,1312,8,nflverse
Steve Smith,WR,WR,NYG,2009,16,0,0,0,0,0,0,107,1220,7,nflverse
Brian Leonard,RB,RB,CIN,2009,14,0,0,0,27,84,0,30,217,0,nflverse
Brandon Jackson,RB,RB,GB,2009,12,0,0,0,37,111,2,21,187,1,nflverse
Jacoby Jones,WR,WR,HOU,2009,14,0,0,0,3,22,0,27,437,6,nflverse
Jason Hill,WR,WR,SF,2009,10,0,0,0,0,0,0,9,90,2,nflverse
James Jones,WR,WR,GB,2009,16,0,0,0,0,0,0,32,440,5,nflverse
Mike Sims-Walker,WR,WR,JAX,2009,15,0,0,0,0,0,0,63,869,7,nflverse
Trent Edwards,QB,QB,BUF,2009,8,1169,6,7,14,106,0,0,0,0,nflverse
Johnnie Lee Higgins,WR,WR,LV,2009,15,0,0,0,2,21,0,19,263,0,nflverse
Michael Bush,RB,RB,LV,2009,15,0,0,0,123,589,3,17,105,0,nflverse
Le'Ron McClain,FB,RB,BAL,2009,16,0,0,0,46,180,2,21,141,0,nflverse
Steve Breaston,WR,WR,ARI,2009,15,0,0,0,2,44,0,55,712,3,nflverse
Kevin Boss,TE,TE,NYG,2009,15,0,0,0,1,16,0,42,567,5,nflverse
Dante Rosario,TE,TE,CAR,2009,14,0,0,0,0,0,0,26,313,2,nflverse
Brent Celek,TE,TE,PHI,2009,16,0,0,0,0,0,0,76,971,8,nflverse
Legedu Naanee,WR,WR,LAC,2009,13,21,0,0,3,7,0,24,242,2,nflverse
Ben Patrick,TE,TE,ARI,2009,8,0,0,0,0,0,0,12,146,2,nflverse
Chansi Stuckey,WR,WR,CLE,2009,14,0,0,0,2,6,0,30,318,2,nflverse
Jason Snelling,FB,RB,ATL,2009,14,0,0,0,142,613,4,30,259,1,nflverse
Kenneth Darby,RB,RB,LA,2009,15,0,0,0,27,152,0,18,96,0,nflverse
Ahmad Bradshaw,RB,RB,NYG,2009,15,0,0,0,163,778,7,21,207,0,nflverse
Matt Moore,QB,QB,CAR,2009,7,1053,8,2,12,-3,0,0,0,0,nflverse
Chad Simpson,RB,RB,IND,2009,14,0,0,0,15,102,2,3,1,0,nflverse
Davone Bess,WR,WR,MIA,2009,16,0,0,0,2,11,0,76,758,2,nflverse
Joey Haynos,TE,TE,MIA,2009,14,0,0,0,0,0,0,19,162,2,nflverse
Danny Amendola,WR,WR,LA,2009,14,0,0,0,3,-2,0,43,326,1,nflverse
Mike Tolbert,FB,RB,LAC,2009,15,0,0,0,25,148,1,17,192,3,nflverse
Lynell Hamilton,RB,RB,NO,2009,8,0,0,0,35,125,2,5,48,0,nflverse
Matt Ryan,QB,QB,ATL,2009,14,2916,22,14,30,49,1,0,0,0,nflverse
Darren McFadden,RB,RB,LV,2009,12,0,0,0,104,356,1,21,245,0,nflverse
Jonathan Stewart,RB,RB,CAR,2009,16,0,0,0,221,1133,10,18,139,1,nflverse
Joe Flacco,QB,QB,BAL,2009,16,3613,21,12,34,62,0,0,0,0,nflverse
Felix Jones,RB,RB,DAL,2009,14,0,0,0,116,685,3,19,119,0,nflverse
Rashard Mendenhall,RB,RB,PIT,2009,16,0,0,0,242,1108,7,25,261,1,nflverse
Chris Johnson,RB,RB,TEN,2009,16,0,0,0,358,2006,14,50,503,2,nflverse
Dustin Keller,TE,TE,NYJ,2009,16,0,0,0,1,7,0,45,522,2,nflverse
Donnie Avery,WR,WR,LA,2009,16,0,0,0,4,30,0,47,589,5,nflverse
Devin Thomas,WR,WR,WAS,2009,13,0,0,0,3,-2,0,25,325,3,nflverse
Jordy Nelson,WR,WR,GB,2009,13,0,0,0,0,0,0,22,320,2,nflverse
John Carlson,TE,TE,SEA,2009,16,0,0,0,0,0,0,51,574,7,nflverse
Eddie Royal,WR,WR,DEN,2009,14,0,0,0,1,1,0,37,345,0,nflverse
Matt Forte,RB,RB,CHI,2009,16,0,0,0,258,929,4,57,471,0,nflverse
Fred Davis,TE,TE,WAS,2009,15,0,0,0,0,0,0,48,509,6,nflverse
DeSean Jackson,WR,WR,PHI,2009,15,0,0,0,11,137,1,63,1167,9,nflverse
Malcolm Kelly,WR,WR,WAS,2009,15,0,0,0,0,0,0,25,347,0,nflverse
Ray Rice,RB,RB,BAL,2009,16,0,0,0,254,1339,7,78,702,1,nflverse
Chad Henne,QB,QB,MIA,2009,14,2878,12,14,16,32,1,0,0,0,nflverse
Kevin Smith,RB,RB,DET,2009,13,0,0,0,217,747,4,40,409,1,nflverse
Earl Bennett,WR,WR,CHI,2009,16,0,0,0,0,0,0,54,717,2,nflverse
Jamaal Charles,RB,RB,KC,2009,15,0,0,0,190,1120,7,40,297,1,nflverse
Early Doucet,WR,WR,ARI,2009,9,0,0,0,0,0,0,17,214,1,nflverse
Steve Slaton,RB,RB,HOU,2009,11,0,0,0,131,437,3,44,417,4,nflverse
Jermichael Finley,TE,TE,GB,2009,12,0,0,0,0,0,0,55,676,5,nflverse
Mario Manningham,WR,WR,NYG,2009,14,0,0,0,0,0,0,57,822,5,nflverse
Andre Caldwell,WR,WR,CIN,2009,16,0,0,0,3,22,0,51,432,3,nflverse
Tashard Choice,RB,RB,DAL,2009,15,0,0,0,64,349,3,15,132,0,nflverse
Keenan Burton,WR,WR,LA,2009,9,0,0,0,0,0,0,25,253,0,nflverse
Gary Barnidge,TE,TE,CAR,2009,13,0,0,0,0,0,0,12,242,0,nflverse
Tim Hightower,RB,RB,ARI,2009,16,0,0,0,143,598,8,63,428,0,nflverse
Kellen Davis,TE,TE,CHI,2009,6,0,0,0,0,0,0,9,75,3,nflverse
Josh Johnson,QB,QB,TB,2009,5,685,4,8,22,148,0,0,0,0,nflverse
Josh Morgan,WR,WR,SF,2009,15,0,0,0,5,61,0,52,527,3,nflverse
Lex Hilliard,FB,RB,MIA,2009,13,0,0,0,23,89,1,20,158,2,nflverse
Pierre Garcon,WR,WR,IND,2009,14,0,0,0,2,10,0,47,765,4,nflverse
Chaz Schilens,WR,WR,LV,2009,8,0,0,0,0,0,0,29,365,2,nflverse
Justin Forsett,RB,RB,SEA,2009,16,0,0,0,114,619,4,41,350,1,nflverse
Matthew Stafford,QB,QB,DET,2009,10,2267,13,20,21,108,2,0,0,0,nflverse
Kahlil Bell,RB,RB,CHI,2009,7,0,0,0,40,220,0,1,4,0,nflverse
Arian Foster,RB,RB,HOU,2009,5,0,0,0,54,257,3,8,93,0,nflverse
Mark Sanchez,QB,QB,NYJ,2009,15,2444,12,20,36,106,3,0,0,0,nflverse
Shonn Greene,RB,RB,NYJ,2009,13,0,0,0,109,541,2,0,0,0,nflverse
Mike Wallace,WR,WR,PIT,2009,16,0,0,0,5,48,0,39,756,6,nflverse
Johnny Knox,WR,WR,CHI,2009,15,0,0,0,0,0,0,45,527,5,nflverse
Brandon Gibson,WR,WR,LA,2009,9,0,0,0,0,0,0,34,348,1,nflverse
Bernard Scott,RB,RB,CIN,2009,10,0,0,0,74,321,0,5,67,0,nflverse
Sammie Stroughter,WR,WR,TB,2009,13,0,0,0,0,0,0,31,334,1,nflverse
Michael Crabtree,WR,WR,SF,2009,11,0,0,0,0,0,0,48,625,2,nflverse
Knowshon Moreno,RB,RB,DEN,2009,16,0,0,0,247,947,7,28,213,2,nflverse
Josh Freeman,QB,QB,TB,2009,10,1857,10,18,31,162,0,0,1,0,nflverse
Jeremy Maclin,WR,WR,PHI,2009,13,0,0,0,2,-7,0,55,762,4,nflverse
Brandon Pettigrew,TE,TE,DET,2009,10,0,0,0,0,0,0,31,352,2,nflverse
Percy Harvin,WR,WR,MIN,2009,15,0,0,0,15,135,0,60,790,6,nflverse
Donald Brown,RB,RB,IND,2009,11,0,0,0,78,281,3,11,169,0,nflverse
Hakeem Nicks,WR,WR,NYG,2009,14,0,0,0,2,8,0,47,790,6,nflverse
Kenny Britt,WR,WR,TEN,2009,15,0,0,0,0,0,0,42,701,3,nflverse
Chris Wells,RB,RB,ARI,2009,16,0,0,0,176,793,7,12,143,0,nflverse
Mohamed Massaquoi,WR,WR,CLE,2009,16,0,0,0,1,-3,0,34,624,3,nflverse
LeSean McCoy,RB,RB,PHI,2009,16,0,0,0,155,637,4,40,308,0,nflverse
Glen Coffee,RB,RB,SF,2009,13,0,0,0,83,226,1,11,76,0,nflverse
Mike Thomas,WR,WR,JAX,2009,14,0,0,0,11,85,0,48,453,1,nflverse
Brian Hartline,WR,WR,MIA,2009,16,0,0,0,4,29,1,31,506,3,nflverse
Louis Murphy,WR,WR,LV,2009,16,0,0,0,6,31,0,34,521,4,nflverse
Austin Collie,WR,WR,IND,2009,16,0,0,0,2,1,0,60,676,7,nflverse
Zach Miller,TE,TE,JAX,2009,13,0,0,0,1,3,0,21,212,2,nflverse
Aaron Brown,RB,RB,DET,2009,15,0,0,0,27,131,0,9,84,1,nflverse
Keith Null,QB,QB,LA,2009,4,558,3,9,5,6,0,0,0,0,nflverse
Julian Edelman,WR,WR,NE,2009,10,0,0,0,2,5,0,37,359,1,nflverse
Rashad Jennings,RB,RB,JAX,2009,15,0,0,0,39,202,1,16,101,0,nflverse
Chris Jennings,RB,RB,CLE,2009,9,0,0,0,63,220,1,9,56,0,nflverse
Charlie Batch,QB,QB,PIT,2010,3,352,3,3,7,30,0,0,0,0,nflverse
Kerry Collins,QB,QB,TEN,2010,10,1823,14,8,10,1,0,0,0,0,nflverse
Jake Delhomme,QB,QB,CLE,2010,5,872,2,7,8,-2,0,0,0,0,nflverse
Donald Driver,WR,WR,GB,2010,15,0,0,0,0,0,0,51,565,4,nflverse
Brett Favre,QB,QB,MIN,2010,13,2509,11,19,17,8,0,0,0,0,nflverse
Brian Finneran,WR,WR,ATL,2010,13,0,0,0,0,0,0,19,166,3,nflverse
Tony Gonzalez,TE,TE,ATL,2010,16,0,0,0,0,0,0,70,656,6,nflverse
Matt Hasselbeck,QB,QB,SEA,2010,14,2998,12,17,23,60,3,0,0,0,nflverse
Jon Kitna,QB,QB,DAL,2010,10,2365,16,12,31,147,1,0,0,0,nflverse
Peyton Manning,QB,QB,IND,2010,16,4700,33,17,18,18,0,0,0,0,nflverse
Derrick Mason,WR,WR,BAL,2010,16,0,0,0,0,0,0,61,802,7,nflverse
Donovan McNabb,QB,QB,WAS,2010,13,3377,14,15,29,151,0,0,0,0,nflverse
Randy Moss,WR,WR,TEN,2010,13,0,0,0,0,0,0,28,393,5,nflverse
Terrell Owens,WR,WR,CIN,2010,13,0,0,0,0,0,0,72,983,9,nflverse
Mike Sellers,TE,TE,WAS,2010,16,0,0,0,4,2,0,20,224,0,nflverse
Brandon Stokley,WR,WR,SEA,2010,11,0,0,0,0,0,0,31,354,0,nflverse
Hines Ward,WR,WR,PIT,2010,16,0,0,0,1,-2,0,59,755,5,nflverse
Ricky Williams,RB,RB,MIA,2010,16,0,0,0,159,673,2,19,141,1,nflverse
Tom Brady,QB,QB,NE,2010,16,3900,36,4,31,30,1,0,0,0,nflverse
Thomas Jones,RB,RB,KC,2010,16,0,0,0,245,896,6,14,122,0,nflverse
Mike Vick,QB,QB,PHI,2010,12,3018,21,6,99,676,9,0,0,0,nflverse
Correll Buckhalter,RB,RB,DEN,2010,14,0,0,0,59,147,2,28,240,2,nflverse
Alge Crumpler,TE,TE,NE,2010,13,0,0,0,0,0,0,6,52,2,nflverse
Steve Smith,WR,WR,CAR,2010,14,0,0,0,1,9,0,46,554,2,nflverse
Chad Johnson,WR,WR,CIN,2010,14,0,0,0,0,0,0,67,831,4,nflverse
T.J. Houshmandzadeh,WR,WR,BAL,2010,16,0,0,0,0,0,0,30,398,3,nflverse
Chris Chambers,WR,WR,KC,2010,12,0,0,0,0,0,0,22,213,1,nflverse
Santana Moss,WR,WR,WAS,2010,16,0,0,0,5,-6,0,93,1115,6,nflverse
Reggie Wayne,WR,WR,IND,2010,16,0,0,0,0,0,0,111,1355,6,nflverse
Todd Heap,TE,TE,BAL,2010,13,0,0,0,0,0,0,40,599,5,nflverse
Drew Brees,QB,QB,NO,2010,16,4620,33,22,18,-3,0,1,7,0,nflverse
LaDainian Tomlinson,RB,RB,NYJ,2010,15,0,0,0,219,914,6,52,368,0,nflverse
Shaun Hill,QB,QB,DET,2010,11,2686,16,12,22,123,0,0,0,0,nflverse
Jeremy Shockey,TE,TE,NO,2010,13,0,0,0,0,0,0,41,408,3,nflverse
Jabar Gaffney,WR,WR,DEN,2010,16,0,0,0,0,0,0,65,875,2,nflverse
Clinton Portis,RB,RB,WAS,2010,5,0,0,0,54,227,2,5,55,0,nflverse
Maurice Morris,RB,RB,DET,2010,13,0,0,0,90,336,5,25,170,0,nflverse
Ladell Betts,RB,RB,NO,2010,7,0,0,0,45,150,2,23,141,0,nflverse
Antwaan Randle El,WR,WR,PIT,2010,16,42,2,0,1,2,0,22,253,0,nflverse
Deion Branch,WR,WR,NE,2010,15,0,0,0,0,0,0,61,818,6,nflverse
Brian Westbrook,RB,RB,SF,2010,13,0,0,0,77,340,4,16,150,1,nflverse
David Garrard,QB,QB,JAX,2010,14,2734,23,15,67,270,5,0,0,0,nflverse
Randy McMichael,TE,TE,LAC,2010,15,0,0,0,0,0,0,20,221,2,nflverse
Chester Taylor,RB,RB,CHI,2010,16,0,0,0,112,267,3,20,139,0,nflverse
Carson Palmer,QB,QB,CIN,2010,16,3970,26,20,32,50,0,0,0,0,nflverse
Antonio Gates,TE,TE,LAC,2010,10,0,0,0,0,0,0,50,782,10,nflverse
Tony Romo,QB,QB,DAL,2010,6,1605,11,7,6,38,0,0,11,0,nflverse
Earnest Graham,RB,RB,TB,2010,11,2,1,0,20,99,1,16,130,1,nflverse
Donald Lee,TE,TE,GB,2010,10,0,0,0,0,0,0,11,73,3,nflverse
Kevin Walter,WR,WR,HOU,2010,14,0,0,0,0,0,0,51,621,5,nflverse
Justin Gage,WR,WR,TEN,2010,11,0,0,0,0,0,0,20,266,1,nflverse
Nate Burleson,WR,WR,DET,2010,14,0,0,0,7,81,0,55,625,6,nflverse
Andre Johnson,WR,WR,HOU,2010,13,0,0,0,2,10,0,86,1216,8,nflverse
Visanthe Shiancoe,TE,TE,MIN,2010,16,0,0,0,0,0,0,47,530,2,nflverse
Seneca Wallace,QB,QB,CLE,2010,6,694,4,2,7,9,0,1,9,0,nflverse
Anquan Boldin,WR,WR,BAL,2010,16,-6,0,0,2,2,0,64,837,7,nflverse
Brandon Lloyd,WR,WR,DEN,2010,16,0,0,0,1,-18,0,77,1448,11,nflverse
Rex Grossman,QB,QB,WAS,2010,4,884,7,4,3,6,0,0,0,0,nflverse
Jason Witten,TE,TE,DAL,2010,16,0,0,0,0,0,0,94,1002,9,nflverse
Bryant Johnson,WR,WR,DET,2010,14,0,0,0,0,0,0,18,210,0,nflverse
Dallas Clark,TE,TE,IND,2010,6,0,0,0,0,0,0,37,347,3,nflverse
Willis McGahee,RB,RB,BAL,2010,15,0,0,0,100,380,5,14,55,1,nflverse
Mewelde Moore,RB,RB,PIT,2010,14,0,0,0,33,99,0,26,205,0,nflverse
Malcom Floyd,WR,WR,LAC,2010,11,0,0,0,0,0,0,37,717,6,nflverse
Wes Welker,WR,WR,NE,2010,15,0,0,0,0,0,0,86,848,7,nflverse
Steven Jackson,RB,RB,LA,2010,16,0,0,0,330,1241,6,46,383,0,nflverse
Chris Cooley,TE,TE,WAS,2010,16,0,0,0,0,0,0,77,849,3,nflverse
Patrick Crayton,WR,WR,LAC,2010,8,0,0,0,0,0,0,28,514,1,nflverse
Derrick Ward,RB,RB,HOU,2010,14,0,0,0,51,317,4,7,61,0,nflverse
Michael Jenkins,WR,WR,ATL,2010,11,0,0,0,0,0,0,41,505,2,nflverse
Matt Schaub,QB,QB,HOU,2010,16,4370,24,12,22,28,0,0,0,0,nflverse
Eli Manning,QB,QB,NYG,2010,16,4002,31,25,32,70,0,0,0,0,nflverse
Bernard Berrian,WR,WR,MIN,2010,12,0,0,0,1,-8,0,28,252,0,nflverse
Jerricho Cotchery,WR,WR,NYJ,2010,14,0,0,0,4,-3,0,41,433,2,nflverse
Michael Turner,RB,RB,ATL,2010,16,0,0,0,334,1371,12,12,85,0,nflverse
Julius Jones,RB,RB,NO,2010,13,0,0,0,60,223,0,17,59,0,nflverse
Roy Williams,WR,WR,DAL,2010,15,0,0,0,0,0,0,37,530,5,nflverse
Lee Evans,WR,WR,BUF,2010,13,0,0,0,0,0,0,37,578,4,nflverse
Larry Fitzgerald,WR,WR,ARI,2010,16,0,0,0,0,0,0,90,1137,6,nflverse
Kellen Winslow,TE,TE,TB,2010,16,0,0,0,0,0,0,66,730,5,nflverse
Ben Roethlisberger,QB,QB,PIT,2010,12,3200,17,5,34,176,2,0,0,0,nflverse
Devery Henderson,WR,WR,NO,2010,16,0,0,0,3,8,0,34,464,1,nflverse
Philip Rivers,QB,QB,LAC,2010,16,4710,30,13,29,52,0,0,0,0,nflverse
Benjamin Watson,TE,TE,CLE,2010,16,0,0,0,1,-1,0,68,763,3,nflverse
John Kuhn,FB,RB,GB,2010,16,0,0,0,84,281,4,15,97,2,nflverse
Josh Cribbs,WR,WR,CLE,2010,15,19,0,0,21,67,0,23,292,1,nflverse
Lance Moore,WR,WR,NO,2010,15,0,0,0,0,0,0,66,763,8,nflverse
Nate Washington,WR,WR,TEN,2010,16,0,0,0,1,-8,0,42,687,6,nflverse
Greg Camarillo,WR,WR,MIN,2010,16,0,0,0,0,0,0,20,240,1,nflverse
Alex Smith,QB,QB,SF,2010,11,2370,14,10,18,60,0,0,0,0,nflverse
Ronnie Brown,RB,RB,MIA,2010,16,0,0,0,200,734,5,33,242,0,nflverse
Braylon Edwards,WR,WR,NYJ,2010,16,0,0,0,1,4,0,53,904,7,nflverse
Cedric Benson,RB,RB,CIN,2010,16,0,0,0,321,1111,7,28,178,1,nflverse
Cadillac Williams,RB,RB,TB,2010,16,0,0,0,125,437,2,46,355,1,nflverse
Mike Williams,WR,WR,SEA,2010,13,0,0,0,1,0,0,65,751,2,nflverse
Mark Clayton,WR,WR,LA,2010,5,0,0,0,1,6,0,23,306,2,nflverse
Aaron Rodgers,QB,QB,GB,2010,15,3922,28,11,64,356,4,0,0,0,nflverse
Jason Campbell,QB,QB,LV,2010,13,2387,13,8,46,221,1,1,1,0,nflverse
Roddy White,WR,WR,ATL,2010,16,0,0,0,1,3,0,115,1389,10,nflverse
Heath Miller,TE,TE,PIT,2010,14,0,0,0,0,0,0,42,512,2,nflverse
Roscoe Parrish,WR,WR,BUF,2010,8,0,0,0,3,23,0,33,392,2,nflverse
Vincent Jackson,WR,WR,LAC,2010,4,0,0,0,1,14,0,14,248,3,nflverse
Frank Gore,RB,RB,SF,2010,11,0,0,0,203,853,3,46,452,2,nflverse
Kyle Orton,QB,QB,DEN,2010,13,3652,20,9,22,98,0,0,0,0,nflverse
Marion Barber,RB,RB,DAL,2010,13,0,0,0,113,374,4,11,49,0,nflverse
Brandon Jacobs,RB,RB,NYG,2010,16,0,0,0,147,823,9,7,59,0,nflverse
Darren Sproles,RB,RB,LAC,2010,16,0,0,0,51,270,0,59,520,2,nflverse
Bo Scaife,TE,TE,TEN,2010,13,0,0,0,0,0,0,36,318,4,nflverse
Joel Dreessen,TE,TE,HOU,2010,16,0,0,0,0,0,0,36,518,4,nflverse
Derek Anderson,QB,QB,ARI,2010,12,2065,7,10,5,25,0,0,0,0,nflverse
Matt Cassel,QB,QB,KC,2010,15,3116,27,7,33,125,0,0,0,0,nflverse
Billy Bajema,TE,TE,LA,2010,10,0,0,0,0,0,0,14,145,2,nflverse
Ryan Fitzpatrick,QB,QB,BUF,2010,13,2992,23,15,40,269,0,0,0,0,nflverse
Daniel Fells,TE,TE,LA,2010,16,0,0,0,0,0,0,41,391,2,nflverse
Miles Austin,WR,WR,DAL,2010,16,0,0,0,7,93,1,69,1041,7,nflverse
Micheal Spurlock,WR,WR,TB,2010,16,0,0,0,0,0,0,17,250,2,nflverse
Patrick Cobbs,RB,RB,MIA,2010,13,0,0,0,4,0,0,8,91,2,nflverse
Fred Jackson,RB,RB,BUF,2010,16,0,0,0,222,927,5,31,215,2,nflverse
Reggie Bush,RB,RB,NO,2010,8,0,0,0,36,150,0,34,208,1,nflverse
Vince Young,QB,QB,TEN,2010,9,1255,10,3,25,125,0,0,0,0,nflverse
Vernon Davis,TE,TE,SF,2010,16,0,0,0,0,0,0,56,914,7,nflverse
Jay Cutler,QB,QB,CHI,2010,15,3274,23,16,50,232,1,0,0,0,nflverse
Santonio Holmes,WR,WR,NYJ,2010,12,0,0,0,2,17,0,52,746,6,nflverse
DeAngelo Williams,RB,RB,CAR,2010,6,0,0,0,87,361,1,11,61,0,nflverse
Marcedes Lewis,TE,TE,JAX,2010,16,0,0,0,0,0,0,58,700,10,nflverse
Joseph Addai,RB,RB,IND,2010,8,0,0,0,116,495,4,19,124,0,nflverse
Greg Jennings,WR,WR,GB,2010,16,0,0,0,1,-1,0,76,1265,12,nflverse
Anthony Fasano,TE,TE,MIA,2010,15,0,0,0,0,0,0,39,528,4,nflverse
Devin Hester,WR,WR,CHI,2010,16,0,0,0,7,30,0,40,475,4,nflverse
Maurice Jones-Drew,RB,RB,JAX,2010,14,0,0,1,299,1324,5,34,317,2,nflverse
Tony Scheffler,TE,TE,DET,2010,15,0,0,0,0,0,0,45,378,1,nflverse
Tarvaris Jackson,QB,QB,MIN,2010,3,341,3,4,7,63,0,0,0,0,nflverse
Leonard Pope,TE,TE,KC,2010,14,0,0,0,0,0,0,10,76,2,nflverse
Charlie Whitehurst,QB,QB,SEA,2010,5,507,2,3,20,43,1,0,0,0,nflverse
Derek Hagan,WR,WR,NYG,2010,7,0,0,0,0,0,0,24,223,1,nflverse
David Thomas,TE,TE,NO,2010,12,0,0,0,0,0,0,30,219,2,nflverse
Owen Daniels,TE,TE,HOU,2010,11,0,0,0,0,0,0,38,471,2,nflverse
Brad Smith,WR,WR,NYJ,2010,16,6,1,0,37,298,1,4,44,0,nflverse
Jason Avant,WR,WR,PHI,2010,16,0,0,0,0,0,0,51,573,1,nflverse
Brandon Marshall,WR,WR,MIA,2010,14,0,0,0,2,3,0,86,1014,3,nflverse
Jerome Harrison,RB,RB,PHI,2010,10,0,0,0,71,330,1,12,85,0,nflverse
Jeff King,TE,TE,CAR,2010,14,0,0,0,0,0,0,19,121,2,nflverse
Delanie Walker,TE,TE,SF,2010,14,0,0,0,3,18,0,29,331,0,nflverse
Bruce Gradkowski,QB,QB,LV,2010,6,1059,5,7,12,41,0,0,0,0,nflverse
Ben Obomanu,WR,WR,SEA,2010,13,0,0,0,2,17,0,30,494,4,nflverse
Marques Colston,WR,WR,NO,2010,15,0,0,0,1,1,0,84,1023,7,nflverse
Pierre Thomas,RB,RB,NO,2010,6,0,0,0,83,269,2,29,201,0,nflverse
Calvin Johnson,WR,WR,DET,2010,15,0,0,0,4,32,0,77,1120,12,nflverse
Adrian Peterson,RB,RB,MIN,2010,15,0,0,0,283,1298,12,36,341,1,nflverse
Marshawn Lynch,RB,RB,SEA,2010,16,0,0,0,202,737,6,22,145,0,nflverse
Dwayne Bowe,WR,WR,KC,2010,16,0,0,0,1,4,0,72,1162,15,nflverse
Robert Meachem,WR,WR,NO,2010,16,0,0,0,4,14,0,44,638,5,nflverse
Craig Davis,WR,WR,LAC,2010,7,0,0,0,0,0,0,21,259,1,nflverse
Greg Olsen,TE,TE,CHI,2010,16,0,0,0,0,0,0,41,404,5,nflverse
Kevin Kolb,QB,QB,PHI,2010,7,1197,7,7,16,66,0,0,0,0,nflverse
Zach Miller,TE,TE,LV,2010,15,0,0,0,0,0,0,60,685,5,nflverse
Drew Stanton,QB,QB,DET,2010,6,780,4,3,18,113,1,0,0,0,nflverse
Sidney Rice,WR,WR,MIN,2010,6,0,0,0,0,0,0,17,280,2,nflverse
Steve Smith,WR,WR,NYG,2010,9,0,0,0,0,0,0,48,529,3,nflverse
Brandon Jackson,RB,RB,GB,2010,16,0,0,0,190,703,3,43,342,1,nflverse
Jacoby Jones,WR,WR,HOU,2010,15,0,0,0,2,7,0,51,562,3,nflverse
Laurent Robinson,WR,WR,LA,2010,13,0,0,0,2,-14,0,34,344,2,nflverse
Jason Hill,WR,WR,JAX,2010,6,0,0,0,0,0,0,11,248,1,nflverse
James Jones,WR,WR,GB,2010,16,0,0,0,0,0,0,50,679,5,nflverse
Mike Sims-Walker,WR,WR,JAX,2010,14,0,0,0,0,0,0,43,562,7,nflverse
Trent Edwards,QB,QB,JAX,2010,4,521,2,5,14,58,0,0,0,0,nflverse
Michael Bush,RB,RB,LV,2010,14,0,0,0,158,655,8,18,194,0,nflverse
Le'Ron McClain,FB,RB,BAL,2010,14,0,0,0,28,85,0,21,134,0,nflverse
Steve Breaston,WR,WR,ARI,2010,13,17,0,0,3,35,0,47,718,1,nflverse
Kevin Boss,TE,TE,NYG,2010,15,0,0,0,0,0,0,35,531,5,nflverse
Dante Rosario,TE,TE,CAR,2010,16,0,0,0,1,-2,0,32,264,0,nflverse
Brent Celek,TE,TE,PHI,2010,14,0,0,0,0,0,0,42,511,4,nflverse
Legedu Naanee,WR,WR,LAC,2010,9,0,0,0,3,-2,0,23,371,1,nflverse
Troy Smith,QB,QB,SF,2010,6,1176,5,4,23,121,1,0,0,0,nflverse
Chansi Stuckey,WR,WR,CLE,2010,15,0,0,0,3,9,1,40,346,0,nflverse
Jason Snelling,FB,RB,ATL,2010,14,0,0,0,87,324,2,44,303,3,nflverse
Kenneth Darby,RB,RB,LA,2010,13,0,0,0,34,107,2,10,61,1,nflverse
Ahmad Bradshaw,RB,RB,NYG,2010,16,0,0,0,276,1235,8,47,314,0,nflverse
Matt Moore,QB,QB,CAR,2010,6,857,5,10,5,25,0,0,0,0,nflverse
BenJarvus Green-Ellis,RB,RB,NE,2010,16,0,0,0,229,1008,13,12,85,0,nflverse
Davone Bess,WR,WR,MIA,2010,16,0,0,0,1,0,0,80,817,5,nflverse
Danny Woodhead,RB,RB,NE,2010,15,0,0,0,97,547,5,34,379,1,nflverse
Danny Amendola,WR,WR,LA,2010,16,0,0,0,7,81,0,85,689,3,nflverse
Mike Tolbert,FB,RB,LAC,2010,15,0,0,0,182,735,11,25,216,0,nflverse
Evan Moore,TE,TE,CLE,2010,9,0,0,0,0,0,0,16,322,1,nflverse
Matt Ryan,QB,QB,ATL,2010,16,3705,28,9,46,122,0,0,0,0,nflverse
Darren McFadden,RB,RB,LV,2010,13,0,0,0,223,1157,7,47,507,3,nflverse
Jonathan Stewart,RB,RB,CAR,2010,14,0,0,0,178,770,2,8,103,1,nflverse
Joe Flacco,QB,QB,BAL,2010,16,3622,25,10,43,84,1,0,0,0,nflverse
Felix Jones,RB,RB,DAL,2010,16,0,0,0,185,800,1,48,450,1,nflverse
Rashard Mendenhall,RB,RB,PIT,2010,16,0,0,0,324,1273,13,23,167,0,nflverse
Chris Johnson,RB,RB,TEN,2010,16,0,0,0,316,1364,11,44,245,1,nflverse
Dustin Keller,TE,TE,NYJ,2010,15,0,0,0,0,0,0,55,687,5,nflverse
Jordy Nelson,WR,WR,GB,2010,16,0,0,0,0,0,0,45,582,2,nflverse
John Carlson,TE,TE,SEA,2010,14,0,0,0,0,0,0,31,318,1,nflverse
Eddie Royal,WR,WR,DEN,2010,16,0,0,0,6,61,0,59,627,3,nflverse
Matt Forte,RB,RB,CHI,2010,16,0,0,0,237,1069,6,51,547,3,nflverse
Jerome Simpson,WR,WR,CIN,2010,4,0,0,0,1,2,0,20,277,3,nflverse
Fred Davis,TE,TE,WAS,2010,15,0,0,0,0,0,0,21,316,3,nflverse
DeSean Jackson,WR,WR,PHI,2010,14,0,0,0,16,104,1,47,1056,6,nflverse
Ray Rice,RB,RB,BAL,2010,16,0,0,0,307,1220,5,63,556,1,nflverse
Chad Henne,QB,QB,MIA,2010,15,3298,15,18,35,52,0,0,0,0,nflverse
Martellus Bennett,TE,TE,DAL,2010,15,0,0,0,0,0,0,33,260,0,nflverse
Kevin Smith,RB,RB,DET,2010,6,0,0,0,33,125,0,11,123,0,nflverse
Jacob Hester,RB,RB,LAC,2010,15,0,0,0,26,60,0,22,145,1,nflverse
Earl Bennett,WR,WR,CHI,2010,14,0,0,0,2,9,0,46,561,3,nflverse
Jamaal Charles,RB,RB,KC,2010,16,0,0,0,230,1467,5,45,468,3,nflverse
Early Doucet,WR,WR,ARI,2010,10,0,0,0,2,5,0,26,291,1,nflverse
Harry Douglas,WR,WR,ATL,2010,15,0,0,0,2,-5,0,22,294,1,nflverse
Craig Stevens,TE,TE,TEN,2010,14,0,0,0,0,0,0,11,122,2,nflverse
Jermichael Finley,TE,TE,GB,2010,4,0,0,0,0,0,0,21,301,1,nflverse
Mario Manningham,WR,WR,NYG,2010,16,0,0,0,1,2,0,60,944,9,nflverse
Andre Caldwell,WR,WR,CIN,2010,13,0,0,0,1,-2,0,25,345,0,nflverse
Tashard Choice,RB,RB,DAL,2010,12,0,0,0,66,243,3,17,109,0,nflverse
Jacob Tamme,TE,TE,IND,2010,13,0,0,0,0,0,0,67,631,4,nflverse
Ryan Torain,RB,RB,WAS,2010,10,0,0,0,164,742,4,18,125,2,nflverse
Tim Hightower,RB,RB,ARI,2010,16,0,0,0,153,736,5,21,136,0,nflverse
Josh Morgan,WR,WR,SF,2010,16,0,0,0,2,17,0,44,698,2,nflverse
Mike Hart,RB,RB,IND,2010,6,0,0,0,43,185,1,6,25,0,nflverse
Pierre Garcon,WR,WR,IND,2010,14,0,0,0,2,6,0,68,816,6,nflverse
Matt Flynn,QB,QB,GB,2010,6,433,3,2,9,26,0,0,0,0,nflverse
Steve Johnson,WR,WR,BUF,2010,16,0,0,0,0,0,0,82,1073,10,nflverse
Peyton Hillis,RB,RB,CLE,2010,16,13,0,0,270,1177,11,61,477,2,nflverse
Justin Forsett,RB,RB,SEA,2010,16,0,0,0,118,523,2,33,249,0,nflverse
Marcel Reece,FB,RB,LV,2010,16,0,0,0,30,122,1,25,333,3,nflverse
Anthony Armstrong,WR,WR,WAS,2010,15,0,0,0,0,0,0,44,871,3,nflverse
Matthew Stafford,QB,QB,DET,2010,3,535,6,1,4,11,1,0,0,0,nflverse
Isaac Redman,RB,RB,PIT,2010,16,0,0,0,52,247,0,9,72,2,nflverse
Arian Foster,RB,RB,HOU,2010,16,0,0,0,326,1614,16,66,604,2,nflverse
Mark Sanchez,QB,QB,NYJ,2010,15,3291,17,13,30,105,3,0,0,0,nflverse
Shonn Greene,RB,RB,NYJ,2010,15,0,0,0,185,766,2,16,120,0,nflverse
Mike Wallace,WR,WR,PIT,2010,16,0,0,0,5,39,0,60,1257,10,nflverse
Johnny Knox,WR,WR,CHI,2010,16,0,0,0,1,2,0,51,960,5,nflverse
Brandon Gibson,WR,WR,LA,2010,14,0,0,0,3,28,0,53,620,2,nflverse
Bernard Scott,RB,RB,CIN,2010,16,0,0,0,61,299,1,11,60,0,nflverse
Sammie Stroughter,WR,WR,TB,2010,12,0,0,0,1,2,0,24,239,0,nflverse
LaRod Stephens-Howling,RB,RB,ARI,2010,13,0,0,0,23,113,1,16,111,0,nflverse
Darrius Heyward-Bey,WR,WR,LV,2010,14,0,0,0,4,48,0,26,366,1,nflverse
Michael Crabtree,WR,WR,SF,2010,16,0,0,0,0,0,0,55,741,6,nflverse
Knowshon Moreno,RB,RB,DEN,2010,13,0,0,0,182,779,5,37,372,3,nflverse
Josh Freeman,QB,QB,TB,2010,16,3451,25,6,68,364,0,0,0,0,nflverse
Jeremy Maclin,WR,WR,PHI,2010,16,0,0,0,3,36,0,70,964,10,nflverse
Brandon Pettigrew,TE,TE,DET,2010,16,0,0,0,0,0,0,71,722,4,nflverse
Percy Harvin,WR,WR,MIN,2010,14,0,0,0,18,107,1,71,868,5,nflverse
Donald Brown,RB,RB,IND,2010,13,0,0,0,129,497,2,20,205,0,nflverse
Hakeem Nicks,WR,WR,NYG,2010,13,0,0,0,0,0,0,79,1052,11,nflverse
Kenny Britt,WR,WR,TEN,2010,11,0,0,0,0,0,0,42,775,9,nflverse
Chris Wells,RB,RB,ARI,2010,13,0,0,0,116,397,2,5,74,0,nflverse
Brian Robiskie,WR,WR,CLE,2010,13,0,0,0,0,0,0,29,310,3,nflverse
Mohamed Massaquoi,WR,WR,CLE,2010,15,29,1,0,1,-3,0,36,483,2,nflverse
LeSean McCoy,RB,RB,PHI,2010,15,0,0,0,207,1080,7,78,592,2,nflverse
Brandon Tate,WR,WR,NE,2010,16,0,0,0,5,62,0,24,432,3,nflverse
Jared Cook,TE,TE,TEN,2010,15,0,0,0,0,0,0,29,361,1,nflverse
Deon Butler,WR,WR,SEA,2010,13,0,0,0,2,6,0,36,385,4,nflverse
Travis Beckum,TE,TE,NYG,2010,15,0,0,0,0,0,0,13,116,2,nflverse
Mike Thomas,WR,WR,JAX,2010,16,0,0,0,12,114,0,66,820,4,nflverse
Brian Hartline,WR,WR,MIA,2010,12,0,0,0,2,27,0,43,615,1,nflverse
Mike Goodson,RB,RB,CAR,2010,16,0,0,0,103,452,3,40,310,0,nflverse
Louis Murphy,WR,WR,LV,2010,14,0,0,0,1,43,0,41,609,2,nflverse
Austin Collie,WR,WR,IND,2010,9,0,0,0,0,0,0,57,617,8,nflverse
Javon Ringer,RB,RB,TEN,2010,16,0,0,0,51,239,2,7,44,0,nflverse
Zach Miller,TE,TE,JAX,2010,14,0,0,0,2,9,0,20,216,1,nflverse
Rashad Jennings,RB,RB,JAX,2010,12,0,0,0,84,459,4,26,223,0,nflverse
Keiland Williams,RB,RB,WAS,2010,14,0,0,0,65,261,3,39,309,2,nflverse
David Nelson,WR,WR,BUF,2010,14,0,0,0,0,0,0,31,353,3,nflverse
LeGarrette Blount,RB,RB,TB,2010,13,0,0,0,201,1007,6,5,14,0,nflverse
Javarris James,RB,RB,IND,2010,10,0,0,0,46,112,6,9,63,0,nflverse
Blair White,WR,WR,IND,2010,13,0,0,0,0,0,0,36,355,5,nflverse
Donald Jones,WR,WR,BUF,2010,13,0,0,0,3,1,0,18,213,1,nflverse
Chris Ivory,RB,RB,NO,2010,12,0,0,0,137,716,5,1,17,0,nflverse
Seyi Ajirotutu,WR,WR,LAC,2010,6,0,0,0,0,0,0,13,262,2,nflverse
Dexter McCluster,WR,WR,KC,2010,11,0,0,0,18,71,0,21,209,1,nflverse
Arrelious Benn,WR,WR,TB,2010,14,0,0,0,6,35,0,25,395,2,nflverse
Rob Gronkowski,TE,TE,NE,2010,16,0,0,0,0,0,0,42,546,10,nflverse
Jimmy Clausen,QB,QB,CAR,2010,13,1558,3,9,23,57,0,0,0,0,nflverse
Brandon LaFell,WR,WR,CAR,2010,14,0,0,0,1,60,0,38,468,1,nflverse
Emmanuel Sanders,WR,WR,PIT,2010,13,0,0,0,0,0,0,28,376,2,nflverse
Jordan Shipley,WR,WR,CIN,2010,15,0,0,0,0,0,0,52,600,3,nflverse
Colt McCoy,QB,QB,CLE,2010,8,1576,6,9,28,136,1,1,13,0,nflverse
Andre Roberts,WR,WR,ARI,2010,14,0,0,0,0,0,0,24,307,2,nflverse
Tony Moeaki,TE,TE,KC,2010,15,0,0,0,0,0,0,47,556,3,nflverse
Jimmy Graham,TE,TE,NO,2010,12,0,0,0,1,3,0,31,356,5,nflverse
Mike Williams,WR,WR,TB,2010,16,0,0,0,0,0,0,65,964,11,nflverse
Jacoby Ford,WR,WR,LV,2010,15,0,0,0,10,155,2,25,470,2,nflverse
Joe McKnight,RB,RB,NYJ,2010,7,0,0,0,39,189,0,3,20,0,nflverse
Aaron Hernandez,TE,TE,NE,2010,14,0,0,0,3,47,0,45,563,6,nflverse
Michael Hoomanawanui,TE,TE,LA,2010,7,0,0,0,0,0,0,13,146,3,nflverse
Andrew Quarless,TE,TE,GB,2010,12,0,0,0,0,0,0,21,238,1,nflverse
John Skelton,QB,QB,ARI,2010,5,662,2,2,10,49,0,0,0,0,nflverse
Anthony Dixon,RB,RB,SF,2010,14,0,0,0,70,237,2,5,11,0,nflverse
David Gettis,WR,WR,CAR,2010,15,0,0,0,3,2,0,37,508,3,nflverse
Sam Bradford,QB,QB,LA,2010,16,3512,18,15,27,63,1,0,0,0,nflverse
C.J. Spiller,RB,RB,BUF,2010,14,0,0,0,74,283,0,24,157,1,nflverse
Ryan Mathews,RB,RB,LAC,2010,12,0,0,0,157,675,7,22,145,0,nflverse
Jermaine Gresham,TE,TE,CIN,2010,15,0,0,0,0,0,0,52,471,4,nflverse
Demaryius Thomas,WR,WR,DEN,2010,10,0,0,0,2,1,0,22,283,2,nflverse
Tim Tebow,QB,QB,DEN,2010,7,654,5,3,43,227,6,0,0,0,nflverse
Jahvid Best,RB,RB,DET,2010,15,0,0,0,172,563,4,58,487,2,nflverse
Toby Gerhart,RB,RB,MIN,2010,15,0,0,0,81,322,1,21,167,0,nflverse
Golden Tate,WR,WR,SEA,2010,11,0,0,0,2,4,0,21,227,0,nflverse
Damian Williams,WR,WR,TEN,2010,10,0,0,0,1,5,0,16,219,0,nflverse
Dez Bryant,WR,WR,DAL,2010,12,0,0,0,1,0,0,45,561,6,nflverse
Danario Alexander,WR,WR,LA,2010,8,0,0,0,0,0,0,20,306,1,nflverse
Donald Driver,WR,WR,GB,2011,16,0,0,0,0,0,0,37,445,6,nflverse
Tony Gonzalez,TE,TE,ATL,2011,16,0,0,0,0,0,0,80,875,7,nflverse
Matt Hasselbeck,QB,QB,TEN,2011,16,3571,18,14,20,52,0,0,0,0,nflverse
Donovan McNabb,QB,QB,MIN,2011,6,1026,4,2,14,59,1,0,0,0,nflverse
Hines Ward,WR,WR,PIT,2011,14,0,0,0,0,0,0,46,381,2,nflverse
Ricky Williams,RB,RB,BAL,2011,16,0,0,0,108,444,2,13,83,0,nflverse
Tom Brady,QB,QB,NE,2011,16,5235,39,12,43,109,3,0,0,0,nflverse
Thomas Jones,RB,RB,KC,2011,16,0,0,0,153,478,0,5,43,0,nflverse
Plaxico Burress,WR,WR,NYJ,2011,16,0,0,0,0,0,0,45,612,8,nflverse
Mike Vick,QB,QB,PHI,2011,13,3303,18,14,76,589,1,0,0,0,nflverse
A.J. Feeley,QB,QB,LA,2011,4,548,1,2,3,4,0,0,0,0,nflverse
Steve Smith,WR,WR,CAR,2011,16,0,0,0,6,56,0,79,1394,7,nflverse
Chad Johnson,WR,WR,NE,2011,14,0,0,0,0,0,0,15,276,1,nflverse
Santana Moss,WR,WR,WAS,2011,12,0,0,0,0,0,0,46,584,4,nflverse
Reggie Wayne,WR,WR,IND,2011,16,0,0,0,0,0,0,75,960,4,nflverse
Todd Heap,TE,TE,ARI,2011,8,0,0,0,0,0,0,24,283,1,nflverse
Drew Brees,QB,QB,NO,2011,16,5535,46,14,21,86,1,0,0,0,nflverse
LaDainian Tomlinson,RB,RB,NYJ,2011,14,0,0,0,75,280,1,42,449,2,nflverse
Donte' Stallworth,WR,WR,WAS,2011,11,0,0,0,2,1,0,22,309,2,nflverse
Jeremy Shockey,TE,TE,CAR,2011,15,0,0,0,0,0,0,37,455,4,nflverse
Jabar Gaffney,WR,WR,WAS,2011,16,0,0,0,0,0,0,68,947,5,nflverse
Maurice Morris,RB,RB,DET,2011,13,0,0,0,82,319,1,27,241,1,nflverse
Deion Branch,WR,WR,NE,2011,14,0,0,0,0,0,0,51,702,5,nflverse
Randy McMichael,TE,TE,LAC,2011,15,0,0,0,0,0,0,30,271,0,nflverse
Carson Palmer,QB,QB,LV,2011,10,2753,13,16,16,20,1,0,0,0,nflverse
Antonio Gates,TE,TE,LAC,2011,13,0,0,0,0,0,0,64,778,7,nflverse
Tony Romo,QB,QB,DAL,2011,16,4184,31,10,22,46,1,0,0,0,nflverse
Earnest Graham,RB,RB,TB,2011,7,0,0,0,37,206,0,26,163,0,nflverse
Kevin Walter,WR,WR,HOU,2011,15,0,0,0,0,0,0,39,474,3,nflverse
Nate Burleson,WR,WR,DET,2011,16,0,0,0,11,85,0,74,771,3,nflverse
Andre Johnson,WR,WR,HOU,2011,7,0,0,0,1,8,0,33,492,2,nflverse
Visanthe Shiancoe,TE,TE,MIN,2011,16,0,0,0,0,0,0,36,409,3,nflverse
Seneca Wallace,QB,QB,CLE,2011,6,567,2,2,7,70,0,1,21,0,nflverse
Anquan Boldin,WR,WR,BAL,2011,14,0,0,0,0,0,0,57,887,3,nflverse
Brandon Lloyd,WR,WR,LA,2011,15,0,0,0,0,0,0,70,966,5,nflverse
Rex Grossman,QB,QB,WAS,2011,13,3151,16,20,20,11,1,0,0,0,nflverse
Jason Witten,TE,TE,DAL,2011,16,0,0,0,0,0,0,79,942,5,nflverse
Ovie Mughelli,FB,RB,ATL,2011,7,0,0,0,2,1,0,4,25,2,nflverse
Dallas Clark,TE,TE,IND,2011,10,0,0,0,0,0,0,34,352,2,nflverse
Willis McGahee,RB,RB,DEN,2011,15,0,0,0,249,1199,4,12,51,1,nflverse
Mewelde Moore,RB,RB,PIT,2011,12,0,0,0,22,157,0,11,104,1,nflverse
Malcom Floyd,WR,WR,LAC,2011,12,0,0,0,0,0,0,43,856,5,nflverse
Wes Welker,WR,WR,NE,2011,16,0,0,0,4,30,0,122,1569,9,nflverse
Steven Jackson,RB,RB,LA,2011,15,0,0,0,260,1145,5,42,333,1,nflverse
Patrick Crayton,WR,WR,LAC,2011,13,0,0,0,0,0,0,23,248,1,nflverse
Derrick Ward,RB,RB,HOU,2011,5,0,0,0,45,154,2,0,0,0,nflverse
Michael Jenkins,WR,WR,MIN,2011,11,0,0,0,0,0,0,38,466,3,nflverse
Matt Schaub,QB,QB,HOU,2011,10,2479,15,6,15,9,2,0,0,0,nflverse
Eli Manning,QB,QB,NYG,2011,16,4933,29,16,35,15,1,0,0,0,nflverse
Jerricho Cotchery,WR,WR,PIT,2011,10,0,0,0,1,3,0,16,237,2,nflverse
Michael Turner,RB,RB,ATL,2011,16,0,0,0,301,1340,11,17,168,0,nflverse
Roy Williams,WR,WR,CHI,2011,15,0,0,0,0,0,0,37,507,2,nflverse
Larry Fitzgerald,WR,WR,ARI,2011,16,0,0,0,0,0,0,80,1411,8,nflverse
Kellen Winslow,TE,TE,TB,2011,16,0,0,0,0,0,0,75,763,2,nflverse
Ben Roethlisberger,QB,QB,PIT,2011,15,4077,21,14,31,70,0,0,0,0,nflverse
Devery Henderson,WR,WR,NO,2011,15,0,0,0,1,9,0,32,503,2,nflverse
Philip Rivers,QB,QB,LAC,2011,16,4624,27,20,26,36,1,0,0,0,nflverse
Benjamin Watson,TE,TE,CLE,2011,13,0,0,0,0,0,0,37,410,2,nflverse
Ryan Grant,RB,RB,GB,2011,15,0,0,0,134,559,2,19,268,1,nflverse
John Kuhn,FB,RB,GB,2011,15,0,0,0,30,78,4,15,77,2,nflverse
Josh Cribbs,WR,WR,CLE,2011,16,0,0,0,7,25,0,41,518,4,nflverse
Lance Moore,WR,WR,NO,2011,14,0,0,0,0,0,0,52,627,8,nflverse
Nate Washington,WR,WR,TEN,2011,16,0,0,0,2,5,1,74,1023,7,nflverse
Alex Smith,QB,QB,SF,2011,16,3144,17,5,52,179,2,0,0,0,nflverse
Cedric Benson,RB,RB,CIN,2011,15,0,0,0,273,1067,6,15,82,0,nflverse
Cadillac Williams,RB,RB,LA,2011,11,0,0,0,87,361,1,14,93,0,nflverse
Mike Williams,WR,WR,SEA,2011,12,0,0,0,0,0,0,18,236,1,nflverse
Aaron Rodgers,QB,QB,GB,2011,15,4636,45,6,60,257,3,0,0,0,nflverse
Jason Campbell,QB,QB,LV,2011,6,1170,6,4,18,60,2,0,0,0,nflverse
Roddy White,WR,WR,ATL,2011,16,0,0,0,0,0,0,100,1296,8,nflverse
Heath Miller,TE,TE,PIT,2011,16,0,0,0,1,6,0,51,631,2,nflverse
Vincent Jackson,WR,WR,LAC,2011,16,0,0,0,3,51,0,60,1106,9,nflverse
Frank Gore,RB,RB,SF,2011,16,0,0,0,282,1211,8,17,114,0,nflverse
Kyle Orton,QB,QB,KC,2011,9,1758,9,9,11,13,0,0,0,0,nflverse
Marion Barber,RB,RB,CHI,2011,11,0,0,0,114,422,6,5,50,0,nflverse
Brandon Jacobs,RB,RB,NYG,2011,14,0,0,0,152,571,7,15,128,1,nflverse
Darren Sproles,RB,RB,NO,2011,16,0,0,0,88,604,2,86,710,7,nflverse
Dan Orlovsky,QB,QB,IND,2011,8,1201,6,4,6,5,0,0,0,0,nflverse
Joel Dreessen,TE,TE,HOU,2011,16,0,0,0,0,0,0,28,353,6,nflverse
Matt Cassel,QB,QB,KC,2011,9,1713,10,9,25,99,0,1,-4,0,nflverse
Ryan Fitzpatrick,QB,QB,BUF,2011,16,3832,24,23,56,215,0,0,0,0,nflverse
Daniel Fells,TE,TE,DEN,2011,15,0,0,0,0,0,0,19,256,3,nflverse
Miles Austin,WR,WR,DAL,2011,10,0,0,0,2,3,0,43,579,7,nflverse
Fred Jackson,RB,RB,BUF,2011,10,0,0,0,170,934,6,39,442,0,nflverse
Reggie Bush,RB,RB,MIA,2011,15,0,0,0,216,1086,6,43,296,1,nflverse
Vince Young,QB,QB,PHI,2011,5,866,4,9,18,79,0,0,0,0,nflverse
Vernon Davis,TE,TE,SF,2011,16,0,0,0,2,-5,0,67,792,6,nflverse
Jay Cutler,QB,QB,CHI,2011,10,2319,13,7,18,55,1,0,0,0,nflverse
Santonio Holmes,WR,WR,NYJ,2011,16,0,0,0,3,27,0,51,654,8,nflverse
DeAngelo Williams,RB,RB,CAR,2011,16,0,0,0,155,836,7,16,135,0,nflverse
Marcedes Lewis,TE,TE,JAX,2011,15,0,0,0,0,0,0,39,460,0,nflverse
Joseph Addai,RB,RB,IND,2011,12,0,0,0,118,433,1,15,93,0,nflverse
Kellen Clemens,QB,QB,LA,2011,3,546,2,1,6,37,1,0,0,0,nflverse
Greg Jennings,WR,WR,GB,2011,13,0,0,0,0,0,0,67,949,9,nflverse
Anthony Fasano,TE,TE,MIA,2011,15,0,0,0,0,0,0,32,451,5,nflverse
Devin Hester,WR,WR,CHI,2011,16,0,0,0,1,-6,0,26,369,1,nflverse
Maurice Jones-Drew,RB,RB,JAX,2011,16,0,0,0,343,1606,8,43,374,3,nflverse
Tony Scheffler,TE,TE,DET,2011,15,0,0,0,1,5,0,26,347,6,nflverse
Tarvaris Jackson,QB,QB,SEA,2011,15,3091,14,13,40,108,1,0,0,0,nflverse
Leonard Pope,TE,TE,KC,2011,15,0,0,0,0,0,0,24,247,1,nflverse
Derek Hagan,WR,WR,BUF,2011,9,0,0,0,0,0,0,24,252,1,nflverse
Owen Daniels,TE,TE,HOU,2011,15,0,0,0,0,0,0,54,677,3,nflverse
Brad Smith,WR,WR,BUF,2011,15,0,0,1,20,87,1,23,240,1,nflverse
Jason Avant,WR,WR,PHI,2011,16,0,0,0,0,0,0,52,679,1,nflverse
Leon Washington,RB,RB,SEA,2011,16,0,0,0,53,248,1,10,48,0,nflverse
Brandon Marshall,WR,WR,MIA,2011,16,0,0,0,1,13,0,81,1214,6,nflverse
Jeff King,TE,TE,ARI,2011,14,0,0,0,0,0,0,27,271,3,nflverse
Delanie Walker,TE,TE,SF,2011,13,0,0,0,3,5,0,19,198,3,nflverse
Devin Aromashodu,WR,WR,MIN,2011,15,0,0,0,0,0,0,26,468,1,nflverse
Ben Obomanu,WR,WR,SEA,2011,16,0,0,0,1,13,0,37,436,2,nflverse
Marques Colston,WR,WR,NO,2011,14,0,0,0,0,0,0,82,1164,8,nflverse
D.J. Ware,RB,RB,NYG,2011,15,0,0,0,46,163,0,27,170,0,nflverse
Matt Willis,WR,WR,DEN,2011,15,0,0,0,0,0,0,18,267,1,nflverse
Tyler Palko,QB,QB,KC,2011,6,796,2,7,5,15,0,0,0,0,nflverse
Pierre Thomas,RB,RB,NO,2011,16,0,0,0,110,562,5,50,425,1,nflverse
Calvin Johnson,WR,WR,DET,2011,16,0,0,0,1,11,0,97,1686,16,nflverse
Adrian Peterson,RB,RB,MIN,2011,12,0,0,0,208,970,12,18,139,1,nflverse
Ted Ginn,WR,WR,SF,2011,14,0,0,0,8,68,0,19,220,0,nflverse
Marshawn Lynch,RB,RB,SEA,2011,15,0,0,0,284,1204,12,28,212,1,nflverse
Dwayne Bowe,WR,WR,KC,2011,16,0,0,0,1,12,0,81,1159,5,nflverse
Robert Meachem,WR,WR,NO,2011,15,0,0,0,5,26,0,41,658,6,nflverse
Greg Olsen,TE,TE,CAR,2011,16,0,0,0,0,0,0,45,540,5,nflverse
Kevin Kolb,QB,QB,ARI,2011,9,1955,9,8,17,65,0,0,0,0,nflverse
Zach Miller,TE,TE,SEA,2011,13,0,0,0,0,0,0,25,233,0,nflverse
John Beck,QB,QB,WAS,2011,4,858,2,4,10,43,2,0,0,0,nflverse
Sidney Rice,WR,WR,SEA,2011,9,55,0,0,2,3,0,32,484,2,nflverse
Brian Leonard,RB,RB,CIN,2011,13,0,0,0,17,85,0,22,210,0,nflverse
Jacoby Jones,WR,WR,HOU,2011,16,0,0,0,4,17,0,31,512,2,nflverse
Laurent Robinson,WR,WR,DAL,2011,14,0,0,0,0,0,0,54,858,11,nflverse
Jason Hill,WR,WR,JAX,2011,10,0,0,0,0,0,0,25,367,3,nflverse
Matt Spaeth,TE,TE,CHI,2011,10,0,0,0,0,0,0,7,50,2,nflverse
James Jones,WR,WR,GB,2011,15,0,0,0,0,0,0,38,635,7,nflverse
Michael Bush,RB,RB,LV,2011,16,0,0,0,256,977,7,37,418,1,nflverse
Scott Chandler,TE,TE,BUF,2011,14,0,0,0,0,0,0,38,389,6,nflverse
Le'Ron McClain,FB,RB,KC,2011,12,0,0,0,15,51,1,14,82,1,nflverse
Steve Breaston,WR,WR,KC,2011,16,0,0,0,1,25,0,61,785,2,nflverse
Kevin Boss,TE,TE,LV,2011,12,0,0,0,0,0,0,28,368,3,nflverse
Brent Celek,TE,TE,PHI,2011,16,0,0,0,0,0,0,62,811,5,nflverse
Legedu Naanee,WR,WR,CAR,2011,15,27,0,0,0,0,0,44,467,1,nflverse
Jason Snelling,FB,RB,ATL,2011,15,0,0,0,44,151,0,26,179,1,nflverse
Ahmad Bradshaw,RB,RB,NYG,2011,12,0,0,0,171,659,9,34,267,2,nflverse
Jackie Battle,RB,RB,KC,2011,15,0,0,0,149,597,2,9,68,0,nflverse
Matt Moore,QB,QB,MIA,2011,13,2497,16,9,32,65,2,0,0,0,nflverse
BenJarvus Green-Ellis,RB,RB,NE,2011,16,0,0,0,181,667,11,9,159,0,nflverse
Caleb Hanie,QB,QB,CHI,2011,4,613,3,9,13,98,0,0,0,0,nflverse
Davone Bess,WR,WR,MIA,2011,16,0,0,0,2,9,0,51,537,3,nflverse
Danny Woodhead,RB,RB,NE,2011,15,0,0,0,77,351,1,18,157,0,nflverse
Kregg Lumpkin,RB,RB,TB,2011,16,0,0,0,31,105,0,41,291,0,nflverse
Mike Tolbert,FB,RB,LAC,2011,15,0,0,0,121,490,8,54,433,2,nflverse
Jed Collins,FB,RB,NO,2011,14,0,0,0,4,4,2,11,50,2,nflverse
Evan Moore,TE,TE,CLE,2011,15,0,0,0,0,0,0,34,324,4,nflverse
Matt Ryan,QB,QB,ATL,2011,16,4177,29,12,37,84,2,0,0,0,nflverse
Darren McFadden,RB,RB,LV,2011,7,0,0,0,113,614,4,19,154,1,nflverse
Jonathan Stewart,RB,RB,CAR,2011,16,0,0,0,142,761,4,47,413,1,nflverse
Joe Flacco,QB,QB,BAL,2011,16,3610,20,12,39,88,1,1,-8,0,nflverse
Felix Jones,RB,RB,DAL,2011,12,0,0,0,127,575,1,33,221,0,nflverse
Rashard Mendenhall,RB,RB,PIT,2011,15,0,0,0,228,928,9,18,154,0,nflverse
Chris Johnson,RB,RB,TEN,2011,16,0,0,0,262,1047,4,57,418,0,nflverse
Dustin Keller,TE,TE,NYJ,2011,16,0,0,0,0,0,0,65,815,5,nflverse
Jordy Nelson,WR,WR,GB,2011,16,0,0,0,0,0,0,68,1263,15,nflverse
Eddie Royal,WR,WR,DEN,2011,12,0,0,0,7,48,0,19,155,1,nflverse
Matt Forte,RB,RB,CHI,2011,12,0,0,0,203,997,3,52,490,1,nflverse
Jerome Simpson,WR,WR,CIN,2011,16,0,0,0,0,0,0,50,725,4,nflverse
Fred Davis,TE,TE,WAS,2011,12,0,0,0,0,0,0,59,796,3,nflverse
DeSean Jackson,WR,WR,PHI,2011,15,0,0,0,7,41,0,58,961,4,nflverse
Ray Rice,RB,RB,BAL,2011,16,1,1,0,291,1364,12,76,704,3,nflverse
Chad Henne,QB,QB,MIA,2011,4,868,4,4,15,112,1,0,0,0,nflverse
Kevin Smith,RB,RB,DET,2011,7,0,0,0,74,364,5,24,202,3,nflverse
Earl Bennett,WR,WR,CHI,2011,11,0,0,0,0,0,0,24,381,1,nflverse
Early Doucet,WR,WR,ARI,2011,16,0,0,0,0,0,0,54,689,5,nflverse
Harry Douglas,WR,WR,ATL,2011,13,0,0,0,1,3,0,39,498,1,nflverse
Jermichael Finley,TE,TE,GB,2011,16,0,0,0,0,0,0,55,767,8,nflverse
Mario Manningham,WR,WR,NYG,2011,11,0,0,0,0,0,0,39,523,4,nflverse
Andre Caldwell,WR,WR,CIN,2011,12,0,0,0,0,0,0,37,317,3,nflverse
Tashard Choice,RB,RB,BUF,2011,13,0,0,0,57,152,1,19,124,0,nflverse
Lavelle Hawkins,WR,WR,TEN,2011,15,0,0,0,0,0,0,47,470,1,nflverse
Ryan Torain,RB,RB,WAS,2011,8,0,0,0,59,200,1,6,23,0,nflverse
Tim Hightower,RB,RB,WAS,2011,5,0,0,0,83,299,1,10,78,1,nflverse
Kellen Davis,TE,TE,CHI,2011,15,0,0,0,0,0,0,18,206,5,nflverse
Josh Morgan,WR,WR,SF,2011,5,0,0,0,0,0,0,15,220,1,nflverse
Pierre Garcon,WR,WR,IND,2011,16,0,0,0,4,28,0,70,947,6,nflverse
Matt Flynn,QB,QB,GB,2011,5,518,6,2,13,-6,1,0,0,0,nflverse
Steve Johnson,WR,WR,BUF,2011,16,0,0,0,0,0,0,76,1004,7,nflverse
Chaz Schilens,WR,WR,LV,2011,11,0,0,0,0,0,0,23,271,2,nflverse
Peyton Hillis,RB,RB,CLE,2011,10,0,0,0,161,587,3,22,130,0,nflverse
Justin Forsett,RB,RB,SEA,2011,16,0,0,0,46,145,1,23,128,0,nflverse
Marcel Reece,FB,RB,LV,2011,11,0,0,0,17,112,0,27,301,2,nflverse
Lance Ball,RB,RB,DEN,2011,16,0,0,0,96,402,1,16,148,1,nflverse
Anthony Armstrong,WR,WR,WAS,2011,11,0,0,0,2,19,0,7,103,2,nflverse
Matthew Stafford,QB,QB,DET,2011,16,5100,41,16,22,78,0,0,0,0,nflverse
Isaac Redman,RB,RB,PIT,2011,16,0,0,0,110,479,3,18,78,0,nflverse
Kahlil Bell,RB,RB,CHI,2011,10,0,0,0,79,337,0,19,133,1,nflverse
Jordan Norwood,WR,WR,CLE,2011,11,0,0,0,0,0,0,23,268,1,nflverse
Arian Foster,RB,RB,HOU,2011,13,0,0,0,278,1224,10,53,617,2,nflverse
Mark Sanchez,QB,QB,NYJ,2011,16,3474,26,18,37,103,6,0,0,0,nflverse
Shonn Greene,RB,RB,NYJ,2011,16,0,0,0,253,1054,6,30,211,0,nflverse
Mike Wallace,WR,WR,PIT,2011,16,0,0,0,5,57,0,72,1193,8,nflverse
Johnny Knox,WR,WR,CHI,2011,14,0,0,0,0,0,0,37,727,2,nflverse
Brandon Gibson,WR,WR,LA,2011,14,0,0,0,2,16,0,36,431,1,nflverse
Bernard Scott,RB,RB,CIN,2011,16,0,0,0,112,380,3,13,38,0,nflverse
LaRod Stephens-Howling,RB,RB,ARI,2011,14,0,0,0,43,167,0,13,234,2,nflverse
Darrius Heyward-Bey,WR,WR,LV,2011,15,0,0,0,0,0,0,64,975,4,nflverse
Michael Crabtree,WR,WR,SF,2011,15,0,0,0,1,6,0,72,874,4,nflverse
Knowshon Moreno,RB,RB,DEN,2011,7,0,0,0,37,179,0,11,101,1,nflverse
Josh Freeman,QB,QB,TB,2011,15,3592,16,22,55,238,4,0,-4,0,nflverse
Jeremy Maclin,WR,WR,PHI,2011,13,0,0,0,1,1,0,63,859,5,nflverse
Brandon Pettigrew,TE,TE,DET,2011,16,0,0,0,0,0,0,83,777,5,nflverse
Percy Harvin,WR,WR,MIN,2011,16,0,0,0,52,345,2,87,967,6,nflverse
Donald Brown,RB,RB,IND,2011,12,0,0,0,134,645,5,16,86,0,nflverse
Hakeem Nicks,WR,WR,NYG,2011,15,0,0,0,0,0,0,76,1192,7,nflverse
Kenny Britt,WR,WR,TEN,2011,3,0,0,0,0,0,0,17,289,3,nflverse
Chris Wells,RB,RB,ARI,2011,14,0,0,0,245,1047,10,10,52,0,nflverse
Mohamed Massaquoi,WR,WR,CLE,2011,14,0,0,0,0,0,0,31,384,2,nflverse
LeSean McCoy,RB,RB,PHI,2011,15,0,0,0,273,1309,17,48,315,3,nflverse
Jared Cook,TE,TE,TEN,2011,16,0,0,0,0,0,0,49,759,3,nflverse
Mike Thomas,WR,WR,JAX,2011,15,0,0,0,3,11,0,44,415,1,nflverse
Brian Hartline,WR,WR,MIA,2011,15,0,0,0,1,9,0,35,549,1,nflverse
Louis Murphy,WR,WR,LV,2011,9,0,0,0,6,69,1,15,241,0,nflverse
Austin Collie,WR,WR,IND,2011,16,0,0,0,0,0,0,54,514,1,nflverse
Jarett Dillard,WR,WR,JAX,2011,13,0,0,0,0,0,0,29,292,1,nflverse
James Casey,TE,TE,HOU,2011,9,0,0,0,1,11,0,18,260,1,nflverse
Javon Ringer,RB,RB,TEN,2011,12,0,0,0,59,185,1,28,187,0,nflverse
Curtis Painter,QB,QB,IND,2011,9,1541,6,9,17,107,0,0,0,0,nflverse
Chris Ogbonnaya,RB,RB,CLE,2011,12,0,0,0,76,340,1,23,165,0,nflverse
Keiland Williams,RB,RB,DET,2011,12,0,0,0,58,195,2,8,62,0,nflverse
Naaman Roosevelt,WR,WR,BUF,2011,10,0,0,0,0,0,0,16,257,1,nflverse
Jake Ballard,TE,TE,NYG,2011,14,0,0,0,0,0,0,38,604,4,nflverse
Victor Cruz,WR,WR,NYG,2011,16,0,0,0,1,3,0,82,1536,9,nflverse
David Nelson,WR,WR,BUF,2011,16,0,0,0,0,0,0,61,658,5,nflverse
LeGarrette Blount,RB,RB,TB,2011,14,0,0,0,184,781,5,15,148,0,nflverse
Chastin West,WR,WR,JAX,2011,10,0,0,0,0,0,0,13,163,2,nflverse
Preston Parker,WR,WR,TB,2011,16,0,0,0,1,-3,0,40,554,3,nflverse
Donald Jones,WR,WR,BUF,2011,8,0,0,0,1,2,0,23,231,1,nflverse
Chris Ivory,RB,RB,NO,2011,6,0,0,0,79,374,1,0,0,0,nflverse
Kyle Williams,WR,WR,SF,2011,12,0,0,0,2,32,0,20,241,3,nflverse
Dexter McCluster,WR,WR,KC,2011,16,0,0,0,114,516,1,46,328,1,nflverse
Arrelious Benn,WR,WR,TB,2011,14,0,0,0,6,-7,0,30,441,3,nflverse
Rob Gronkowski,TE,TE,NE,2011,16,0,0,0,1,2,1,90,1327,17,nflverse
Montario Hardesty,RB,RB,CLE,2011,9,0,0,0,88,266,0,14,122,0,nflverse
Ed Dickson,TE,TE,BAL,2011,16,0,0,0,0,0,0,54,528,5,nflverse
Brandon LaFell,WR,WR,CAR,2011,15,0,0,0,0,0,0,36,613,3,nflverse
Emmanuel Sanders,WR,WR,PIT,2011,11,15,0,0,0,0,0,22,288,2,nflverse
Colt McCoy,QB,QB,CLE,2011,13,2733,14,11,61,212,0,1,-5,0,nflverse
Eric Decker,WR,WR,DEN,2011,16,0,0,0,1,1,0,44,612,8,nflverse
Andre Roberts,WR,WR,ARI,2011,16,0,0,0,3,27,0,51,586,2,nflverse
Jimmy Graham,TE,TE,NO,2011,16,0,0,0,0,0,0,99,1310,11,nflverse
Mike Williams,WR,WR,TB,2011,15,0,0,0,1,3,0,65,771,3,nflverse
Jacoby Ford,WR,WR,LV,2011,8,0,0,0,4,31,0,19,279,1,nflverse
Joe McKnight,RB,RB,NYJ,2011,15,0,0,0,43,134,0,13,139,0,nflverse
Aaron Hernandez,TE,TE,NE,2011,14,0,0,0,5,45,0,79,910,7,nflverse
Dennis Pitta,TE,TE,BAL,2011,15,0,0,0,0,0,0,40,405,3,nflverse
John Skelton,QB,QB,ARI,2011,8,1913,11,14,28,128,0,0,0,0,nflverse
Riley Cooper,WR,WR,PHI,2011,13,0,0,0,0,0,0,16,315,1,nflverse
Anthony Dixon,RB,RB,SF,2011,14,0,0,0,29,87,2,1,6,0,nflverse
Deji Karim,RB,RB,JAX,2011,12,0,0,0,63,130,0,14,120,0,nflverse
Dezmon Briscoe,WR,WR,TB,2011,14,0,0,0,0,0,0,35,387,6,nflverse
James Starks,RB,RB,GB,2011,13,0,0,0,133,578,1,29,216,0,nflverse
Antonio Brown,WR,WR,PIT,2011,16,0,0,0,7,41,0,69,1108,2,nflverse
Joe Webb,QB,QB,MIN,2011,8,376,3,2,22,154,2,1,9,0,nflverse
Sam Bradford,QB,QB,LA,2011,10,2164,6,6,18,26,0,0,0,0,nflverse
C.J. Spiller,RB,RB,BUF,2011,16,0,0,0,107,561,4,39,269,2,nflverse
Ryan Mathews,RB,RB,LAC,2011,14,0,0,0,222,1091,6,50,455,0,nflverse
Jermaine Gresham,TE,TE,CIN,2011,14,0,0,0,0,0,0,56,596,6,nflverse
Demaryius Thomas,WR,WR,DEN,2011,10,0,0,0,1,5,0,32,551,4,nflverse
Tim Tebow,QB,QB,DEN,2011,13,1729,12,6,122,660,6,0,0,0,nflverse
Jahvid Best,RB,RB,DET,2011,6,0,0,0,84,390,2,27,287,1,nflverse
Toby Gerhart,RB,RB,MIN,2011,15,0,0,0,109,531,1,23,190,3,nflverse
Ben Tate,RB,RB,HOU,2011,15,0,0,0,175,942,4,13,98,0,nflverse
Golden Tate,WR,WR,SEA,2011,15,0,0,0,5,14,0,35,382,3,nflverse
Damian Williams,WR,WR,TEN,2011,15,0,0,0,0,0,0,45,592,5,nflverse
Dez Bryant,WR,WR,DAL,2011,15,0,0,0,1,5,0,63,928,9,nflverse
Danario Alexander,WR,WR,LA,2011,10,0,0,0,0,0,0,26,431,2,nflverse
Andrew Hawkins,WR,WR,CIN,2011,12,0,0,0,5,25,0,23,263,0,nflverse
Cam Newton,QB,QB,CAR,2011,16,4051,21,17,126,706,14,1,27,0,nflverse
A.J. Green,WR,WR,CIN,2011,15,0,0,0,5,53,0,65,1057,7,nflverse
Julio Jones,WR,WR,ATL,2011,13,0,0,0,6,56,0,54,959,8,nflverse
Jake Locker,QB,QB,TEN,2011,5,542,4,0,8,56,1,0,0,0,nflverse
Blaine Gabbert,QB,QB,JAX,2011,15,2214,12,11,48,98,0,0,0,0,nflverse
Christian Ponder,QB,QB,MIN,2011,11,1853,13,13,28,219,0,0,0,0,nflverse
Jon Baldwin,WR,WR,KC,2011,11,0,0,0,0,0,0,21,254,1,nflverse
Mark Ingram,RB,RB,NO,2011,10,0,0,0,124,492,6,11,46,0,nflverse
Andy Dalton,QB,QB,CIN,2011,16,3398,20,13,37,152,1,0,0,0,nflverse
Kyle Rudolph,TE,TE,MIN,2011,14,0,0,0,0,0,0,26,249,3,nflverse
Titus Young,WR,WR,DET,2011,16,0,0,0,2,15,0,50,616,6,nflverse
Lance Kendricks,TE,TE,LA,2011,15,0,0,0,1,-8,0,28,352,0,nflverse
Torrey Smith,WR,WR,BAL,2011,15,0,0,0,4,39,0,50,841,7,nflverse
Greg Little,WR,WR,CLE,2011,16,0,0,0,3,15,0,61,709,2,nflverse
Daniel Thomas,RB,RB,MIA,2011,13,0,0,0,165,581,0,12,72,1,nflverse
Randall Cobb,WR,WR,GB,2011,15,0,0,0,2,5,0,25,375,1,nflverse
DeMarco Murray,RB,RB,DAL,2011,13,0,0,0,164,897,2,26,183,0,nflverse
Stevan Ridley,RB,RB,NE,2011,12,0,0,0,87,441,1,3,13,0,nflverse
Austin Pettis,WR,WR,LA,2011,12,0,0,0,1,-6,0,27,256,0,nflverse
Vincent Brown,WR,WR,LAC,2011,10,0,0,0,0,0,0,19,329,2,nflverse
Roy Helu,RB,RB,WAS,2011,15,0,0,0,151,640,2,49,379,1,nflverse
Greg Salas,WR,WR,LA,2011,6,0,0,0,1,8,0,27,264,0,nflverse
Kendall Hunter,RB,RB,SF,2011,16,0,0,0,112,473,2,16,195,0,nflverse
Delone Carter,RB,RB,IND,2011,15,0,0,0,101,377,2,5,18,0,nflverse
Jacquizz Rodgers,RB,RB,ATL,2011,16,0,0,0,57,205,1,21,188,1,nflverse
Denarius Moore,WR,WR,LV,2011,13,0,0,0,5,61,1,33,618,5,nflverse
T.J. Yates,QB,QB,HOU,2011,6,949,3,3,14,57,0,0,0,0,nflverse
Jeremy Kerley,WR,WR,NYJ,2011,14,41,0,0,5,28,0,29,314,1,nflverse
Charles Clay,TE,TE,MIA,2011,13,0,0,0,0,0,0,16,233,3,nflverse
Evan Royster,RB,RB,WAS,2011,6,0,0,0,56,328,0,9,68,0,nflverse
Dane Sanzenbacher,WR,WR,CHI,2011,14,0,0,0,1,-4,0,27,276,3,nflverse
Doug Baldwin,WR,WR,SEA,2011,16,0,0,0,1,-2,0,51,788,4,nflverse
Donald Driver,WR,WR,GB,2012,9,0,0,0,0,0,0,8,77,2,nflverse
Tony Gonzalez,TE,TE,ATL,2012,16,0,0,0,0,0,0,93,930,8,nflverse
Matt Hasselbeck,QB,QB,TEN,2012,8,1367,7,5,13,38,0,0,0,0,nflverse
Peyton Manning,QB,QB,DEN,2012,16,4659,37,11,23,6,0,0,0,0,nflverse
Randy Moss,WR,WR,SF,2012,16,0,0,0,0,0,0,28,434,3,nflverse
Brandon Stokley,WR,WR,DEN,2012,14,0,0,0,0,0,0,45,544,5,nflverse
Tom Brady,QB,QB,NE,2012,16,4827,34,8,23,32,4,0,0,0,nflverse
Mike Vick,QB,QB,PHI,2012,10,2362,12,10,62,332,1,0,0,0,nflverse
Steve Smith,WR,WR,CAR,2012,16,0,0,0,3,27,0,73,1174,4,nflverse
Santana Moss,WR,WR,WAS,2012,16,0,0,0,3,14,0,41,573,8,nflverse
Reggie Wayne,WR,WR,IND,2012,16,0,0,0,1,-5,0,106,1355,5,nflverse
Drew Brees,QB,QB,NO,2012,16,5177,43,19,15,5,1,0,0,0,nflverse
Carson Palmer,QB,QB,LV,2012,15,4018,22,14,18,36,1,0,0,0,nflverse
Antonio Gates,TE,TE,LAC,2012,15,0,0,0,0,0,0,49,538,7,nflverse
Tony Romo,QB,QB,DAL,2012,16,4903,28,19,30,49,1,1,-1,0,nflverse
Kevin Walter,WR,WR,HOU,2012,16,0,0,0,0,0,0,41,518,2,nflverse
Nate Burleson,WR,WR,DET,2012,6,0,0,0,8,48,0,27,240,2,nflverse
Andre Johnson,WR,WR,HOU,2012,16,0,0,0,0,0,0,112,1598,4,nflverse
Anquan Boldin,WR,WR,BAL,2012,15,0,0,0,1,3,0,65,921,4,nflverse
Brandon Lloyd,WR,WR,NE,2012,16,0,0,0,0,0,0,74,911,4,nflverse
Jason Witten,TE,TE,DAL,2012,16,0,0,0,0,0,0,110,1039,3,nflverse
Dallas Clark,TE,TE,TB,2012,16,0,0,0,0,0,0,47,435,4,nflverse
Willis McGahee,RB,RB,DEN,2012,10,0,0,0,167,731,4,26,221,0,nflverse
Malcom Floyd,WR,WR,LAC,2012,14,0,0,0,0,0,0,56,814,5,nflverse
Wes Welker,WR,WR,NE,2012,16,0,0,0,2,20,0,118,1354,6,nflverse
Steven Jackson,RB,RB,LA,2012,16,0,0,0,258,1045,4,38,321,0,nflverse
Michael Jenkins,WR,WR,MIN,2012,16,0,0,0,0,0,0,40,449,2,nflverse
Matt Schaub,QB,QB,HOU,2012,16,4008,22,12,21,-9,0,1,-6,0,nflverse
Eli Manning,QB,QB,NYG,2012,16,3948,26,15,20,30,0,0,0,0,nflverse
Jerricho Cotchery,WR,WR,PIT,2012,12,0,0,0,0,0,0,17,205,0,nflverse
Michael Turner,RB,RB,ATL,2012,16,0,0,0,222,800,10,19,128,1,nflverse
Larry Fitzgerald,WR,WR,ARI,2012,16,0,0,0,0,0,0,71,798,4,nflverse
Ben Roethlisberger,QB,QB,PIT,2012,13,3265,26,8,26,92,0,0,0,0,nflverse
Devery Henderson,WR,WR,NO,2012,15,0,0,0,1,13,0,22,316,1,nflverse
Philip Rivers,QB,QB,LAC,2012,16,3606,26,15,27,40,0,0,0,0,nflverse
Benjamin Watson,TE,TE,CLE,2012,16,0,0,0,0,0,0,49,501,3,nflverse
Ryan Grant,RB,RB,GB,2012,5,0,0,0,32,132,2,1,34,0,nflverse
John Kuhn,FB,RB,GB,2012,12,0,0,0,23,63,1,15,148,0,nflverse
Lance Moore,WR,WR,NO,2012,15,0,0,0,0,0,0,65,1041,6,nflverse
Nate Washington,WR,WR,TEN,2012,16,0,0,0,0,0,0,46,746,4,nflverse
Alex Smith,QB,QB,SF,2012,10,1737,13,5,31,132,0,0,0,0,nflverse
Ronnie Brown,RB,RB,LAC,2012,14,0,0,0,46,220,0,49,371,0,nflverse
Cedric Benson,RB,RB,GB,2012,5,0,0,0,71,248,1,14,97,0,nflverse
Aaron Rodgers,QB,QB,GB,2012,16,4295,39,8,54,259,2,1,-1,0,nflverse
Roddy White,WR,WR,ATL,2012,16,0,0,0,0,0,0,92,1351,7,nflverse
Heath Miller,TE,TE,PIT,2012,15,0,0,0,0,0,0,71,816,8,nflverse
Vincent Jackson,WR,WR,TB,2012,16,0,0,0,0,0,0,72,1384,8,nflverse
Frank Gore,RB,RB,SF,2012,16,0,0,0,258,1214,8,28,234,1,nflverse
Darren Sproles,RB,RB,NO,2012,13,0,0,0,48,244,1,75,667,7,nflverse
Joel Dreessen,TE,TE,DEN,2012,16,0,0,0,0,0,0,41,356,5,nflverse
Matt Cassel,QB,QB,KC,2012,9,1796,6,12,27,145,1,0,0,0,nflverse
Ryan Fitzpatrick,QB,QB,BUF,2012,16,3400,24,16,48,197,1,0,0,0,nflverse
Miles Austin,WR,WR,DAL,2012,16,0,0,0,0,0,0,66,943,6,nflverse
Micheal Spurlock,WR,WR,LAC,2012,13,0,0,0,0,0,0,23,200,1,nflverse
Montell Owens,RB,RB,JAX,2012,9,0,0,0,42,209,1,8,113,0,nflverse
Fred Jackson,RB,RB,BUF,2012,10,0,0,0,115,437,3,34,217,1,nflverse
Reggie Bush,RB,RB,MIA,2012,16,0,0,0,227,986,6,35,292,2,nflverse
Vernon Davis,TE,TE,SF,2012,16,0,0,0,0,0,0,41,548,5,nflverse
Jay Cutler,QB,QB,CHI,2012,15,3033,19,14,41,233,0,0,0,0,nflverse
Santonio Holmes,WR,WR,NYJ,2012,4,0,0,0,0,0,0,20,272,1,nflverse
DeAngelo Williams,RB,RB,CAR,2012,16,0,0,0,173,737,5,13,187,2,nflverse
Marcedes Lewis,TE,TE,JAX,2012,15,0,0,0,0,0,0,52,540,4,nflverse
Greg Jennings,WR,WR,GB,2012,8,0,0,0,0,0,0,36,366,4,nflverse
Anthony Fasano,TE,TE,MIA,2012,16,0,0,0,0,0,0,41,332,5,nflverse
Devin Hester,WR,WR,CHI,2012,15,0,0,0,3,6,0,23,242,1,nflverse
Maurice Jones-Drew,RB,RB,JAX,2012,6,0,0,0,86,414,1,14,86,1,nflverse
Tony Scheffler,TE,TE,DET,2012,15,0,0,0,0,0,0,42,504,1,nflverse
Leonard Pope,TE,TE,PIT,2012,7,0,0,0,0,0,0,3,9,2,nflverse
Derek Hagan,WR,WR,LV,2012,12,0,0,0,0,0,0,20,259,0,nflverse
David Thomas,TE,TE,NO,2012,10,0,0,0,0,0,0,11,86,4,nflverse
Owen Daniels,TE,TE,HOU,2012,15,0,0,0,0,0,0,62,716,6,nflverse
Michael Robinson,FB,RB,SEA,2012,12,0,0,0,12,49,0,13,126,2,nflverse
Brad Smith,WR,WR,BUF,2012,15,0,0,1,14,116,1,14,152,2,nflverse
Jason Avant,WR,WR,PHI,2012,14,0,0,0,0,0,0,53,648,0,nflverse
Brandon Marshall,WR,WR,CHI,2012,16,0,0,0,1,-2,0,118,1508,11,nflverse
Domenik Hixon,WR,WR,NYG,2012,13,0,0,0,0,0,0,39,567,2,nflverse
Delanie Walker,TE,TE,SF,2012,16,0,0,0,0,0,0,21,344,3,nflverse
Marques Colston,WR,WR,NO,2012,16,0,0,0,0,0,0,83,1154,10,nflverse
Pierre Thomas,RB,RB,NO,2012,15,0,0,0,105,473,1,39,354,1,nflverse
Calvin Johnson,WR,WR,DET,2012,16,0,0,0,0,0,0,122,1964,5,nflverse
Adrian Peterson,RB,RB,MIN,2012,16,0,0,0,348,2097,12,40,217,1,nflverse
Marshawn Lynch,RB,RB,SEA,2012,16,0,0,0,315,1590,11,23,196,1,nflverse
Brady Quinn,QB,QB,KC,2012,10,1141,2,8,19,66,0,0,0,0,nflverse
Dwayne Bowe,WR,WR,KC,2012,13,0,0,0,0,0,0,59,801,3,nflverse
Robert Meachem,WR,WR,LAC,2012,9,0,0,0,1,-6,0,14,207,2,nflverse
Greg Olsen,TE,TE,CAR,2012,16,0,0,0,0,0,0,69,843,5,nflverse
Kevin Kolb,QB,QB,ARI,2012,6,1169,8,3,16,100,1,0,0,0,nflverse
Zach Miller,TE,TE,SEA,2012,16,0,0,0,0,0,0,38,396,3,nflverse
Sidney Rice,WR,WR,SEA,2012,16,25,0,0,2,6,0,50,748,7,nflverse
Jacoby Jones,WR,WR,BAL,2012,16,0,0,0,1,6,0,30,406,1,nflverse
Laurent Robinson,WR,WR,JAX,2012,7,0,0,0,0,0,0,24,252,0,nflverse
James Jones,WR,WR,GB,2012,15,0,0,0,0,0,0,64,784,14,nflverse
Michael Bush,RB,RB,CHI,2012,13,0,0,0,114,411,5,9,83,0,nflverse
Scott Chandler,TE,TE,BUF,2012,15,0,0,0,0,0,0,43,571,6,nflverse
Dante Rosario,TE,TE,LAC,2012,11,0,0,0,0,0,0,10,95,3,nflverse
Brent Celek,TE,TE,PHI,2012,15,0,0,0,0,0,0,57,684,1,nflverse
Jason Snelling,FB,RB,ATL,2012,16,0,0,0,18,63,0,31,203,1,nflverse
Ahmad Bradshaw,RB,RB,NYG,2012,14,0,0,0,221,1015,6,23,245,0,nflverse
Jackie Battle,RB,RB,LAC,2012,15,0,0,0,95,311,3,15,108,1,nflverse
BenJarvus Green-Ellis,RB,RB,CIN,2012,15,0,0,0,278,1094,6,22,104,0,nflverse
Davone Bess,WR,WR,MIA,2012,13,0,0,0,0,0,0,61,778,1,nflverse
Danny Woodhead,RB,RB,NE,2012,15,0,0,0,76,301,4,40,446,3,nflverse
Danny Amendola,WR,WR,LA,2012,11,0,0,0,2,8,0,63,666,3,nflverse
Mike Tolbert,FB,RB,CAR,2012,16,0,0,0,54,183,7,27,268,0,nflverse
Jed Collins,FB,RB,NO,2012,13,0,0,0,0,0,0,14,70,2,nflverse
Matt Ryan,QB,QB,ATL,2012,16,4719,32,14,34,141,1,0,0,0,nflverse
Darren McFadden,RB,RB,LV,2012,12,0,0,0,216,707,2,42,258,1,nflverse
Jonathan Stewart,RB,RB,CAR,2012,9,0,0,0,93,336,1,17,157,1,nflverse
Joe Flacco,QB,QB,BAL,2012,16,3817,22,10,32,22,3,0,0,0,nflverse
Felix Jones,RB,RB,DAL,2012,16,0,0,0,111,402,3,25,262,2,nflverse
Rashard Mendenhall,RB,RB,PIT,2012,6,0,0,0,51,182,0,9,62,1,nflverse
Chris Johnson,RB,RB,TEN,2012,16,0,0,0,276,1243,6,36,232,0,nflverse
Dustin Keller,TE,TE,NYJ,2012,8,0,0,0,0,0,0,28,317,2,nflverse
Donnie Avery,WR,WR,IND,2012,16,0,0,0,4,9,0,60,781,3,nflverse
Jordy Nelson,WR,WR,GB,2012,12,0,0,0,0,0,0,49,745,7,nflverse
Eddie Royal,WR,WR,LAC,2012,10,0,0,0,3,22,0,23,234,1,nflverse
Matt Forte,RB,RB,CHI,2012,15,0,0,0,248,1094,5,44,340,1,nflverse
Jerome Simpson,WR,WR,MIN,2012,12,0,0,0,0,0,0,26,274,0,nflverse
Fred Davis,TE,TE,WAS,2012,7,0,0,0,1,1,0,24,325,0,nflverse
DeSean Jackson,WR,WR,PHI,2012,11,0,0,0,3,-7,0,45,700,2,nflverse
Ray Rice,RB,RB,BAL,2012,16,0,0,0,257,1143,9,61,478,1,nflverse
Chad Henne,QB,QB,JAX,2012,10,2084,11,11,19,64,1,1,-6,0,nflverse
Martellus Bennett,TE,TE,NYG,2012,16,0,0,0,0,0,0,55,626,5,nflverse
Kevin Smith,RB,RB,DET,2012,9,0,0,0,37,134,1,10,79,1,nflverse
Jacob Hester,RB,RB,DEN,2012,3,0,0,0,17,81,2,1,7,0,nflverse
Earl Bennett,WR,WR,CHI,2012,12,0,0,0,0,0,0,29,375,2,nflverse
Jamaal Charles,RB,RB,KC,2012,16,0,0,0,285,1509,5,35,236,1,nflverse
Early Doucet,WR,WR,ARI,2012,12,0,0,0,2,9,0,28,207,0,nflverse
Harry Douglas,WR,WR,ATL,2012,15,0,0,0,2,4,0,38,395,1,nflverse
Craig Stevens,TE,TE,TEN,2012,15,0,0,0,0,0,0,23,275,1,nflverse
Jermichael Finley,TE,TE,GB,2012,16,0,0,0,0,0,0,61,667,2,nflverse
Mario Manningham,WR,WR,SF,2012,12,0,0,0,3,64,0,42,449,1,nflverse
Tashard Choice,RB,RB,BUF,2012,10,0,0,0,47,193,1,4,9,0,nflverse
Jacob Tamme,TE,TE,DEN,2012,15,0,0,0,0,0,0,52,555,2,nflverse
Kellen Davis,TE,TE,CHI,2012,15,0,0,0,0,0,0,19,229,2,nflverse
Josh Morgan,WR,WR,WAS,2012,16,0,0,0,3,25,0,48,510,2,nflverse
Jalen Parmele,RB,RB,JAX,2012,11,0,0,0,40,143,0,7,60,0,nflverse
Pierre Garcon,WR,WR,WAS,2012,10,0,0,0,2,9,0,44,633,4,nflverse
Steve Johnson,WR,WR,BUF,2012,16,0,0,0,0,0,0,79,1046,6,nflverse
Chaz Schilens,WR,WR,NYJ,2012,12,0,0,0,0,0,0,28,289,2,nflverse
Peyton Hillis,RB,RB,KC,2012,13,0,0,0,85,309,1,10,62,0,nflverse
Justin Forsett,RB,RB,HOU,2012,14,0,0,0,63,374,1,3,38,0,nflverse
Marcel Reece,FB,RB,LV,2012,15,0,0,0,59,271,0,52,496,1,nflverse
Lance Ball,RB,RB,DEN,2012,11,0,0,0,42,158,1,7,61,1,nflverse
Matthew Stafford,QB,QB,DET,2012,16,4967,20,17,35,126,4,1,3,0,nflverse
Isaac Redman,RB,RB,PIT,2012,14,0,0,0,110,410,2,19,244,0,nflverse
Kevin Ogletree,WR,WR,DAL,2012,14,0,0,0,2,9,0,32,436,4,nflverse
Arian Foster,RB,RB,HOU,2012,16,0,0,0,351,1424,15,40,217,2,nflverse
Darrel Young,FB,RB,WAS,2012,13,0,0,0,14,60,0,8,109,2,nflverse
Tom Crabtree,TE,TE,GB,2012,10,0,0,0,0,0,0,8,203,3,nflverse
Mark Sanchez,QB,QB,NYJ,2012,15,2883,13,18,22,28,0,0,0,0,nflverse
Shonn Greene,RB,RB,NYJ,2012,16,0,0,0,276,1063,8,19,151,0,nflverse
Mike Wallace,WR,WR,PIT,2012,15,0,0,0,5,7,0,64,836,8,nflverse
Ramses Barden,WR,WR,NYG,2012,7,0,0,0,0,0,0,14,220,0,nflverse
Cedric Peerman,RB,RB,CIN,2012,11,0,0,0,36,258,1,9,85,0,nflverse
Brandon Gibson,WR,WR,LA,2012,15,0,0,0,0,0,0,51,691,5,nflverse
LaRod Stephens-Howling,RB,RB,ARI,2012,14,0,0,0,110,356,4,17,106,0,nflverse
Darrius Heyward-Bey,WR,WR,LV,2012,15,0,0,0,2,16,0,41,606,5,nflverse
Michael Crabtree,WR,WR,SF,2012,16,0,0,0,1,8,0,85,1105,9,nflverse
Knowshon Moreno,RB,RB,DEN,2012,8,0,0,0,138,525,4,21,167,0,nflverse
Josh Freeman,QB,QB,TB,2012,16,4065,27,17,39,139,0,0,0,0,nflverse
Jeremy Maclin,WR,WR,PHI,2012,15,0,0,0,0,0,0,69,857,7,nflverse
Brandon Pettigrew,TE,TE,DET,2012,13,0,0,0,0,0,0,59,567,3,nflverse
Percy Harvin,WR,WR,MIN,2012,9,0,0,0,22,96,1,62,677,3,nflverse
Donald Brown,RB,RB,IND,2012,10,0,0,0,108,417,1,9,93,0,nflverse
Hakeem Nicks,WR,WR,NYG,2012,12,0,0,0,0,0,0,53,692,3,nflverse
Kenny Britt,WR,WR,TEN,2012,14,0,0,0,0,0,0,45,589,4,nflverse
Chris Wells,RB,RB,ARI,2012,8,0,0,0,88,234,5,1,24,0,nflverse
Mohamed Massaquoi,WR,WR,CLE,2012,9,0,0,0,0,0,0,17,254,0,nflverse
LeSean McCoy,RB,RB,PHI,2012,12,0,0,0,200,840,2,54,373,3,nflverse
Brandon Tate,WR,WR,CIN,2012,16,0,0,0,1,0,0,13,211,1,nflverse
Jared Cook,TE,TE,TEN,2012,13,0,0,0,0,0,0,44,523,4,nflverse
Brian Hartline,WR,WR,MIA,2012,15,0,0,0,0,0,0,74,1083,1,nflverse
Mike Goodson,RB,RB,LV,2012,12,0,0,0,35,221,0,16,195,1,nflverse
Louis Murphy,WR,WR,CAR,2012,15,0,0,0,1,3,0,25,336,1,nflverse
Andre Brown,RB,RB,NYG,2012,10,0,0,0,73,385,8,12,86,0,nflverse
James Casey,TE,TE,HOU,2012,16,0,0,0,1,6,0,34,330,3,nflverse
Brandon Myers,TE,TE,LV,2012,16,0,0,0,0,0,0,79,806,4,nflverse
Chris Ogbonnaya,RB,RB,CLE,2012,12,0,0,0,8,30,0,24,187,0,nflverse
Julian Edelman,WR,WR,NE,2012,9,0,0,0,4,45,0,21,235,3,nflverse
Rashad Jennings,RB,RB,JAX,2012,10,0,0,0,101,283,2,19,130,0,nflverse
Tiquan Underwood,WR,WR,TB,2012,14,0,0,0,1,1,0,28,425,2,nflverse
Logan Paulsen,TE,TE,WAS,2012,13,0,0,0,0,0,0,25,308,1,nflverse
Joique Bell,RB,RB,DET,2012,16,0,0,0,82,414,3,52,485,0,nflverse
Victor Cruz,WR,WR,NYG,2012,16,0,0,0,0,0,0,86,1092,10,nflverse
Jeff Cumberland,TE,TE,NYJ,2012,14,0,0,0,0,0,0,29,359,3,nflverse
LeGarrette Blount,RB,RB,TB,2012,10,0,0,0,41,151,2,1,2,0,nflverse
Donald Jones,WR,WR,BUF,2012,12,0,0,0,0,0,0,41,443,4,nflverse
Chris Ivory,RB,RB,NO,2012,6,0,0,0,40,217,2,2,15,0,nflverse
Kyle Williams,WR,WR,SF,2012,11,0,0,0,4,21,0,14,212,1,nflverse
Dexter McCluster,WR,WR,KC,2012,16,0,0,0,12,70,0,52,452,1,nflverse
Rob Gronkowski,TE,TE,NE,2012,11,0,0,0,0,0,0,55,790,11,nflverse
Montario Hardesty,RB,RB,CLE,2012,10,0,0,0,65,271,1,2,16,0,nflverse
Ed Dickson,TE,TE,BAL,2012,11,0,0,0,0,0,0,21,225,0,nflverse
Brandon LaFell,WR,WR,CAR,2012,13,0,0,0,3,35,0,44,677,4,nflverse
Emmanuel Sanders,WR,WR,PIT,2012,16,0,0,0,1,4,0,44,626,1,nflverse
Jordan Shipley,WR,WR,JAX,2012,7,0,0,0,0,0,0,23,244,1,nflverse
Eric Decker,WR,WR,DEN,2012,16,0,0,0,0,0,0,85,1064,13,nflverse
Andre Roberts,WR,WR,ARI,2012,15,0,0,0,4,29,0,64,759,5,nflverse
Tony Moeaki,TE,TE,KC,2012,14,0,0,0,0,0,0,33,453,1,nflverse
Jimmy Graham,TE,TE,NO,2012,15,0,0,0,0,0,0,85,982,9,nflverse
Mike Williams,WR,WR,TB,2012,16,28,0,0,0,0,0,63,996,9,nflverse
Aaron Hernandez,TE,TE,NE,2012,10,0,0,0,1,5,0,51,483,5,nflverse
Dennis Pitta,TE,TE,BAL,2012,16,0,0,0,0,0,0,61,669,7,nflverse
Garrett Graham,TE,TE,HOU,2012,14,0,0,0,0,0,0,28,263,3,nflverse
Clay Harbor,TE,TE,PHI,2012,11,0,0,0,0,0,0,25,186,2,nflverse
John Skelton,QB,QB,ARI,2012,7,1132,2,9,4,5,0,0,0,0,nflverse
Riley Cooper,WR,WR,PHI,2012,11,0,0,0,0,0,0,23,248,3,nflverse
Anthony Dixon,RB,RB,SF,2012,8,0,0,0,21,78,2,0,0,0,nflverse
Anthony McCoy,TE,TE,SEA,2012,14,0,0,0,0,0,0,18,291,3,nflverse
Jonathan Dwyer,RB,RB,PIT,2012,13,0,0,0,156,623,2,18,106,0,nflverse
James Starks,RB,RB,GB,2012,6,0,0,0,71,255,1,4,31,0,nflverse
Antonio Brown,WR,WR,PIT,2012,13,0,0,1,7,24,0,66,787,5,nflverse
Sam Bradford,QB,QB,LA,2012,16,3702,21,13,36,124,1,0,0,0,nflverse
C.J. Spiller,RB,RB,BUF,2012,16,0,0,0,207,1244,6,43,459,2,nflverse
Ryan Mathews,RB,RB,LAC,2012,12,0,0,0,184,707,1,39,252,0,nflverse
Jermaine Gresham,TE,TE,CIN,2012,16,0,0,0,0,0,0,64,737,5,nflverse
Demaryius Thomas,WR,WR,DEN,2012,16,0,0,0,0,0,0,94,1434,10,nflverse
Toby Gerhart,RB,RB,MIN,2012,15,0,0,0,50,169,1,20,155,0,nflverse
Ben Tate,RB,RB,HOU,2012,11,0,0,0,65,279,2,11,49,0,nflverse
Golden Tate,WR,WR,SEA,2012,15,23,1,0,3,20,0,45,688,7,nflverse
Damian Williams,WR,WR,TEN,2012,13,0,0,0,0,0,0,30,324,0,nflverse
Dez Bryant,WR,WR,DAL,2012,16,0,0,0,2,-5,0,90,1371,12,nflverse
Danario Alexander,WR,WR,LAC,2012,10,0,0,0,0,0,0,37,658,7,nflverse
Andrew Hawkins,WR,WR,CIN,2012,14,0,0,0,6,30,0,51,533,4,nflverse
Cam Newton,QB,QB,CAR,2012,16,3869,19,12,127,741,8,0,6,0,nflverse
A.J. Green,WR,WR,CIN,2012,16,0,0,0,4,38,0,97,1350,11,nflverse
Julio Jones,WR,WR,ATL,2012,16,0,0,0,6,30,0,79,1198,10,nflverse
Jake Locker,QB,QB,TEN,2012,11,2176,10,11,41,291,1,0,0,0,nflverse
Blaine Gabbert,QB,QB,JAX,2012,10,1662,9,6,18,56,0,0,0,0,nflverse
Christian Ponder,QB,QB,MIN,2012,16,2935,18,12,60,253,2,1,-15,0,nflverse
Jon Baldwin,WR,WR,KC,2012,14,0,0,0,0,0,0,20,325,1,nflverse
Mark Ingram,RB,RB,NO,2012,16,0,0,0,156,602,5,6,29,0,nflverse
Andy Dalton,QB,QB,CIN,2012,16,3669,27,16,47,120,4,0,0,0,nflverse
Colin Kaepernick,QB,QB,SF,2012,13,1814,10,3,63,415,5,0,0,0,nflverse
Ryan Williams,RB,RB,ARI,2012,5,0,0,0,58,164,0,7,44,0,nflverse
Kyle Rudolph,TE,TE,MIN,2012,16,0,0,0,0,0,0,53,493,9,nflverse
Titus Young,WR,WR,DET,2012,10,0,0,0,2,16,0,33,383,4,nflverse
Lance Kendricks,TE,TE,LA,2012,16,0,0,0,0,0,0,42,519,4,nflverse
Shane Vereen,RB,RB,NE,2012,12,0,0,0,62,251,3,8,149,1,nflverse
Mikel Leshoure,RB,RB,DET,2012,14,0,0,0,215,798,9,34,214,0,nflverse
Torrey Smith,WR,WR,BAL,2012,16,0,0,0,3,9,0,49,855,8,nflverse
Greg Little,WR,WR,CLE,2012,16,0,0,0,2,15,0,53,647,4,nflverse
Daniel Thomas,RB,RB,MIA,2012,12,0,0,0,91,325,4,15,156,0,nflverse
Randall Cobb,WR,WR,GB,2012,15,0,0,0,10,132,0,80,954,8,nflverse
Rob Housler,TE,TE,ARI,2012,15,0,0,0,0,0,0,45,417,0,nflverse
DeMarco Murray,RB,RB,DAL,2012,10,0,0,0,161,663,4,35,251,0,nflverse
Stevan Ridley,RB,RB,NE,2012,16,0,0,0,290,1263,12,6,51,0,nflverse
Austin Pettis,WR,WR,LA,2012,13,0,0,0,0,0,0,30,261,4,nflverse
Leonard Hankerson,WR,WR,WAS,2012,15,0,0,0,2,5,0,38,543,3,nflverse
Alex Green,RB,RB,GB,2012,11,0,0,0,135,464,0,18,125,0,nflverse
Jordan Cameron,TE,TE,CLE,2012,14,0,0,0,0,0,0,20,226,1,nflverse
Clyde Gates,WR,WR,NYJ,2012,10,0,0,0,1,12,0,16,224,0,nflverse
Cecil Shorts,WR,WR,JAX,2012,14,0,0,0,1,-4,0,55,979,7,nflverse
Kendall Hunter,RB,RB,SF,2012,11,0,0,0,72,371,2,9,60,0,nflverse
Delone Carter,RB,RB,IND,2012,8,0,0,0,32,122,3,1,13,0,nflverse
Bilal Powell,RB,RB,NYJ,2012,14,0,0,0,110,437,4,17,140,0,nflverse
Jamie Harper,RB,RB,TEN,2012,7,0,0,0,19,30,3,1,8,0,nflverse
Jacquizz Rodgers,RB,RB,ATL,2012,16,0,0,0,94,362,1,53,402,1,nflverse
Denarius Moore,WR,WR,LV,2012,15,0,0,0,1,-5,0,51,741,7,nflverse
Jeremy Kerley,WR,WR,NYJ,2012,16,42,0,0,5,8,0,56,827,2,nflverse
Lee Smith,TE,TE,BUF,2012,9,0,0,0,0,0,0,4,13,2,nflverse
Charles Clay,TE,TE,MIA,2012,13,0,0,0,0,0,0,18,212,2,nflverse
Dwayne Harris,WR,WR,DAL,2012,15,0,0,0,0,0,0,17,222,1,nflverse
Evan Royster,RB,RB,WAS,2012,15,0,0,0,23,88,2,15,109,0,nflverse
Aldrick Robinson,WR,WR,WAS,2012,9,0,0,0,1,14,0,11,237,3,nflverse
Shaun Draughn,RB,RB,KC,2012,16,0,0,0,59,233,2,24,158,0,nflverse
Armon Binns,WR,WR,MIA,2012,9,0,0,0,0,0,0,24,277,1,nflverse
DuJuan Harris,RB,RB,GB,2012,4,0,0,0,34,157,2,2,17,0,nflverse
Doug Baldwin,WR,WR,SEA,2012,14,0,0,0,0,0,0,29,366,3,nflverse
Joseph Morgan,WR,WR,NO,2012,11,0,0,0,1,1,0,10,379,3,nflverse
William Powell,RB,RB,ARI,2012,12,0,0,0,60,217,0,19,132,0,nflverse
Stephen Hill,WR,WR,NYJ,2012,11,0,0,0,0,0,0,21,252,3,nflverse
Rod Streater,WR,WR,LV,2012,15,0,0,0,0,0,0,39,584,3,nflverse
Alshon Jeffery,WR,WR,CHI,2012,10,0,0,0,0,0,0,24,367,3,nflverse
Chris Rainey,RB,RB,PIT,2012,16,0,0,0,26,102,2,14,60,0,nflverse
Alfred Morris,RB,RB,WAS,2012,16,0,0,0,335,1613,13,11,77,0,nflverse
Ryan Broyles,WR,WR,DET,2012,8,0,0,0,0,0,0,22,310,2,nflverse
Brandon Bolden,RB,RB,NE,2012,9,0,0,0,56,274,2,2,11,0,nflverse
David Wilson,RB,RB,NYG,2012,16,0,0,0,71,358,4,4,34,1,nflverse
Rueben Randle,WR,WR,NYG,2012,13,0,0,0,0,0,0,19,298,3,nflverse
Russell Wilson,QB,QB,SEA,2012,16,3118,26,10,94,489,4,0,0,0,nflverse
Bernard Pierce,RB,RB,BAL,2012,15,0,0,0,108,532,1,7,47,0,nflverse
Travis Benjamin,WR,WR,CLE,2012,13,0,0,0,6,66,0,18,298,2,nflverse
Robert Turbin,RB,RB,SEA,2012,15,0,0,0,80,354,0,19,181,0,nflverse
Marvin Jones,WR,WR,CIN,2012,8,0,0,0,3,47,0,18,201,1,nflverse
Bryce Brown,RB,RB,PHI,2012,16,0,0,0,115,564,4,13,56,0,nflverse
Damaris Johnson,WR,WR,PHI,2012,14,0,0,0,3,12,0,19,256,0,nflverse
Ryan Lindley,QB,QB,ARI,2012,6,752,0,7,4,7,0,0,0,0,nflverse
Vick Ballard,RB,RB,IND,2012,16,0,0,0,211,814,2,17,152,1,nflverse
Nick Foles,QB,QB,PHI,2012,7,1699,6,5,11,42,1,0,0,0,nflverse
Jarius Wright,WR,WR,MIN,2012,7,0,0,0,2,11,0,22,310,2,nflverse
Kirk Cousins,QB,QB,WAS,2012,3,466,4,3,3,22,0,0,0,0,nflverse
T.Y. Hilton,WR,WR,IND,2012,15,0,0,0,5,29,0,50,861,7,nflverse
Daryl Richardson,RB,RB,LA,2012,16,0,0,0,98,475,0,24,163,0,nflverse
Doug Martin,RB,RB,TB,2012,16,0,0,0,319,1454,11,49,472,1,nflverse
Chris Givens,WR,WR,LA,2012,15,0,0,0,3,12,0,42,698,3,nflverse
Lamar Miller,RB,RB,MIA,2012,9,0,0,0,51,250,1,6,45,0,nflverse
Jorvorskie Lane,FB,RB,MIA,2012,13,0,0,0,13,13,2,11,79,1,nflverse
Mohamed Sanu,WR,WR,CIN,2012,6,73,1,0,5,15,0,16,154,4,nflverse
Michael Floyd,WR,WR,ARI,2012,15,0,0,0,0,0,0,45,562,2,nflverse
Brian Quick,WR,WR,LA,2012,14,0,0,0,0,0,0,11,156,2,nflverse
Trevor Graham,WR,WR,BUF,2012,15,0,0,0,1,5,0,31,322,1,nflverse
Josh Gordon,WR,WR,CLE,2012,16,0,0,0,0,0,0,50,805,5,nflverse
Robert Griffin III,QB,QB,WAS,2012,15,3200,20,5,120,815,7,0,0,0,nflverse
Andrew Luck,QB,QB,IND,2012,16,4374,23,18,62,255,5,0,0,0,nflverse
Trent Richardson,RB,RB,CLE,2012,15,0,0,0,267,950,11,51,367,1,nflverse
Brandon Weeden,QB,QB,CLE,2012,15,3385,14,17,27,111,0,0,-9,0,nflverse
Ronnie Hillman,RB,RB,DEN,2012,14,0,0,0,85,330,1,10,62,0,nflverse
Dwayne Allen,TE,TE,IND,2012,15,0,0,0,3,5,0,45,521,3,nflverse
Coby Fleener,TE,TE,IND,2012,12,0,0,0,0,0,0,26,281,2,nflverse
Ryan Tannehill,QB,QB,MIA,2012,16,3294,12,13,49,211,2,0,0,0,nflverse
Justin Blackmon,WR,WR,JAX,2012,16,0,0,0,2,23,0,64,865,5,nflverse
Kendall Wright,WR,WR,TEN,2012,15,0,0,0,1,4,0,64,626,4,nflverse
Tony Gonzalez,TE,TE,ATL,2013,16,0,0,0,0,0,0,83,859,8,nflverse
Peyton Manning,QB,QB,DEN,2013,16,5477,55,10,32,-31,1,0,0,0,nflverse
Tom Brady,QB,QB,NE,2013,16,4343,25,11,32,18,0,0,0,0,nflverse
Mike Vick,QB,QB,PHI,2013,7,1215,5,3,36,306,2,0,-2,0,nflverse
Steve Smith,WR,WR,CAR,2013,15,0,0,0,0,0,0,64,745,4,nflverse
Santana Moss,WR,WR,WAS,2013,16,0,0,0,3,25,0,42,452,2,nflverse
Reggie Wayne,WR,WR,IND,2013,7,0,0,0,1,5,0,38,503,2,nflverse
Drew Brees,QB,QB,NO,2013,16,5162,39,12,35,52,3,0,0,0,nflverse
Josh McCown,QB,QB,CHI,2013,8,1829,13,1,13,69,1,0,0,0,nflverse
Carson Palmer,QB,QB,ARI,2013,16,4274,24,22,27,3,0,0,0,0,nflverse
Antonio Gates,TE,TE,LAC,2013,16,0,0,0,0,0,0,77,872,4,nflverse
Tony Romo,QB,QB,DAL,2013,15,3828,31,10,20,38,0,0,0,0,nflverse
Nate Burleson,WR,WR,DET,2013,9,0,0,0,2,-8,0,39,461,1,nflverse
Andre Johnson,WR,WR,HOU,2013,16,0,0,0,0,0,0,109,1407,5,nflverse
Anquan Boldin,WR,WR,SF,2013,16,0,0,0,2,11,0,85,1179,7,nflverse
Jason Witten,TE,TE,DAL,2013,16,0,0,0,0,0,0,73,851,8,nflverse
Dallas Clark,TE,TE,BAL,2013,11,0,0,0,0,0,0,31,343,3,nflverse
Willis McGahee,RB,RB,CLE,2013,11,0,0,0,138,377,2,8,20,0,nflverse
Wes Welker,WR,WR,DEN,2013,13,0,0,0,0,0,0,73,778,10,nflverse
Steven Jackson,RB,RB,ATL,2013,12,0,0,0,157,543,6,33,191,1,nflverse
Matt Schaub,QB,QB,HOU,2013,10,2310,10,14,5,24,0,0,0,0,nflverse
Eli Manning,QB,QB,NYG,2013,16,3818,18,27,18,36,0,0,0,0,nflverse
Jerricho Cotchery,WR,WR,PIT,2013,15,0,0,0,1,-5,0,46,602,10,nflverse
Larry Fitzgerald,WR,WR,ARI,2013,16,0,0,0,2,8,0,82,954,10,nflverse
Kellen Winslow,TE,TE,NYJ,2013,12,0,0,0,0,0,0,31,388,2,nflverse
Ben Roethlisberger,QB,QB,PIT,2013,16,4261,28,14,27,99,1,0,5,0,nflverse
Philip Rivers,QB,QB,LAC,2013,16,4478,32,11,28,72,0,0,-9,0,nflverse
Benjamin Watson,TE,TE,NO,2013,14,0,0,0,0,0,0,19,226,2,nflverse
Lance Moore,WR,WR,NO,2013,13,0,0,0,0,0,0,37,457,2,nflverse
Nate Washington,WR,WR,TEN,2013,16,0,0,0,0,0,0,58,919,3,nflverse
Alex Smith,QB,QB,KC,2013,15,3313,23,7,76,431,1,1,-4,0,nflverse
Ronnie Brown,RB,RB,LAC,2013,14,0,0,0,45,157,1,8,60,0,nflverse
Aaron Rodgers,QB,QB,GB,2013,9,2536,17,6,30,120,0,0,0,0,nflverse
Jason Campbell,QB,QB,CLE,2013,9,2015,11,8,14,107,0,0,0,0,nflverse
Roddy White,WR,WR,ATL,2013,13,0,0,0,0,0,0,63,711,3,nflverse
Heath Miller,TE,TE,PIT,2013,14,0,0,0,0,0,0,58,593,1,nflverse
Vincent Jackson,WR,WR,TB,2013,16,0,0,0,1,0,0,78,1224,7,nflverse
Frank Gore,RB,RB,SF,2013,16,0,0,0,276,1128,9,16,141,0,nflverse
Brandon Jacobs,RB,RB,NYG,2013,7,0,0,0,58,238,4,2,13,0,nflverse
Darren Sproles,RB,RB,NO,2013,15,0,0,0,53,220,2,71,604,2,nflverse
Matt Cassel,QB,QB,MIN,2013,9,1807,11,9,18,57,1,0,0,0,nflverse
Ryan Fitzpatrick,QB,QB,TEN,2013,11,2454,14,12,43,225,3,1,0,0,nflverse
Miles Austin,WR,WR,DAL,2013,11,0,0,0,0,0,0,24,244,0,nflverse
Fred Jackson,RB,RB,BUF,2013,16,0,0,0,206,890,9,47,387,1,nflverse
Reggie Bush,RB,RB,DET,2013,14,0,0,0,223,1006,4,54,506,3,nflverse
Vernon Davis,TE,TE,SF,2013,15,0,0,0,0,0,0,52,850,13,nflverse
Jay Cutler,QB,QB,CHI,2013,11,2621,19,12,23,118,0,0,0,0,nflverse
Santonio Holmes,WR,WR,NYJ,2013,10,0,0,0,0,0,0,23,456,1,nflverse
DeAngelo Williams,RB,RB,CAR,2013,15,0,0,0,201,843,3,26,333,1,nflverse
Marcedes Lewis,TE,TE,JAX,2013,10,0,0,0,0,0,0,25,359,4,nflverse
Kellen Clemens,QB,QB,LA,2013,10,1673,8,7,23,64,0,0,0,0,nflverse
Greg Jennings,WR,WR,MIN,2013,15,0,0,0,0,0,0,68,804,4,nflverse
Anthony Fasano,TE,TE,KC,2013,9,0,0,0,0,0,0,23,200,3,nflverse
Maurice Jones-Drew,RB,RB,JAX,2013,15,8,1,0,234,803,5,43,314,0,nflverse
Owen Daniels,TE,TE,HOU,2013,5,0,0,0,0,0,0,24,252,3,nflverse
Jason Avant,WR,WR,PHI,2013,15,0,0,0,0,0,0,38,447,2,nflverse
Brandon Marshall,WR,WR,CHI,2013,16,0,0,0,0,0,0,100,1295,12,nflverse
Delanie Walker,TE,TE,TEN,2013,15,0,0,0,0,0,0,60,571,6,nflverse
Marques Colston,WR,WR,NO,2013,15,0,0,0,0,0,0,75,943,5,nflverse
Pierre Thomas,RB,RB,NO,2013,16,0,0,0,147,549,2,77,513,3,nflverse
Calvin Johnson,WR,WR,DET,2013,14,0,0,0,0,0,0,84,1492,12,nflverse
Adrian Peterson,RB,RB,MIN,2013,14,0,0,0,279,1266,10,29,171,1,nflverse
Ted Ginn,WR,WR,CAR,2013,16,0,0,0,4,29,0,36,556,5,nflverse
Marshawn Lynch,RB,RB,SEA,2013,16,0,0,0,301,1257,12,36,316,2,nflverse
Dwayne Bowe,WR,WR,KC,2013,15,0,0,0,0,0,0,57,673,5,nflverse
Robert Meachem,WR,WR,NO,2013,15,0,0,0,2,-1,0,16,324,2,nflverse
Greg Olsen,TE,TE,CAR,2013,16,0,0,0,0,0,0,73,816,6,nflverse
Zach Miller,TE,TE,SEA,2013,13,0,0,0,0,0,0,33,387,5,nflverse
Sidney Rice,WR,WR,SEA,2013,8,0,0,0,0,0,0,15,231,3,nflverse
Brian Leonard,RB,RB,TB,2013,16,0,0,0,47,182,0,29,179,0,nflverse
Jacoby Jones,WR,WR,BAL,2013,12,0,0,0,2,0,0,37,455,2,nflverse
James Jones,WR,WR,GB,2013,14,0,0,0,0,0,0,59,817,3,nflverse
Michael Bush,RB,RB,CHI,2013,14,0,0,0,63,197,3,4,48,1,nflverse
Scott Chandler,TE,TE,BUF,2013,16,0,0,0,0,0,0,53,655,2,nflverse
Brent Celek,TE,TE,PHI,2013,16,0,0,0,0,0,0,32,502,6,nflverse
Jason Snelling,FB,RB,ATL,2013,13,0,0,0,44,164,1,29,216,3,nflverse
Ahmad Bradshaw,RB,RB,IND,2013,3,0,0,0,41,186,2,7,42,0,nflverse
BenJarvus Green-Ellis,RB,RB,CIN,2013,16,0,0,0,220,756,7,4,22,0,nflverse
Davone Bess,WR,WR,CLE,2013,14,0,0,0,0,0,0,42,362,2,nflverse
Danny Woodhead,RB,RB,LAC,2013,16,0,0,0,106,429,2,76,605,6,nflverse
Danny Amendola,WR,WR,NE,2013,12,0,0,0,1,1,0,54,633,2,nflverse
Mike Tolbert,FB,RB,CAR,2013,16,0,0,0,101,361,5,27,184,2,nflverse
Matt Ryan,QB,QB,ATL,2013,16,4515,26,17,17,55,0,0,0,0,nflverse
Darren McFadden,RB,RB,LV,2013,10,16,1,0,114,379,5,17,108,0,nflverse
Jonathan Stewart,RB,RB,CAR,2013,6,0,0,0,48,180,0,7,44,0,nflverse
Joe Flacco,QB,QB,BAL,2013,16,3912,19,22,27,131,1,0,0,0,nflverse
Felix Jones,RB,RB,PIT,2013,15,0,0,0,48,184,0,9,63,0,nflverse
Rashard Mendenhall,RB,RB,ARI,2013,15,0,0,0,217,687,8,18,134,0,nflverse
Chris Johnson,RB,RB,TEN,2013,16,0,0,0,279,1077,6,42,345,4,nflverse
Donnie Avery,WR,WR,KC,2013,15,0,0,0,2,6,0,40,596,2,nflverse
Jordy Nelson,WR,WR,GB,2013,16,0,0,0,0,0,0,85,1314,8,nflverse
John Carlson,TE,TE,MIN,2013,13,0,0,0,0,0,0,32,344,1,nflverse
Eddie Royal,WR,WR,LAC,2013,15,0,0,0,3,21,0,47,631,8,nflverse
Matt Forte,RB,RB,CHI,2013,16,0,0,0,289,1339,9,74,594,3,nflverse
Jerome Simpson,WR,WR,MIN,2013,16,0,0,0,0,0,0,48,726,1,nflverse
DeSean Jackson,WR,WR,PHI,2013,16,0,0,0,3,2,0,82,1332,9,nflverse
Ray Rice,RB,RB,BAL,2013,15,0,0,0,214,660,4,58,321,0,nflverse
Chad Henne,QB,QB,JAX,2013,15,3241,13,14,27,77,0,0,0,0,nflverse
Martellus Bennett,TE,TE,CHI,2013,16,0,0,0,0,0,0,65,759,5,nflverse
Earl Bennett,WR,WR,CHI,2013,14,0,0,0,0,0,0,32,243,4,nflverse
Jamaal Charles,RB,RB,KC,2013,15,0,0,0,259,1287,12,70,693,7,nflverse
Harry Douglas,WR,WR,ATL,2013,16,0,0,0,0,0,0,85,1067,2,nflverse
Jermichael Finley,TE,TE,GB,2013,6,0,0,0,0,0,0,25,300,3,nflverse
Andre Caldwell,WR,WR,DEN,2013,15,0,0,0,1,7,0,16,200,3,nflverse
Gary Barnidge,TE,TE,CLE,2013,14,0,0,0,0,0,0,13,127,2,nflverse
Josh Morgan,WR,WR,WAS,2013,14,0,0,0,2,13,0,20,214,0,nflverse
Pierre Garcon,WR,WR,WAS,2013,16,0,0,0,2,19,0,113,1346,5,nflverse
Matt Flynn,QB,QB,GB,2013,7,1392,8,5,20,65,0,0,0,0,nflverse
Steve Johnson,WR,WR,BUF,2013,12,0,0,0,1,10,0,52,597,3,nflverse
Peyton Hillis,RB,RB,NYG,2013,7,0,0,0,73,247,2,13,96,0,nflverse
Marcel Reece,FB,RB,LV,2013,16,22,0,0,46,218,2,32,331,2,nflverse
Matthew Stafford,QB,QB,DET,2013,16,4650,29,19,37,69,2,0,0,0,nflverse
Brian Hoyer,QB,QB,CLE,2013,3,615,5,3,6,16,0,0,0,0,nflverse
Kevin Ogletree,WR,WR,DET,2013,12,0,0,0,0,0,0,21,269,2,nflverse
Arian Foster,RB,RB,HOU,2013,8,0,0,0,121,542,1,22,183,1,nflverse
Darrel Young,FB,RB,WAS,2013,10,0,0,0,12,41,3,4,71,1,nflverse
Antone Smith,RB,RB,ATL,2013,10,0,0,0,5,145,2,2,10,0,nflverse
Shonn Greene,RB,RB,TEN,2013,11,0,0,0,77,295,4,6,39,0,nflverse
Mike Wallace,WR,WR,MIA,2013,16,0,0,0,3,33,0,73,930,5,nflverse
Frank Summers,FB,RB,BUF,2013,9,0,0,0,12,46,1,7,79,1,nflverse
Brandon Gibson,WR,WR,MIA,2013,7,0,0,0,0,0,0,30,326,3,nflverse
Darrius Heyward-Bey,WR,WR,IND,2013,15,0,0,0,3,26,0,29,309,1,nflverse
Michael Crabtree,WR,WR,SF,2013,5,0,0,0,0,0,0,19,284,1,nflverse
Knowshon Moreno,RB,RB,DEN,2013,16,0,0,0,241,1038,10,60,548,3,nflverse
Josh Freeman,QB,QB,MIN,2013,4,761,2,4,5,20,0,0,0,0,nflverse
Brandon Pettigrew,TE,TE,DET,2013,14,0,0,0,0,0,0,41,416,2,nflverse
Donald Brown,RB,RB,IND,2013,16,0,0,0,102,537,6,27,214,2,nflverse
Hakeem Nicks,WR,WR,NYG,2013,15,0,0,0,0,0,0,56,896,0,nflverse
LeSean McCoy,RB,RB,PHI,2013,16,0,0,0,314,1607,9,52,539,2,nflverse
Jared Cook,TE,TE,LA,2013,16,0,0,0,0,0,0,51,671,5,nflverse
Brian Hartline,WR,WR,MIA,2013,16,0,0,0,0,0,0,76,1016,4,nflverse
Andre Brown,RB,RB,NYG,2013,8,0,0,0,139,492,3,20,103,0,nflverse
Brandon Myers,TE,TE,NYG,2013,15,0,0,0,0,0,0,47,522,4,nflverse
Chris Ogbonnaya,RB,RB,CLE,2013,16,0,0,0,49,240,0,48,343,2,nflverse
Julian Edelman,WR,WR,NE,2013,16,0,0,0,2,11,0,105,1056,6,nflverse
Rashad Jennings,RB,RB,LV,2013,15,0,0,0,163,733,6,36,292,0,nflverse
Tiquan Underwood,WR,WR,TB,2013,12,0,0,0,0,0,0,24,440,4,nflverse
Logan Paulsen,TE,TE,WAS,2013,15,0,0,0,0,0,0,28,267,3,nflverse
Joique Bell,RB,RB,DET,2013,16,0,0,0,166,650,8,53,547,0,nflverse
Thad Lewis,QB,QB,BUF,2013,5,1092,4,3,24,52,1,0,0,0,nflverse
Jake Ballard,TE,TE,ARI,2013,5,0,0,0,0,0,0,7,75,2,nflverse
Victor Cruz,WR,WR,NYG,2013,14,0,0,0,0,0,0,73,998,4,nflverse
Jeff Cumberland,TE,TE,NYJ,2013,13,0,0,0,0,0,0,26,398,4,nflverse
David Nelson,WR,WR,NYJ,2013,12,0,0,0,0,0,0,36,423,2,nflverse
LeGarrette Blount,RB,RB,NE,2013,16,0,0,0,153,772,7,2,38,0,nflverse
Chris Ivory,RB,RB,NYJ,2013,15,0,0,0,182,833,3,2,10,0,nflverse
Dexter McCluster,WR,WR,KC,2013,15,0,0,0,8,5,0,53,511,2,nflverse
Rob Gronkowski,TE,TE,NE,2013,7,0,0,0,0,0,0,39,592,4,nflverse
Ed Dickson,TE,TE,BAL,2013,14,0,0,0,0,0,0,25,273,1,nflverse
Brandon LaFell,WR,WR,CAR,2013,15,0,0,0,2,15,0,49,627,5,nflverse
Emmanuel Sanders,WR,WR,PIT,2013,16,0,0,0,1,25,0,67,740,6,nflverse
Eric Decker,WR,WR,DEN,2013,16,0,0,0,0,0,0,87,1288,11,nflverse
Andre Roberts,WR,WR,ARI,2013,16,0,0,0,0,0,0,43,471,2,nflverse
Jimmy Graham,TE,TE,NO,2013,16,0,0,0,0,0,0,86,1215,16,nflverse
Mike Williams,WR,WR,TB,2013,6,0,0,0,0,0,0,22,216,2,nflverse
Garrett Graham,TE,TE,HOU,2013,12,0,0,0,0,0,0,49,545,5,nflverse
Clay Harbor,TE,TE,JAX,2013,14,0,0,0,0,0,0,24,292,2,nflverse
Andrew Quarless,TE,TE,GB,2013,13,0,0,0,0,0,0,32,312,2,nflverse
Riley Cooper,WR,WR,PHI,2013,16,0,0,0,0,18,0,47,835,8,nflverse
Anthony Dixon,RB,RB,SF,2013,14,0,0,0,28,56,2,3,30,0,nflverse
Jonathan Dwyer,RB,RB,PIT,2013,15,0,0,0,49,197,0,8,64,0,nflverse
James Starks,RB,RB,GB,2013,13,0,0,0,89,493,3,10,89,1,nflverse
Antonio Brown,WR,WR,PIT,2013,16,15,0,0,7,4,0,110,1499,8,nflverse
Jim Dray,TE,TE,ARI,2013,15,0,0,0,0,0,0,26,215,2,nflverse
Sam Bradford,QB,QB,LA,2013,7,1687,14,4,15,31,0,0,0,0,nflverse
C.J. Spiller,RB,RB,BUF,2013,15,0,0,0,202,933,2,33,185,0,nflverse
Ryan Mathews,RB,RB,LAC,2013,16,0,0,0,285,1255,6,26,189,1,nflverse
Jermaine Gresham,TE,TE,CIN,2013,14,0,0,0,0,0,0,46,458,4,nflverse
Demaryius Thomas,WR,WR,DEN,2013,16,0,0,0,0,0,0,92,1430,14,nflverse
Toby Gerhart,RB,RB,MIN,2013,13,0,0,0,36,283,2,13,88,0,nflverse
Ben Tate,RB,RB,HOU,2013,14,0,0,0,181,771,4,34,140,0,nflverse
Golden Tate,WR,WR,SEA,2013,16,0,0,0,3,31,0,64,898,5,nflverse
Dez Bryant,WR,WR,DAL,2013,16,0,0,0,1,1,0,93,1233,13,nflverse
Andrew Hawkins,WR,WR,CIN,2013,8,0,0,0,2,3,0,12,199,0,nflverse
Cam Newton,QB,QB,CAR,2013,16,3379,24,13,111,585,6,0,0,0,nflverse
A.J. Green,WR,WR,CIN,2013,16,0,0,0,0,0,0,98,1426,11,nflverse
Julio Jones,WR,WR,ATL,2013,5,0,0,0,1,7,0,41,580,2,nflverse
Jake Locker,QB,QB,TEN,2013,7,1256,8,4,24,155,2,0,0,0,nflverse
Christian Ponder,QB,QB,MIN,2013,9,1648,7,9,34,151,4,0,0,0,nflverse
Mark Ingram,RB,RB,NO,2013,11,0,0,0,78,386,1,7,68,0,nflverse
Andy Dalton,QB,QB,CIN,2013,16,4293,33,20,61,183,2,0,0,0,nflverse
Colin Kaepernick,QB,QB,SF,2013,16,3197,21,8,92,524,4,0,0,0,nflverse
Kyle Rudolph,TE,TE,MIN,2013,8,0,0,0,0,0,0,30,313,3,nflverse
Lance Kendricks,TE,TE,LA,2013,14,0,0,0,0,0,0,32,258,4,nflverse
Shane Vereen,RB,RB,NE,2013,8,0,0,0,44,208,1,47,427,3,nflverse
Torrey Smith,WR,WR,BAL,2013,16,0,0,0,0,0,0,65,1128,4,nflverse
Greg Little,WR,WR,CLE,2013,16,0,0,0,0,0,0,41,465,2,nflverse
Daniel Thomas,RB,RB,MIA,2013,15,0,0,0,109,406,4,15,63,2,nflverse
Randall Cobb,WR,WR,GB,2013,6,0,0,0,4,78,0,31,433,4,nflverse
Rob Housler,TE,TE,ARI,2013,13,0,0,0,0,0,0,39,454,1,nflverse
DeMarco Murray,RB,RB,DAL,2013,14,0,0,0,217,1121,9,53,350,1,nflverse
Stevan Ridley,RB,RB,NE,2013,14,0,0,0,178,773,7,10,62,0,nflverse
Austin Pettis,WR,WR,LA,2013,14,0,0,0,0,0,0,38,399,4,nflverse
Leonard Hankerson,WR,WR,WAS,2013,10,0,0,0,0,0,0,30,375,3,nflverse
Vincent Brown,WR,WR,LAC,2013,16,0,0,0,0,0,0,41,472,1,nflverse
Jerrel Jernigan,WR,WR,NYG,2013,13,0,0,0,2,57,1,29,329,2,nflverse
Jordan Cameron,TE,TE,CLE,2013,15,0,0,0,0,0,0,80,917,7,nflverse
Roy Helu,RB,RB,WAS,2013,16,0,0,0,62,274,4,31,251,0,nflverse
Kris Durham,WR,WR,DET,2013,16,0,0,0,0,0,0,38,490,2,nflverse
Cecil Shorts,WR,WR,JAX,2013,13,0,0,0,0,0,0,66,777,3,nflverse
Kendall Hunter,RB,RB,SF,2013,16,0,0,0,78,358,3,2,13,0,nflverse
Tandon Doss,WR,WR,BAL,2013,12,0,0,0,0,0,0,19,305,0,nflverse
Bilal Powell,RB,RB,NYJ,2013,16,30,0,0,176,697,1,36,272,0,nflverse
Julius Thomas,TE,TE,DEN,2013,14,0,0,0,0,0,0,65,788,12,nflverse
Jacquizz Rodgers,RB,RB,ATL,2013,15,0,0,0,96,332,2,52,341,2,nflverse
Denarius Moore,WR,WR,LV,2013,13,0,0,0,0,0,0,46,695,5,nflverse
Jeremy Kerley,WR,WR,NYJ,2013,12,0,0,0,4,11,0,43,523,3,nflverse
Charles Clay,TE,TE,MIA,2013,16,0,0,0,7,15,1,69,759,6,nflverse
Dwayne Harris,WR,WR,DAL,2013,13,0,0,0,1,6,0,9,80,2,nflverse
Aldrick Robinson,WR,WR,WAS,2013,13,0,0,0,3,-4,0,18,365,2,nflverse
Jordan Todman,RB,RB,JAX,2013,16,0,0,0,76,256,2,14,116,1,nflverse
Bruce Miller,FB,RB,SF,2013,13,0,0,0,7,13,0,25,243,0,nflverse
Matt Asiata,RB,RB,MIN,2013,6,0,0,0,44,166,3,5,13,0,nflverse
Andre Holmes,WR,WR,LV,2013,10,0,0,0,0,0,0,25,431,1,nflverse
Drew Davis,WR,WR,ATL,2013,12,0,0,0,0,0,0,12,216,2,nflverse
Michael Preston,WR,WR,TEN,2013,3,0,0,0,0,0,0,5,37,2,nflverse
Doug Baldwin,WR,WR,SEA,2013,16,0,0,0,2,6,0,50,778,5,nflverse
Scott Tolzien,QB,QB,GB,2013,3,717,1,5,5,55,1,0,0,0,nflverse
Kerry Taylor,WR,WR,JAX,2013,7,0,0,0,0,0,0,22,229,1,nflverse
Terrelle Pryor,WR,WR,LV,2013,11,1798,7,11,83,576,2,0,0,0,nflverse
Cory Harkey,TE,TE,LA,2013,10,0,0,0,0,0,0,13,113,2,nflverse
Case Keenum,QB,QB,HOU,2013,8,1760,9,6,14,72,1,0,0,0,nflverse
Stephen Hill,WR,WR,NYJ,2013,12,0,0,0,0,0,0,24,342,1,nflverse
Cole Beasley,WR,WR,DAL,2013,14,0,0,0,0,0,0,39,368,2,nflverse
Lance Dunbar,RB,RB,DAL,2013,8,0,0,0,30,150,0,7,59,0,nflverse
Griff Whalen,WR,WR,IND,2013,8,0,0,0,0,0,0,24,259,2,nflverse
Jarrett Boykin,WR,WR,GB,2013,15,0,0,0,0,0,0,49,681,3,nflverse
Rod Streater,WR,WR,LV,2013,16,0,0,0,2,17,0,60,888,4,nflverse
Alshon Jeffery,WR,WR,CHI,2013,16,0,0,0,16,105,0,89,1421,7,nflverse
Alfred Morris,RB,RB,WAS,2013,16,0,0,0,276,1275,7,9,78,0,nflverse
Mike Brown,WR,WR,JAX,2013,11,0,0,0,0,0,0,32,446,2,nflverse
Jermaine Kearse,WR,WR,SEA,2013,14,0,0,0,0,0,0,22,346,4,nflverse
Brandon Bolden,RB,RB,NE,2013,11,0,0,0,55,271,3,21,152,0,nflverse
Rueben Randle,WR,WR,NYG,2013,16,0,0,0,0,0,0,41,611,6,nflverse
Russell Wilson,QB,QB,SEA,2013,16,3357,26,9,96,539,1,0,0,0,nflverse
Bernard Pierce,RB,RB,BAL,2013,16,0,0,0,152,436,2,20,104,0,nflverse
Robert Turbin,RB,RB,SEA,2013,16,0,0,0,77,264,0,8,60,0,nflverse
Ladarius Green,TE,TE,LAC,2013,14,0,0,0,0,0,0,17,376,3,nflverse
Marvin Jones,WR,WR,CIN,2013,16,0,0,0,8,65,0,51,712,10,nflverse
Junior Hemingway,WR,WR,KC,2013,12,0,0,0,0,0,0,13,125,2,nflverse
Edwin Baker,RB,RB,CLE,2013,3,0,0,0,43,171,2,8,57,0,nflverse
Bobby Rainey,RB,RB,TB,2013,14,0,0,0,150,566,5,15,46,1,nflverse
Sean McGrath,TE,TE,KC,2013,13,0,0,0,0,0,0,26,302,2,nflverse
Keshawn Martin,WR,WR,HOU,2013,16,0,0,0,0,0,0,22,253,2,nflverse
Bryce Brown,RB,RB,PHI,2013,15,0,0,0,75,314,2,8,84,0,nflverse
Chris Polk,RB,RB,PHI,2013,8,0,0,0,11,98,3,4,61,0,nflverse
LaVon Brazill,WR,WR,IND,2013,9,0,0,0,0,0,0,12,161,2,nflverse
Nick Foles,QB,QB,PHI,2013,13,2891,27,2,57,221,3,0,0,0,nflverse
Jarius Wright,WR,WR,MIN,2013,15,0,0,0,0,0,0,26,434,3,nflverse
Rishard Matthews,WR,WR,MIA,2013,14,0,0,0,0,0,0,41,448,2,nflverse
Kirk Cousins,QB,QB,WAS,2013,5,854,4,7,4,14,0,0,0,0,nflverse
T.Y. Hilton,WR,WR,IND,2013,16,0,0,0,2,6,0,82,1083,5,nflverse
Daryl Richardson,RB,RB,LA,2013,7,0,0,0,69,215,0,14,121,0,nflverse
Doug Martin,RB,RB,TB,2013,6,0,0,0,127,456,1,12,66,0,nflverse
Chris Givens,WR,WR,LA,2013,16,0,0,0,3,8,0,34,569,0,nflverse
Lamar Miller,RB,RB,MIA,2013,16,0,0,0,177,709,2,26,170,0,nflverse
Mohamed Sanu,WR,WR,CIN,2013,16,25,0,0,4,16,0,47,455,2,nflverse
Michael Floyd,WR,WR,ARI,2013,16,0,0,0,0,0,0,65,1041,5,nflverse
Brian Quick,WR,WR,LA,2013,14,0,0,0,0,0,0,18,302,2,nflverse
Trevor Graham,WR,WR,BUF,2013,16,0,0,0,4,14,0,23,361,2,nflverse
Josh Gordon,WR,WR,CLE,2013,14,0,0,0,5,88,0,87,1646,9,nflverse
Robert Griffin III,QB,QB,WAS,2013,13,3203,16,12,86,489,0,0,0,0,nflverse
Andrew Luck,QB,QB,IND,2013,16,3822,23,9,63,377,4,0,0,0,nflverse
Trent Richardson,RB,RB,IND,2013,16,0,0,0,188,563,3,35,316,1,nflverse
Brandon Weeden,QB,QB,CLE,2013,8,1731,9,9,12,44,0,0,0,0,nflverse
Ronnie Hillman,RB,RB,DEN,2013,9,0,0,0,55,218,1,12,119,0,nflverse
Coby Fleener,TE,TE,IND,2013,16,0,0,0,0,0,0,52,608,4,nflverse
Ryan Tannehill,QB,QB,MIA,2013,16,3913,24,17,40,238,1,0,0,0,nflverse
Justin Blackmon,WR,WR,JAX,2013,4,0,0,0,1,-1,0,29,415,1,nflverse
Kendall Wright,WR,WR,TEN,2013,16,0,0,0,0,0,0,94,1079,2,nflverse
Fozzy Whittaker,RB,RB,CLE,2013,13,0,0,0,28,79,0,21,155,2,nflverse
Darius Johnson,WR,WR,ATL,2013,10,0,0,0,0,0,0,22,210,1,nflverse
Benny Cunningham,RB,RB,LA,2013,14,0,0,0,47,261,1,6,59,0,nflverse
Joseph Fauria,TE,TE,DET,2013,13,0,0,0,0,0,0,18,207,7,nflverse
Timothy Wright,TE,TE,TB,2013,14,0,0,0,1,2,0,54,571,5,nflverse
Kenbrell Thompkins,WR,WR,NE,2013,11,0,0,0,0,0,0,32,466,4,nflverse
Da'Rick Rogers,WR,WR,IND,2013,4,0,0,0,1,0,0,14,192,2,nflverse
Zach Ertz,TE,TE,PHI,2013,15,0,0,0,0,0,0,36,469,4,nflverse
Marquise Goodwin,WR,WR,BUF,2013,12,0,0,0,3,13,0,17,283,3,nflverse
Kenny Stills,WR,WR,NO,2013,16,0,0,0,3,10,0,32,641,5,nflverse
Luke Willson,TE,TE,SEA,2013,13,0,0,0,0,0,0,20,272,1,nflverse
Ryan Griffin,TE,TE,HOU,2013,11,0,0,0,0,0,0,19,244,1,nflverse
Dennis Johnson,RB,RB,HOU,2013,8,0,0,0,49,183,0,8,46,0,nflverse
Keenan Allen,WR,WR,LAC,2013,15,0,0,0,0,0,0,71,1046,8,nflverse
Knile Davis,RB,RB,KC,2013,16,0,0,0,70,242,4,11,75,0,nflverse
Andre Ellington,RB,RB,ARI,2013,15,0,0,0,118,652,3,39,371,1,nflverse
Khiry Robinson,RB,RB,NO,2013,10,0,0,0,54,224,1,0,0,0,nflverse
Joseph Randle,RB,RB,DAL,2013,7,0,0,0,54,164,2,8,61,0,nflverse
Mike James,RB,RB,TB,2013,7,2,1,0,60,295,0,10,43,0,nflverse
Marlon Brown,WR,WR,BAL,2013,14,0,0,0,1,-2,0,49,524,7,nflverse
Matt McGloin,QB,QB,LV,2013,7,1547,8,8,11,27,0,0,0,0,nflverse
Robert Woods,WR,WR,BUF,2013,14,0,0,0,2,16,0,40,587,3,nflverse
Levine Toilolo,TE,TE,ATL,2013,10,0,0,0,0,0,0,11,55,2,nflverse
Giovani Bernard,RB,RB,CIN,2013,16,0,0,0,170,695,5,56,514,3,nflverse
Jordan Reed,TE,TE,WAS,2013,9,0,0,0,1,18,0,45,499,3,nflverse
Eddie Lacy,RB,RB,GB,2013,15,0,0,0,284,1178,11,35,257,0,nflverse
Le'Veon Bell,RB,RB,PIT,2013,13,0,0,0,244,860,8,45,399,0,nflverse
Mychal Rivera,TE,TE,LV,2013,16,0,0,0,0,0,0,38,407,4,nflverse
Mike Glennon,QB,QB,TB,2013,13,2608,19,9,27,37,0,0,0,0,nflverse
Justin Hunter,WR,WR,TEN,2013,13,0,0,0,0,0,0,18,354,4,nflverse
Montee Ball,RB,RB,DEN,2013,16,0,0,0,120,559,4,20,145,0,nflverse
Tavon Austin,WR,WR,LA,2013,13,0,0,0,9,151,1,40,418,4,nflverse
EJ Manuel,QB,QB,BUF,2013,10,1972,11,9,53,186,2,0,0,0,nflverse
Stedman Bailey,WR,WR,LA,2013,11,0,0,0,2,33,1,17,226,0,nflverse
Zac Stacy,RB,RB,LA,2013,13,0,0,0,250,973,7,26,141,1,nflverse
Aaron Dobson,WR,WR,NE,2013,11,0,0,0,0,0,0,37,519,4,nflverse
Terrance Williams,WR,WR,DAL,2013,15,0,0,0,3,4,0,44,736,5,nflverse
Gavin Escobar,TE,TE,DAL,2013,9,0,0,0,0,0,0,9,134,2,nflverse
Tyler Eifert,TE,TE,CIN,2013,15,0,0,0,0,0,0,39,445,2,nflverse
Ace Sanders,WR,WR,JAX,2013,15,21,1,0,2,4,0,51,484,1,nflverse
DeAndre Hopkins,WR,WR,HOU,2013,16,0,0,0,0,0,0,52,802,2,nflverse
Geno Smith,QB,QB,NYJ,2013,16,3046,12,21,72,366,6,1,13,0,nflverse
Cordarrelle Patterson,RB,RB,MIN,2013,16,0,0,0,12,158,3,45,469,4,nflverse
Peyton Manning,QB,QB,DEN,2014,16,4727,39,15,24,-24,0,0,0,0,nflverse
Tom Brady,QB,QB,NE,2014,16,4109,33,9,36,57,0,0,0,0,nflverse
Mike Vick,QB,QB,NYJ,2014,9,604,3,2,26,153,0,0,0,0,nflverse
Steve Smith,WR,WR,BAL,2014,16,0,0,0,0,0,0,79,1065,6,nflverse
Reggie Wayne,WR,WR,IND,2014,15,0,0,0,0,0,0,64,779,2,nflverse
Drew Brees,QB,QB,NO,2014,16,4952,33,17,27,68,1,1,1,0,nflverse
Shaun Hill,QB,QB,LA,2014,8,1657,8,7,10,10,1,1,0,0,nflverse
Josh McCown,QB,QB,TB,2014,11,2206,11,14,25,127,3,0,0,0,nflverse
Carson Palmer,QB,QB,ARI,2014,6,1626,11,3,8,25,0,0,0,0,nflverse
Antonio Gates,TE,TE,LAC,2014,16,0,0,0,0,0,0,69,821,12,nflverse
Tony Romo,QB,QB,DAL,2014,15,3705,34,9,26,61,0,0,0,0,nflverse
Andre Johnson,WR,WR,HOU,2014,15,0,0,0,0,0,0,85,936,3,nflverse
Anquan Boldin,WR,WR,SF,2014,16,0,0,0,1,4,0,83,1062,5,nflverse
Brandon Lloyd,WR,WR,SF,2014,12,0,0,0,0,0,0,14,294,1,nflverse
Jason Witten,TE,TE,DAL,2014,16,0,0,0,0,0,0,64,703,5,nflverse
Malcom Floyd,WR,WR,LAC,2014,16,0,0,0,0,0,0,52,856,6,nflverse
Wes Welker,WR,WR,DEN,2014,14,0,0,0,0,0,0,49,464,2,nflverse
Steven Jackson,RB,RB,ATL,2014,15,0,0,0,190,707,6,20,148,0,nflverse
Eli Manning,QB,QB,NYG,2014,16,4410,30,14,12,31,1,0,0,0,nflverse
Jerricho Cotchery,WR,WR,CAR,2014,15,0,0,0,0,0,0,48,580,1,nflverse
Larry Fitzgerald,WR,WR,ARI,2014,14,0,0,0,0,0,0,63,784,2,nflverse
Ben Roethlisberger,QB,QB,PIT,2014,16,4952,32,9,33,27,0,0,-6,0,nflverse
Philip Rivers,QB,QB,LAC,2014,16,4286,31,18,37,102,0,0,0,0,nflverse
Benjamin Watson,TE,TE,NO,2014,15,0,0,0,0,0,0,20,136,2,nflverse
Lance Moore,WR,WR,PIT,2014,11,0,0,0,0,0,0,14,198,2,nflverse
Nate Washington,WR,WR,TEN,2014,16,0,0,0,0,0,0,40,647,2,nflverse
Alex Smith,QB,QB,KC,2014,15,3265,18,6,49,254,1,0,0,0,nflverse
Aaron Rodgers,QB,QB,GB,2014,16,4381,38,5,43,269,2,0,0,0,nflverse
Roddy White,WR,WR,ATL,2014,14,0,0,0,0,0,0,80,921,7,nflverse
Heath Miller,TE,TE,PIT,2014,16,0,0,0,0,0,0,66,761,3,nflverse
Vincent Jackson,WR,WR,TB,2014,16,0,0,0,0,0,0,70,1002,2,nflverse
Frank Gore,RB,RB,SF,2014,16,0,0,0,255,1106,4,11,111,1,nflverse
Kyle Orton,QB,QB,BUF,2014,12,3018,18,10,15,14,1,0,0,0,nflverse
Darren Sproles,RB,RB,PHI,2014,15,0,0,0,57,329,6,40,387,0,nflverse
Derek Anderson,QB,QB,CAR,2014,5,701,5,0,8,24,0,0,0,0,nflverse
Matt Cassel,QB,QB,MIN,2014,3,425,3,4,9,18,0,0,0,0,nflverse
Ryan Fitzpatrick,QB,QB,HOU,2014,12,2483,17,8,50,184,2,0,0,0,nflverse
Daniel Fells,TE,TE,NYG,2014,13,0,0,0,0,0,0,16,188,4,nflverse
Miles Austin,WR,WR,CLE,2014,12,0,0,0,0,0,0,47,568,2,nflverse
Fred Jackson,RB,RB,BUF,2014,14,0,0,0,141,525,2,66,501,1,nflverse
Reggie Bush,RB,RB,DET,2014,11,0,0,0,76,297,2,40,253,0,nflverse
Vernon Davis,TE,TE,SF,2014,13,0,0,0,1,4,0,26,245,2,nflverse
Jay Cutler,QB,QB,CHI,2014,15,3812,28,18,39,191,2,0,0,0,nflverse
DeAngelo Williams,RB,RB,CAR,2014,6,0,0,0,62,219,0,5,44,0,nflverse
Marcedes Lewis,TE,TE,JAX,2014,8,0,0,0,0,0,0,18,206,2,nflverse
Greg Jennings,WR,WR,MIN,2014,16,0,0,0,0,0,0,59,742,6,nflverse
Anthony Fasano,TE,TE,KC,2014,14,0,0,0,0,0,0,25,226,4,nflverse
Devin Hester,WR,WR,ATL,2014,16,0,0,0,6,36,1,38,504,2,nflverse
Charlie Whitehurst,QB,QB,TEN,2014,7,1326,7,2,20,90,0,0,10,0,nflverse
Derek Hagan,WR,WR,TEN,2014,11,0,0,0,0,0,0,19,254,1,nflverse
Owen Daniels,TE,TE,BAL,2014,15,0,0,0,0,0,0,48,527,4,nflverse
Jason Avant,WR,WR,KC,2014,15,0,0,0,1,1,0,34,353,1,nflverse
Leon Washington,RB,RB,TEN,2014,14,0,0,0,13,57,0,22,159,2,nflverse
Brandon Marshall,WR,WR,CHI,2014,13,0,0,0,0,0,0,61,721,8,nflverse
Delanie Walker,TE,TE,TEN,2014,15,0,0,0,0,0,0,63,890,4,nflverse
Marques Colston,WR,WR,NO,2014,15,0,0,0,0,0,0,59,902,5,nflverse
Eric Weems,WR,WR,ATL,2014,10,0,0,0,0,0,0,10,102,2,nflverse
Pierre Thomas,RB,RB,NO,2014,11,0,0,0,45,222,2,45,378,1,nflverse
Calvin Johnson,WR,WR,DET,2014,13,0,0,0,0,0,0,71,1077,8,nflverse
Marshawn Lynch,RB,RB,SEA,2014,16,0,0,0,280,1306,13,37,367,4,nflverse
Dwayne Bowe,WR,WR,KC,2014,15,0,0,0,0,0,0,60,754,0,nflverse
Greg Olsen,TE,TE,CAR,2014,16,0,0,0,0,0,0,84,1008,6,nflverse
Drew Stanton,QB,QB,ARI,2014,9,1711,7,5,25,63,0,0,0,0,nflverse
James Jones,WR,WR,LV,2014,16,0,0,0,0,0,0,73,666,6,nflverse
Scott Chandler,TE,TE,BUF,2014,16,0,0,0,0,0,0,47,497,3,nflverse
Brent Celek,TE,TE,PHI,2014,16,0,0,0,0,0,0,32,340,1,nflverse
Ahmad Bradshaw,RB,RB,IND,2014,10,0,0,0,90,425,2,38,300,6,nflverse
Danny Amendola,WR,WR,NE,2014,15,0,0,0,0,0,0,27,200,1,nflverse
Matt Ryan,QB,QB,ATL,2014,16,4694,28,14,29,145,0,0,0,0,nflverse
Darren McFadden,RB,RB,LV,2014,16,0,0,0,155,534,2,36,212,0,nflverse
Jonathan Stewart,RB,RB,CAR,2014,13,0,0,0,175,809,3,25,181,1,nflverse
Joe Flacco,QB,QB,BAL,2014,16,3986,27,12,39,70,2,0,0,0,nflverse
Chris Johnson,RB,RB,NYJ,2014,16,0,0,0,155,663,1,24,151,1,nflverse
Jordy Nelson,WR,WR,GB,2014,16,0,0,0,0,0,0,98,1519,13,nflverse
John Carlson,TE,TE,ARI,2014,16,0,0,0,0,0,0,33,350,1,nflverse
Eddie Royal,WR,WR,LAC,2014,16,0,0,0,3,14,0,62,778,7,nflverse
Matt Forte,RB,RB,CHI,2014,16,0,0,0,266,1038,6,102,808,4,nflverse
DeSean Jackson,WR,WR,WAS,2014,15,0,0,0,4,7,0,56,1169,6,nflverse
Chad Henne,QB,QB,JAX,2014,3,492,3,1,4,25,0,0,0,0,nflverse
Martellus Bennett,TE,TE,CHI,2014,16,0,0,0,0,0,0,90,916,6,nflverse
Jamaal Charles,RB,RB,KC,2014,15,0,0,0,206,1033,9,40,291,5,nflverse
Harry Douglas,WR,WR,ATL,2014,12,0,0,0,0,0,0,51,556,2,nflverse
Jacob Tamme,TE,TE,DEN,2014,13,0,0,0,0,0,0,14,109,2,nflverse
Pierre Garcon,WR,WR,WAS,2014,16,0,0,0,0,0,0,68,752,3,nflverse
Steve Johnson,WR,WR,SF,2014,13,0,0,0,0,0,0,35,435,3,nflverse
Peyton Hillis,RB,RB,NYG,2014,8,0,0,0,26,115,0,10,87,0,nflverse
Justin Forsett,RB,RB,BAL,2014,16,0,0,0,235,1266,8,44,263,0,nflverse
Marcel Reece,FB,RB,LV,2014,15,0,0,0,21,85,0,37,265,1,nflverse
Matthew Stafford,QB,QB,DET,2014,16,4257,22,12,43,93,2,0,0,0,nflverse
Brian Hoyer,QB,QB,CLE,2014,14,3326,12,13,24,39,0,0,0,0,nflverse
Arian Foster,RB,RB,HOU,2014,13,5,1,0,260,1246,8,38,327,5,nflverse
Darrel Young,FB,RB,WAS,2014,15,0,0,0,9,22,3,11,81,2,nflverse
Antone Smith,RB,RB,ATL,2014,10,0,0,0,23,144,2,13,222,3,nflverse
Mark Sanchez,QB,QB,PHI,2014,9,2418,14,11,34,87,1,0,0,0,nflverse
Shonn Greene,RB,RB,TEN,2014,13,0,0,0,94,392,2,1,13,0,nflverse
Mike Wallace,WR,WR,MIA,2014,16,0,0,0,4,16,0,67,862,10,nflverse
Brandon Gibson,WR,WR,MIA,2014,14,0,0,0,0,0,0,29,295,1,nflverse
Michael Crabtree,WR,WR,SF,2014,16,0,0,0,1,4,0,68,698,4,nflverse
Jeremy Maclin,WR,WR,PHI,2014,16,0,0,0,0,0,0,85,1318,10,nflverse
Percy Harvin,WR,WR,NYJ,2014,13,0,0,0,33,202,1,51,483,1,nflverse
Donald Brown,RB,RB,LAC,2014,13,0,0,0,85,223,0,29,211,0,nflverse
Hakeem Nicks,WR,WR,IND,2014,15,0,0,0,0,0,0,38,405,4,nflverse
Kenny Britt,WR,WR,LA,2014,16,0,0,0,2,14,0,48,748,3,nflverse
LeSean McCoy,RB,RB,PHI,2014,16,0,0,0,312,1319,5,28,155,0,nflverse
Brandon Tate,WR,WR,CIN,2014,15,0,0,0,3,21,0,17,193,1,nflverse
Jared Cook,TE,TE,LA,2014,16,0,0,0,1,0,0,52,634,3,nflverse
Brian Hartline,WR,WR,MIA,2014,16,0,0,0,0,0,0,39,474,2,nflverse
Louis Murphy,WR,WR,TB,2014,11,0,0,0,0,0,0,31,380,2,nflverse
James Casey,TE,TE,PHI,2014,9,0,0,0,0,0,0,3,59,2,nflverse
Julian Edelman,WR,WR,NE,2014,14,0,0,0,10,94,0,92,972,4,nflverse
Rashad Jennings,RB,RB,NYG,2014,11,0,0,0,167,639,4,30,226,0,nflverse
Joique Bell,RB,RB,DET,2014,15,0,0,0,223,860,7,34,322,1,nflverse
Victor Cruz,WR,WR,NYG,2014,6,0,0,0,0,0,0,23,337,1,nflverse
Jeff Cumberland,TE,TE,NYJ,2014,16,0,0,0,0,0,0,23,247,3,nflverse
LeGarrette Blount,RB,RB,NE,2014,15,0,0,0,125,547,5,10,54,0,nflverse
Preston Parker,WR,WR,NYG,2014,16,0,0,0,0,0,0,36,418,2,nflverse
Chris Ivory,RB,RB,NYJ,2014,16,0,0,0,198,821,6,18,123,1,nflverse
Dexter McCluster,WR,WR,TEN,2014,13,0,0,0,40,131,0,26,197,1,nflverse
Rob Gronkowski,TE,TE,NE,2014,15,0,0,0,0,0,0,82,1124,12,nflverse
Brandon LaFell,WR,WR,NE,2014,16,0,0,0,2,13,0,74,953,7,nflverse
Emmanuel Sanders,WR,WR,DEN,2014,16,0,0,0,8,44,0,101,1404,9,nflverse
Colt McCoy,QB,QB,WAS,2014,5,1057,4,3,16,66,1,0,0,0,nflverse
Eric Decker,WR,WR,NYJ,2014,15,0,0,0,0,0,0,74,962,5,nflverse
Andre Roberts,WR,WR,WAS,2014,16,0,0,0,2,21,0,36,453,2,nflverse
Jimmy Graham,TE,TE,NO,2014,15,0,0,0,0,0,0,85,889,10,nflverse
Joe McKnight,RB,RB,KC,2014,1,0,0,0,1,3,0,6,64,2,nflverse
Clay Harbor,TE,TE,JAX,2014,10,0,0,0,0,0,0,26,289,1,nflverse
Andrew Quarless,TE,TE,GB,2014,16,0,0,0,0,0,0,29,323,3,nflverse
Riley Cooper,WR,WR,PHI,2014,16,0,0,0,0,0,0,55,577,3,nflverse
Anthony Dixon,RB,RB,BUF,2014,14,0,0,0,105,432,2,8,49,0,nflverse
James Starks,RB,RB,GB,2014,14,0,0,0,85,333,2,18,140,0,nflverse
Antonio Brown,WR,WR,PIT,2014,16,20,1,0,4,13,0,129,1698,13,nflverse
Jim Dray,TE,TE,CLE,2014,13,0,0,0,0,0,0,17,242,1,nflverse
C.J. Spiller,RB,RB,BUF,2014,9,0,0,0,78,300,0,19,125,1,nflverse
Ryan Mathews,RB,RB,LAC,2014,6,0,0,0,74,330,3,9,69,0,nflverse
Jermaine Gresham,TE,TE,CIN,2014,15,0,0,0,0,0,0,62,460,5,nflverse
Demaryius Thomas,WR,WR,DEN,2014,16,0,0,0,0,0,0,111,1619,11,nflverse
Toby Gerhart,RB,RB,JAX,2014,14,0,0,0,101,326,2,20,186,0,nflverse
Ben Tate,RB,RB,MIN,2014,11,0,0,0,119,371,4,9,60,0,nflverse
Golden Tate,WR,WR,DET,2014,16,0,0,0,5,30,0,99,1331,4,nflverse
Dez Bryant,WR,WR,DAL,2014,16,0,0,0,0,0,0,88,1320,16,nflverse
Andrew Hawkins,WR,WR,CLE,2014,15,0,0,0,3,15,0,63,824,2,nflverse
Cam Newton,QB,QB,CAR,2014,14,3127,18,12,103,539,5,0,0,0,nflverse
A.J. Green,WR,WR,CIN,2014,12,0,0,0,2,2,0,69,1041,6,nflverse
Julio Jones,WR,WR,ATL,2014,15,0,0,0,1,1,0,104,1593,6,nflverse
Jake Locker,QB,QB,TEN,2014,7,993,5,7,22,142,1,0,0,0,nflverse
Mark Ingram,RB,RB,NO,2014,13,0,0,0,226,964,9,29,145,0,nflverse
Andy Dalton,QB,QB,CIN,2014,16,3398,19,17,60,169,4,1,18,1,nflverse
Colin Kaepernick,QB,QB,SF,2014,16,3369,19,10,104,639,1,0,0,0,nflverse
Kyle Rudolph,TE,TE,MIN,2014,9,0,0,0,0,0,0,24,231,2,nflverse
Lance Kendricks,TE,TE,LA,2014,16,0,0,0,0,0,0,27,259,5,nflverse
Shane Vereen,RB,RB,NE,2014,16,0,0,0,96,391,2,52,447,3,nflverse
Torrey Smith,WR,WR,BAL,2014,15,0,0,0,0,0,0,49,767,11,nflverse
Daniel Thomas,RB,RB,MIA,2014,12,0,0,0,44,168,2,13,121,0,nflverse
Randall Cobb,WR,WR,GB,2014,16,0,0,0,11,37,0,91,1287,12,nflverse
DeMarco Murray,RB,RB,DAL,2014,16,0,0,0,392,1845,13,57,416,0,nflverse
Stevan Ridley,RB,RB,NE,2014,6,0,0,0,94,340,2,4,20,0,nflverse
Jordan Cameron,TE,TE,CLE,2014,10,0,0,0,0,0,0,24,424,2,nflverse
Roy Helu,RB,RB,WAS,2014,13,0,0,0,40,216,1,42,477,2,nflverse
Cecil Shorts,WR,WR,JAX,2014,13,32,1,0,0,0,0,53,557,1,nflverse
Bilal Powell,RB,RB,NYJ,2014,15,0,0,0,33,141,1,11,92,0,nflverse
Julius Thomas,TE,TE,DEN,2014,12,0,0,0,0,0,0,43,489,12,nflverse
Jacquizz Rodgers,RB,RB,ATL,2014,16,0,0,0,58,217,1,29,173,1,nflverse
Jeremy Kerley,WR,WR,NYJ,2014,16,0,0,0,4,86,0,38,409,1,nflverse
Niles Paul,TE,TE,WAS,2014,16,0,0,0,0,0,0,39,507,1,nflverse
Charles Clay,TE,TE,MIA,2014,14,0,0,0,0,0,0,58,605,3,nflverse
Jordan Todman,RB,RB,JAX,2014,16,0,0,0,32,186,1,25,198,1,nflverse
Bruce Miller,FB,RB,SF,2014,15,0,0,0,6,9,0,18,189,2,nflverse
Matt Asiata,RB,RB,MIN,2014,15,0,0,0,164,570,9,44,312,1,nflverse
Chris Hogan,WR,WR,BUF,2014,13,0,0,0,0,0,0,41,426,4,nflverse
Jeremy Ross,WR,WR,DET,2014,16,0,0,0,2,-1,0,24,314,1,nflverse
Andre Holmes,WR,WR,LV,2014,16,0,0,0,0,0,0,47,693,4,nflverse
Doug Baldwin,WR,WR,SEA,2014,16,0,0,0,1,8,0,66,825,3,nflverse
Ricardo Lockette,WR,WR,SEA,2014,16,0,0,0,1,2,0,11,195,2,nflverse
Kamar Aiken,WR,WR,BAL,2014,13,0,0,0,0,0,0,24,267,3,nflverse
Larry Donnell,TE,TE,NYG,2014,16,0,0,0,0,0,0,63,623,6,nflverse
Chris Owusu,WR,WR,NYJ,2014,6,0,0,0,1,23,1,6,78,1,nflverse
Austin Davis,QB,QB,LA,2014,9,2001,12,9,16,36,0,0,0,0,nflverse
Cole Beasley,WR,WR,DAL,2014,15,0,0,0,0,0,0,37,420,4,nflverse
Lance Dunbar,RB,RB,DAL,2014,15,0,0,0,29,99,0,18,217,0,nflverse
Jonas Gray,RB,RB,NE,2014,8,0,0,0,89,412,5,1,7,0,nflverse
Alshon Jeffery,WR,WR,CHI,2014,16,0,0,0,6,33,0,85,1133,10,nflverse
Alfred Morris,RB,RB,WAS,2014,16,0,0,0,265,1074,8,17,155,0,nflverse
Jermaine Kearse,WR,WR,SEA,2014,15,17,0,0,2,15,0,38,537,1,nflverse
Travaris Cadet,RB,RB,NO,2014,14,0,0,0,10,32,0,38,296,1,nflverse
Rueben Randle,WR,WR,NYG,2014,16,0,0,0,0,0,0,71,938,3,nflverse
Russell Wilson,QB,QB,SEA,2014,16,3475,20,7,118,849,6,1,17,0,nflverse
Bernard Pierce,RB,RB,BAL,2014,13,0,0,0,93,366,2,2,13,0,nflverse
Travis Benjamin,WR,WR,CLE,2014,16,0,0,0,3,11,0,18,314,3,nflverse
Robert Turbin,RB,RB,SEA,2014,16,0,0,0,74,310,0,16,186,2,nflverse
Ladarius Green,TE,TE,LAC,2014,10,0,0,0,0,0,0,19,226,0,nflverse
Bobby Rainey,RB,RB,TB,2014,15,0,0,0,94,406,1,33,315,1,nflverse
Bryce Brown,RB,RB,BUF,2014,7,0,0,0,36,126,0,16,176,0,nflverse
Chase Ford,TE,TE,MIN,2014,10,0,0,0,0,0,0,23,258,1,nflverse
Damaris Johnson,WR,WR,HOU,2014,16,0,0,0,5,19,0,31,331,1,nflverse
Chris Polk,RB,RB,PHI,2014,11,0,0,0,46,172,4,2,16,0,nflverse
Jamize Olawale,RB,RB,LV,2014,10,0,0,0,2,0,0,5,18,2,nflverse
Jonathan Grimes,RB,RB,HOU,2014,12,0,0,0,39,153,0,6,86,0,nflverse
Ryan Lindley,QB,QB,ARI,2014,3,562,2,4,0,0,0,0,0,0,nflverse
Cooper Helfet,TE,TE,SEA,2014,8,0,0,0,0,0,0,12,185,2,nflverse
Nick Foles,QB,QB,PHI,2014,8,2163,13,10,16,68,0,0,0,0,nflverse
Jarius Wright,WR,WR,MIN,2014,15,0,0,0,5,71,0,42,588,2,nflverse
Rishard Matthews,WR,WR,MIA,2014,11,0,0,0,1,3,0,12,135,2,nflverse
Rhett Ellison,TE,TE,MIN,2014,14,0,0,0,0,0,0,19,208,1,nflverse
Dan Herron,RB,RB,IND,2014,14,0,0,0,78,351,1,21,173,0,nflverse
Kirk Cousins,QB,QB,WAS,2014,6,1710,10,9,7,20,0,0,0,0,nflverse
T.Y. Hilton,WR,WR,IND,2014,15,0,0,0,2,20,0,82,1345,7,nflverse
Doug Martin,RB,RB,TB,2014,11,0,0,0,134,494,2,13,64,0,nflverse
Lamar Miller,RB,RB,MIA,2014,16,0,0,0,216,1099,8,38,275,1,nflverse
Mohamed Sanu,WR,WR,CIN,2014,16,79,1,0,7,51,0,56,790,5,nflverse
Michael Floyd,WR,WR,ARI,2014,16,0,0,0,1,2,0,47,841,6,nflverse
Brian Quick,WR,WR,LA,2014,7,0,0,0,0,0,0,25,375,3,nflverse
Josh Gordon,WR,WR,CLE,2014,5,0,0,0,0,0,0,24,303,0,nflverse
Robert Griffin III,QB,QB,WAS,2014,9,1694,4,6,38,176,1,0,0,0,nflverse
Nick Toon,WR,WR,NO,2014,6,0,0,0,1,4,0,17,215,1,nflverse
Andrew Luck,QB,QB,IND,2014,16,4761,40,16,64,273,3,0,0,0,nflverse
Trent Richardson,RB,RB,IND,2014,15,0,0,0,159,519,3,27,229,0,nflverse
Brandon Weeden,QB,QB,DAL,2014,4,303,3,2,6,-1,0,0,0,0,nflverse
Ronnie Hillman,RB,RB,DEN,2014,8,0,0,0,106,434,3,21,139,1,nflverse
Dwayne Allen,TE,TE,IND,2014,12,0,0,0,0,0,0,29,395,8,nflverse
Coby Fleener,TE,TE,IND,2014,16,0,0,0,0,0,0,51,774,8,nflverse
Ryan Tannehill,QB,QB,MIA,2014,16,4045,27,12,56,311,1,1,-4,0,nflverse
Kendall Wright,WR,WR,TEN,2014,14,0,0,0,4,54,0,57,715,6,nflverse
Fozzy Whittaker,RB,RB,CAR,2014,8,0,0,0,32,145,1,5,60,1,nflverse
Benny Cunningham,RB,RB,LA,2014,16,0,0,0,66,246,3,45,352,1,nflverse
C.J. Anderson,RB,RB,DEN,2014,14,0,0,0,179,849,8,34,324,2,nflverse
Timothy Wright,TE,TE,NE,2014,13,0,0,0,1,-2,0,26,259,6,nflverse
Kenbrell Thompkins,WR,WR,LV,2014,13,0,0,0,2,5,0,21,262,0,nflverse
Zach Ertz,TE,TE,PHI,2014,16,0,0,0,0,0,0,58,702,3,nflverse
Kenny Stills,WR,WR,NO,2014,15,0,0,0,1,-2,0,63,931,3,nflverse
Luke Willson,TE,TE,SEA,2014,13,0,0,0,0,0,0,22,362,3,nflverse
Corey Fuller,WR,WR,DET,2014,13,0,0,0,0,0,0,14,212,1,nflverse
Theo Riddick,RB,RB,DET,2014,13,0,0,0,20,51,0,34,316,4,nflverse
Charles D. Johnson,WR,WR,MIN,2014,11,0,0,0,1,-11,0,31,475,2,nflverse
Kerwynn Williams,RB,RB,ARI,2014,4,0,0,0,53,246,0,2,11,0,nflverse
Jack Doyle,TE,TE,IND,2014,11,0,0,0,0,0,0,18,118,2,nflverse
Josh Hill,TE,TE,NO,2014,14,0,0,0,0,0,0,14,176,5,nflverse
Keenan Allen,WR,WR,LAC,2014,14,0,0,0,0,0,0,77,783,4,nflverse
Knile Davis,RB,RB,KC,2014,16,0,0,0,134,463,6,16,147,1,nflverse
Stepfan Taylor,RB,RB,ARI,2014,12,0,0,0,63,208,1,11,79,3,nflverse
Andre Ellington,RB,RB,ARI,2014,12,0,0,0,201,660,3,46,395,2,nflverse
Jaron Brown,WR,WR,ARI,2014,14,0,0,0,0,0,0,22,229,2,nflverse
Khiry Robinson,RB,RB,NO,2014,9,0,0,0,76,362,3,8,63,0,nflverse
Joseph Randle,RB,RB,DAL,2014,14,0,0,0,51,343,3,4,23,0,nflverse
Marlon Brown,WR,WR,BAL,2014,13,0,0,0,0,0,0,24,255,0,nflverse
Dion Sims,TE,TE,MIA,2014,14,0,0,0,0,0,0,24,284,2,nflverse
Robert Woods,WR,WR,BUF,2014,16,0,0,0,0,0,0,65,699,5,nflverse
Levine Toilolo,TE,TE,ATL,2014,15,0,0,0,0,0,0,31,238,2,nflverse
Giovani Bernard,RB,RB,CIN,2014,13,0,0,0,168,680,5,43,349,2,nflverse
Markus Wheaton,WR,WR,PIT,2014,16,0,0,0,4,19,0,53,644,2,nflverse
Jordan Reed,TE,TE,WAS,2014,11,0,0,0,0,0,0,50,465,0,nflverse
Eddie Lacy,RB,RB,GB,2014,16,0,0,0,246,1139,9,42,427,4,nflverse
Le'Veon Bell,RB,RB,PIT,2014,16,0,0,0,290,1361,8,83,854,3,nflverse
Travis Kelce,TE,TE,KC,2014,16,0,0,0,0,0,0,67,862,5,nflverse
Latavius Murray,RB,RB,LV,2014,13,0,0,0,82,424,2,17,143,0,nflverse
Mychal Rivera,TE,TE,LV,2014,16,0,0,0,0,0,0,58,534,4,nflverse
Brice Butler,WR,WR,LV,2014,14,0,0,0,0,0,0,21,280,2,nflverse
Mike Glennon,QB,QB,TB,2014,6,1417,10,6,10,49,0,0,0,0,nflverse
Justin Hunter,WR,WR,TEN,2014,12,0,0,0,0,0,0,28,498,3,nflverse
Montee Ball,RB,RB,DEN,2014,5,0,0,0,55,172,1,9,62,0,nflverse
Tavon Austin,WR,WR,LA,2014,15,0,0,0,36,224,2,31,242,0,nflverse
EJ Manuel,QB,QB,BUF,2014,4,838,5,3,16,52,1,0,0,0,nflverse
Stedman Bailey,WR,WR,LA,2014,13,0,0,0,1,13,0,30,435,1,nflverse
Zac Stacy,RB,RB,LA,2014,9,0,0,0,76,293,1,18,152,0,nflverse
Terrance Williams,WR,WR,DAL,2014,15,0,0,0,0,0,0,37,621,8,nflverse
Gavin Escobar,TE,TE,DAL,2014,12,0,0,0,0,0,0,9,105,4,nflverse
Denard Robinson,RB,RB,JAX,2014,13,0,0,0,135,582,4,23,124,0,nflverse
DeAndre Hopkins,WR,WR,HOU,2014,16,0,0,0,0,0,0,76,1210,6,nflverse
Geno Smith,QB,QB,NYJ,2014,14,2525,13,13,59,238,1,0,0,0,nflverse
Cordarrelle Patterson,RB,RB,MIN,2014,16,0,0,0,10,117,1,33,384,1,nflverse
Isaiah Crowell,RB,RB,CLE,2014,15,0,0,0,148,607,8,9,87,0,nflverse
Albert Wilson,WR,WR,KC,2014,10,0,0,0,0,0,0,16,260,0,nflverse
Juwan Thompson,RB,RB,DEN,2014,12,0,0,0,54,272,3,4,25,0,nflverse
Allen Hurns,WR,WR,JAX,2014,16,0,0,0,0,0,0,51,677,6,nflverse
Damien Williams,RB,RB,MIA,2014,15,0,0,0,36,122,0,21,187,1,nflverse
Jace Amaro,TE,TE,NYJ,2014,14,0,0,0,0,0,0,38,345,2,nflverse
Carlos Hyde,RB,RB,SF,2014,14,0,0,0,83,333,4,12,68,0,nflverse
John Brown,WR,WR,ARI,2014,16,0,0,0,3,-6,0,48,696,5,nflverse
Andre Williams,RB,RB,NYG,2014,16,0,0,0,217,721,7,18,130,0,nflverse
Ka'Deem Carey,RB,RB,CHI,2014,11,0,0,0,36,158,0,5,57,0,nflverse
De'Anthony Thomas,WR,WR,KC,2014,12,0,0,0,14,113,1,23,156,0,nflverse
Lorenzo Taliaferro,RB,RB,BAL,2014,12,0,0,0,68,292,4,8,114,0,nflverse
Alfred Blue,RB,RB,HOU,2014,16,0,0,0,169,528,2,15,113,1,nflverse
Corey Brown,WR,WR,CAR,2014,13,0,0,0,8,95,0,21,296,2,nflverse
Taylor Gabriel,WR,WR,CLE,2014,16,0,0,0,4,10,0,36,621,1,nflverse
Odell Beckham Jr.,WR,WR,NYG,2014,12,0,0,0,7,35,0,91,1305,12,nflverse
Brandin Cooks,WR,WR,NO,2014,10,0,0,0,7,73,1,53,550,3,nflverse
Teddy Bridgewater,QB,QB,MIN,2014,13,2919,14,12,47,209,1,0,0,0,nflverse
Storm Johnson,RB,RB,JAX,2014,5,0,0,0,29,86,2,1,-4,0,nflverse
Paul Richardson,WR,WR,SEA,2014,12,0,0,0,0,0,0,29,271,1,nflverse
Zach Mettenberger,QB,QB,TEN,2014,7,1412,8,7,5,4,0,0,0,0,nflverse
Branden Oliver,RB,RB,LAC,2014,14,0,0,0,160,582,3,36,271,1,nflverse
Derek Carr,QB,QB,LV,2014,16,3270,21,12,29,92,0,0,0,0,nflverse
Devonta Freeman,RB,RB,ATL,2014,16,0,0,0,65,248,1,30,225,1,nflverse
Jordan Matthews,TE,TE,PHI,2014,16,0,0,0,0,0,0,67,872,8,nflverse
Jeremy Hill,RB,RB,CIN,2014,16,0,0,0,222,1124,9,27,215,0,nflverse
Sammy Watkins,WR,WR,BUF,2014,16,0,0,0,2,8,0,65,982,6,nflverse
Bruce Ellington,WR,WR,SF,2014,13,0,0,0,6,28,1,6,62,2,nflverse
Donte Moncrief,WR,WR,IND,2014,14,0,0,0,4,17,0,32,444,3,nflverse
Kelvin Benjamin,WR,WR,CAR,2014,16,0,0,0,0,0,0,73,1008,9,nflverse
Martavis Bryant,WR,WR,PIT,2014,10,0,0,0,3,12,0,26,549,8,nflverse
Terrance West,RB,RB,CLE,2014,14,0,0,0,171,673,4,11,64,1,nflverse
Jerick McKinnon,RB,RB,MIN,2014,11,0,0,0,113,538,0,27,135,0,nflverse
Davante Adams,WR,WR,GB,2014,14,0,0,0,0,0,0,38,446,3,nflverse
Jarvis Landry,WR,WR,MIA,2014,16,0,0,0,2,-4,0,84,758,5,nflverse
Richard Rodgers,TE,TE,GB,2014,13,0,0,0,0,0,0,20,225,2,nflverse
Eric Ebron,TE,TE,DET,2014,12,0,0,0,0,0,0,25,248,1,nflverse
Charles Sims,RB,RB,TB,2014,8,0,0,0,66,185,1,19,190,0,nflverse
Tre Mason,RB,RB,LA,2014,12,0,0,0,179,765,4,16,148,1,nflverse
Blake Bortles,QB,QB,JAX,2014,14,2908,11,17,56,419,0,0,0,0,nflverse
Mike Evans,WR,WR,TB,2014,15,0,0,0,0,0,0,68,1051,12,nflverse
Bishop Sankey,RB,RB,TEN,2014,16,0,0,0,152,569,2,18,133,0,nflverse
Austin Seferian-Jenkins,TE,TE,TB,2014,9,0,0,0,0,0,0,21,221,2,nflverse
Allen Robinson,WR,WR,JAX,2014,10,0,0,0,0,0,0,48,548,2,nflverse
Marqise Lee,WR,WR,JAX,2014,12,0,0,0,3,9,0,37,422,1,nflverse
Matt Hasselbeck,QB,QB,IND,2015,8,1690,9,5,16,15,0,0,0,0,nflverse
Peyton Manning,QB,QB,DEN,2015,10,2249,9,17,6,-6,0,0,0,0,nflverse
Tom Brady,QB,QB,NE,2015,16,4770,36,7,34,53,3,1,36,0,nflverse
Steve Smith,WR,WR,BAL,2015,7,0,0,0,0,0,0,46,670,3,nflverse
Drew Brees,QB,QB,NO,2015,15,4870,32,11,24,14,1,0,0,0,nflverse
Josh McCown,QB,QB,CLE,2015,8,2109,12,4,20,98,1,0,0,0,nflverse
Carson Palmer,QB,QB,ARI,2015,16,4671,35,11,25,24,1,0,0,0,nflverse
Antonio Gates,TE,TE,LAC,2015,11,0,0,0,0,0,0,56,630,5,nflverse
Tony Romo,QB,QB,DAL,2015,4,884,5,7,4,13,0,0,0,0,nflverse
Andre Johnson,WR,WR,IND,2015,16,0,0,0,0,0,0,41,503,4,nflverse
Anquan Boldin,WR,WR,SF,2015,14,0,0,0,0,0,0,69,789,4,nflverse
Jason Witten,TE,TE,DAL,2015,16,0,0,0,0,0,0,77,713,3,nflverse
Malcom Floyd,WR,WR,LAC,2015,15,0,0,0,0,0,0,30,561,3,nflverse
Matt Schaub,QB,QB,BAL,2015,2,540,3,4,4,10,0,0,0,0,nflverse
Eli Manning,QB,QB,NYG,2015,16,4432,35,14,20,61,0,0,0,0,nflverse
Jerricho Cotchery,WR,WR,CAR,2015,14,0,0,0,1,16,0,39,485,3,nflverse
Larry Fitzgerald,WR,WR,ARI,2015,16,0,0,0,0,0,0,109,1215,9,nflverse
Ben Roethlisberger,QB,QB,PIT,2015,12,3938,21,16,15,29,0,0,-3,0,nflverse
Philip Rivers,QB,QB,LAC,2015,16,4792,29,13,17,28,0,0,0,0,nflverse
Benjamin Watson,TE,TE,NO,2015,16,0,0,0,0,0,0,74,825,6,nflverse
John Kuhn,FB,RB,GB,2015,12,0,0,0,9,28,2,6,56,0,nflverse
Lance Moore,WR,WR,DET,2015,13,0,0,0,0,0,0,29,337,4,nflverse
Nate Washington,WR,WR,HOU,2015,13,0,0,0,0,0,0,47,658,4,nflverse
Alex Smith,QB,QB,KC,2015,16,3486,20,7,84,498,2,0,0,0,nflverse
Aaron Rodgers,QB,QB,GB,2015,16,3821,31,8,58,344,1,0,0,0,nflverse
Roddy White,WR,WR,ATL,2015,15,0,0,0,0,0,0,43,506,1,nflverse
Heath Miller,TE,TE,PIT,2015,15,0,0,0,1,2,0,60,535,2,nflverse
Vincent Jackson,WR,WR,TB,2015,10,0,0,0,0,0,0,33,543,3,nflverse
Frank Gore,RB,RB,IND,2015,16,0,0,0,260,967,6,34,267,1,nflverse
Darren Sproles,RB,RB,PHI,2015,16,0,0,0,83,317,3,55,388,1,nflverse
Matt Cassel,QB,QB,DAL,2015,8,1276,5,7,15,78,0,0,0,0,nflverse
Ryan Fitzpatrick,QB,QB,NYJ,2015,16,3905,31,15,60,270,2,0,0,0,nflverse
Miles Austin,WR,WR,PHI,2015,11,0,0,0,0,0,0,13,224,1,nflverse
Fred Jackson,RB,RB,SEA,2015,15,0,0,0,26,100,0,32,257,2,nflverse
Vernon Davis,TE,TE,DEN,2015,13,0,0,0,0,0,0,38,395,0,nflverse
Jay Cutler,QB,QB,CHI,2015,15,3659,21,11,38,201,1,0,0,0,nflverse
DeAngelo Williams,RB,RB,PIT,2015,16,0,0,0,200,907,11,40,367,0,nflverse
Marcedes Lewis,TE,TE,JAX,2015,15,0,0,0,0,0,0,16,226,0,nflverse
Greg Jennings,WR,WR,MIA,2015,12,0,0,0,0,0,0,19,208,1,nflverse
Anthony Fasano,TE,TE,TEN,2015,14,0,0,0,0,0,0,26,289,2,nflverse
Owen Daniels,TE,TE,DEN,2015,16,0,0,0,0,0,0,46,517,3,nflverse
Brandon Marshall,WR,WR,NYJ,2015,16,0,0,0,0,0,0,109,1502,14,nflverse
Delanie Walker,TE,TE,TEN,2015,15,0,0,0,1,36,0,94,1088,6,nflverse
Marques Colston,WR,WR,NO,2015,13,0,0,0,0,0,0,45,520,4,nflverse
Calvin Johnson,WR,WR,DET,2015,16,0,0,0,0,0,0,88,1214,9,nflverse
Adrian Peterson,RB,RB,MIN,2015,16,0,0,0,327,1485,11,30,222,0,nflverse
Ted Ginn,WR,WR,CAR,2015,15,0,0,0,4,60,0,44,739,10,nflverse
Marshawn Lynch,RB,RB,SEA,2015,7,0,0,0,111,417,3,13,80,0,nflverse
Greg Olsen,TE,TE,CAR,2015,16,0,0,0,0,0,0,77,1104,7,nflverse
James Jones,WR,WR,GB,2015,16,0,0,0,0,0,0,50,890,8,nflverse
Scott Chandler,TE,TE,NE,2015,12,0,0,0,0,0,0,23,259,4,nflverse
Brent Celek,TE,TE,PHI,2015,12,0,0,0,0,0,0,27,398,3,nflverse
Ahmad Bradshaw,RB,RB,IND,2015,6,0,0,0,31,85,0,10,64,3,nflverse
Danny Woodhead,RB,RB,LAC,2015,16,0,0,0,98,336,3,80,755,6,nflverse
Danny Amendola,WR,WR,NE,2015,14,36,0,0,2,11,0,65,648,3,nflverse
Mike Tolbert,FB,RB,CAR,2015,16,0,0,0,62,256,1,18,154,3,nflverse
Matt Ryan,QB,QB,ATL,2015,16,4591,21,16,36,63,0,0,0,0,nflverse
Darren McFadden,RB,RB,DAL,2015,16,0,0,0,239,1089,3,40,328,0,nflverse
Jonathan Stewart,RB,RB,CAR,2015,13,0,0,0,242,989,6,16,99,1,nflverse
Joe Flacco,QB,QB,BAL,2015,10,2791,14,12,13,23,3,0,0,0,nflverse
Chris Johnson,RB,RB,ARI,2015,11,0,0,0,196,814,3,6,58,0,nflverse
Eddie Royal,WR,WR,CHI,2015,9,0,0,0,1,-1,0,37,238,1,nflverse
Matt Forte,RB,RB,CHI,2015,13,0,0,0,218,898,4,44,389,3,nflverse
DeSean Jackson,WR,WR,WAS,2015,9,0,0,0,0,0,0,30,528,4,nflverse
Martellus Bennett,TE,TE,CHI,2015,11,0,0,0,0,0,0,53,439,3,nflverse
Jamaal Charles,RB,RB,KC,2015,5,0,0,0,71,364,4,21,177,1,nflverse
Harry Douglas,WR,WR,TEN,2015,14,0,0,0,1,-6,0,36,411,2,nflverse
Craig Stevens,TE,TE,TEN,2015,10,0,0,0,0,0,0,12,121,2,nflverse
Andre Caldwell,WR,WR,DEN,2015,12,0,0,0,1,3,0,10,72,2,nflverse
Jacob Tamme,TE,TE,ATL,2015,15,0,0,0,0,0,0,59,657,1,nflverse
Gary Barnidge,TE,TE,CLE,2015,16,0,0,0,0,0,0,79,1043,9,nflverse
Tim Hightower,RB,RB,NO,2015,6,0,0,0,96,375,4,12,129,0,nflverse
Pierre Garcon,WR,WR,WAS,2015,16,0,0,0,0,0,0,72,777,6,nflverse
Steve Johnson,WR,WR,LAC,2015,9,0,0,0,0,0,0,45,497,3,nflverse
Justin Forsett,RB,RB,BAL,2015,10,0,0,0,151,641,2,31,153,0,nflverse
Marcel Reece,FB,RB,LV,2015,15,0,0,0,10,36,0,30,269,3,nflverse
Matthew Stafford,QB,QB,DET,2015,16,4262,32,13,44,159,1,1,-6,0,nflverse
Brian Hoyer,QB,QB,HOU,2015,11,2606,19,7,15,44,0,0,0,0,nflverse
Jordan Norwood,WR,WR,DEN,2015,10,0,0,0,0,0,0,22,207,0,nflverse
Arian Foster,RB,RB,HOU,2015,4,0,0,0,63,163,1,22,227,2,nflverse
Mark Sanchez,QB,QB,PHI,2015,3,616,4,4,6,22,0,0,0,0,nflverse
Mike Wallace,WR,WR,MIN,2015,15,0,0,0,1,6,0,39,473,2,nflverse
Darrius Heyward-Bey,WR,WR,PIT,2015,14,0,0,0,0,0,0,21,314,2,nflverse
Michael Crabtree,WR,WR,LV,2015,16,0,0,0,0,0,0,85,922,9,nflverse
Jeremy Maclin,WR,WR,KC,2015,15,0,0,0,3,14,0,87,1088,8,nflverse
Percy Harvin,WR,WR,BUF,2015,5,0,0,0,5,31,0,19,218,1,nflverse
Donald Brown,RB,RB,LAC,2015,6,0,0,0,59,229,1,8,88,0,nflverse
Kenny Britt,WR,WR,LA,2015,16,0,0,0,0,0,0,36,681,3,nflverse
LeSean McCoy,RB,RB,BUF,2015,12,0,0,0,203,895,3,32,292,2,nflverse
Jared Cook,TE,TE,LA,2015,16,0,0,0,0,0,0,39,481,0,nflverse
Brian Hartline,WR,WR,CLE,2015,12,0,0,0,0,0,0,46,523,2,nflverse
Zach Miller,TE,TE,CHI,2015,13,0,0,0,0,0,0,34,439,5,nflverse
Julian Edelman,WR,WR,NE,2015,9,0,0,0,3,23,0,61,692,7,nflverse
Rashad Jennings,RB,RB,NYG,2015,16,0,0,0,195,863,3,29,296,1,nflverse
Joique Bell,RB,RB,DET,2015,13,0,0,0,90,311,4,22,286,0,nflverse
LeGarrette Blount,RB,RB,NE,2015,12,0,0,0,165,703,6,6,43,1,nflverse
Chris Ivory,RB,RB,NYJ,2015,15,0,0,0,247,1070,7,30,217,1,nflverse
Bryan Walters,WR,WR,JAX,2015,11,0,0,0,0,0,0,32,368,1,nflverse
Dexter McCluster,WR,WR,TEN,2015,11,0,0,0,55,247,1,31,260,1,nflverse
Rob Gronkowski,TE,TE,NE,2015,15,0,0,0,0,0,0,72,1176,11,nflverse
Jimmy Clausen,QB,QB,BAL,2015,4,739,2,4,11,36,0,0,0,0,nflverse
Ed Dickson,TE,TE,CAR,2015,16,0,0,0,0,0,0,17,121,2,nflverse
Brandon LaFell,WR,WR,NE,2015,11,0,0,0,2,9,0,37,515,0,nflverse
Emmanuel Sanders,WR,WR,DEN,2015,15,0,0,0,3,29,0,76,1135,6,nflverse
Eric Decker,WR,WR,NYJ,2015,15,0,0,0,0,0,0,80,1027,12,nflverse
Jimmy Graham,TE,TE,SEA,2015,11,0,0,0,0,0,0,48,605,2,nflverse
Michael Hoomanawanui,TE,TE,NO,2015,10,0,0,0,1,0,0,11,76,3,nflverse
Riley Cooper,WR,WR,PHI,2015,12,0,0,0,0,0,0,21,327,2,nflverse
James Starks,RB,RB,GB,2015,16,0,0,0,148,601,2,43,392,3,nflverse
Antonio Brown,WR,WR,PIT,2015,16,0,0,0,3,28,0,136,1834,10,nflverse
Marc Mariani,WR,WR,CHI,2015,16,0,0,0,0,0,0,22,300,0,nflverse
Sam Bradford,QB,QB,PHI,2015,14,3725,19,14,26,39,0,0,0,0,nflverse
C.J. Spiller,RB,RB,NO,2015,13,0,0,0,36,112,0,34,239,2,nflverse
Ryan Mathews,RB,RB,PHI,2015,13,0,0,0,106,539,6,20,146,1,nflverse
Jermaine Gresham,TE,TE,ARI,2015,14,0,0,0,0,0,0,18,223,1,nflverse
Demaryius Thomas,WR,WR,DEN,2015,16,0,0,0,0,0,0,105,1304,6,nflverse
Golden Tate,WR,WR,DET,2015,16,0,0,0,6,41,0,90,813,6,nflverse
Dez Bryant,WR,WR,DAL,2015,9,0,0,0,0,0,0,31,401,3,nflverse
Will Tukuafu,FB,RB,SEA,2015,7,0,0,0,4,1,1,1,7,1,nflverse
Andrew Hawkins,WR,WR,CLE,2015,8,0,0,0,0,0,0,27,276,0,nflverse
Cam Newton,QB,QB,CAR,2015,16,3837,35,10,132,636,10,0,0,0,nflverse
A.J. Green,WR,WR,CIN,2015,16,0,0,0,0,0,0,86,1297,10,nflverse
Julio Jones,WR,WR,ATL,2015,16,0,0,0,0,0,0,136,1871,8,nflverse
Blaine Gabbert,QB,QB,SF,2015,8,2031,10,7,32,185,1,0,0,0,nflverse
Mark Ingram,RB,RB,NO,2015,12,0,0,0,166,769,6,50,405,0,nflverse
Andy Dalton,QB,QB,CIN,2015,13,3250,25,7,57,142,3,0,0,0,nflverse
Colin Kaepernick,QB,QB,SF,2015,9,1615,6,5,45,256,1,0,0,0,nflverse
Kyle Rudolph,TE,TE,MIN,2015,16,0,0,0,0,0,0,49,495,5,nflverse
Lance Kendricks,TE,TE,LA,2015,14,0,0,0,0,0,0,25,245,2,nflverse
Shane Vereen,RB,RB,NYG,2015,16,0,0,0,61,260,0,59,494,4,nflverse
Torrey Smith,WR,WR,SF,2015,16,0,0,0,0,0,0,33,663,4,nflverse
Randall Cobb,WR,WR,GB,2015,16,0,0,0,13,50,0,79,829,6,nflverse
DeMarco Murray,RB,RB,PHI,2015,15,0,0,0,193,702,6,44,322,1,nflverse
Ryan Mallett,QB,QB,BAL,2015,7,1336,5,6,5,15,1,0,0,0,nflverse
Leonard Hankerson,WR,WR,ATL,2015,7,0,0,0,0,0,0,26,327,3,nflverse
Jordan Cameron,TE,TE,MIA,2015,16,0,0,0,0,0,0,35,386,3,nflverse
Cecil Shorts,WR,WR,HOU,2015,11,21,1,0,10,47,0,42,484,2,nflverse
Bilal Powell,RB,RB,NYJ,2015,11,0,0,0,70,313,1,47,388,2,nflverse
Julius Thomas,TE,TE,JAX,2015,12,0,0,0,0,0,0,46,455,5,nflverse
Dion Lewis,RB,RB,NE,2015,7,0,0,0,49,234,2,36,388,2,nflverse
T.J. Yates,QB,QB,HOU,2015,4,370,3,1,6,0,0,0,0,0,nflverse
Jeremy Kerley,WR,WR,NYJ,2015,16,0,0,0,0,0,0,16,152,2,nflverse
Charles Clay,TE,TE,BUF,2015,13,0,0,0,0,0,0,51,528,3,nflverse
Dwayne Harris,WR,WR,NYG,2015,15,0,0,0,2,12,0,36,396,4,nflverse
Tyrod Taylor,QB,QB,BUF,2015,14,3035,20,6,104,568,4,1,4,0,nflverse
Matt Asiata,RB,RB,MIN,2015,15,0,0,0,29,112,0,19,132,0,nflverse
Shaun Draughn,RB,RB,SF,2015,11,0,0,0,78,273,1,27,176,0,nflverse
Chris Hogan,WR,WR,BUF,2015,15,4,0,0,1,4,0,36,450,2,nflverse
Andre Holmes,WR,WR,LV,2015,15,0,0,0,0,0,0,14,201,4,nflverse
DuJuan Harris,RB,RB,SF,2015,4,0,0,0,48,189,0,9,97,0,nflverse
Dontrelle Inman,WR,WR,LAC,2015,13,0,0,0,0,0,0,35,486,3,nflverse
Doug Baldwin,WR,WR,SEA,2015,16,0,0,0,0,0,0,78,1069,14,nflverse
Kamar Aiken,WR,WR,BAL,2015,16,0,0,0,0,0,0,75,944,5,nflverse
Patrick DiMarco,RB,RB,ATL,2015,12,0,0,0,1,0,0,13,110,2,nflverse
Larry Donnell,TE,TE,NYG,2015,8,0,0,0,0,0,0,29,223,2,nflverse
Garrett Celek,TE,TE,SF,2015,10,0,0,0,0,0,0,19,186,3,nflverse
Austin Davis,QB,QB,CLE,2015,3,547,1,3,7,33,0,0,0,0,nflverse
Case Keenum,QB,QB,LA,2015,5,828,4,1,12,5,0,0,0,0,nflverse
Cole Beasley,WR,WR,DAL,2015,16,0,0,0,0,0,0,52,536,5,nflverse
Lance Dunbar,RB,RB,DAL,2015,4,0,0,0,5,67,0,21,215,0,nflverse
Griff Whalen,WR,WR,IND,2015,12,0,0,0,0,0,0,19,205,1,nflverse
Jonas Gray,RB,RB,JAX,2015,7,0,0,0,45,176,0,7,76,0,nflverse
Alshon Jeffery,WR,WR,CHI,2015,9,0,0,0,0,0,0,54,807,4,nflverse
Alfred Morris,RB,RB,WAS,2015,16,0,0,0,202,751,1,10,55,0,nflverse
Jermaine Kearse,WR,WR,SEA,2015,16,0,0,0,0,0,0,49,685,5,nflverse
Travaris Cadet,RB,RB,NO,2015,6,0,0,0,11,28,0,17,214,1,nflverse
Kellen Moore,QB,QB,DAL,2015,3,779,4,6,2,-1,0,0,0,0,nflverse
Brandon Bolden,RB,RB,NE,2015,12,0,0,0,63,207,0,19,180,2,nflverse
Rueben Randle,WR,WR,NYG,2015,16,0,0,0,0,0,0,57,797,8,nflverse
Russell Wilson,QB,QB,SEA,2015,16,4024,34,8,103,553,1,0,0,0,nflverse
Travis Benjamin,WR,WR,CLE,2015,16,0,0,0,4,12,0,68,966,5,nflverse
Robert Turbin,RB,RB,DAL,2015,10,0,0,0,50,199,1,7,23,0,nflverse
Ladarius Green,TE,TE,LAC,2015,13,0,0,0,0,0,0,37,429,4,nflverse
Marvin Jones,WR,WR,CIN,2015,16,0,0,0,5,33,0,65,816,4,nflverse
Josh Bellamy,WR,WR,CHI,2015,14,0,0,0,0,0,0,19,224,2,nflverse
Keshawn Martin,WR,WR,NE,2015,9,0,0,0,1,6,0,24,269,2,nflverse
Chris Polk,RB,RB,HOU,2015,15,0,0,0,99,334,1,16,109,1,nflverse
Jonathan Grimes,RB,RB,HOU,2015,13,0,0,0,56,282,1,26,173,1,nflverse
Nick Foles,QB,QB,LA,2015,11,2052,7,10,17,20,1,0,0,0,nflverse
Jarius Wright,WR,WR,MIN,2015,15,0,0,0,1,29,0,34,442,0,nflverse
Rishard Matthews,WR,WR,MIA,2015,11,0,0,0,1,4,0,43,662,4,nflverse
Kirk Cousins,QB,QB,WAS,2015,16,4166,29,11,26,48,5,0,0,0,nflverse
T.Y. Hilton,WR,WR,IND,2015,16,0,0,0,0,0,0,69,1124,5,nflverse
Doug Martin,RB,RB,TB,2015,16,0,0,0,288,1402,6,33,271,1,nflverse
Chris Givens,WR,WR,BAL,2015,14,0,0,0,4,18,0,20,353,1,nflverse
Lamar Miller,RB,RB,MIA,2015,16,0,0,0,194,872,8,47,397,2,nflverse
Mohamed Sanu,WR,WR,CIN,2015,16,0,0,0,10,71,2,33,394,0,nflverse
Michael Floyd,WR,WR,ARI,2015,15,0,0,0,0,0,0,52,849,6,nflverse
Andrew Luck,QB,QB,IND,2015,7,1881,15,12,33,196,0,0,0,0,nflverse
Brandon Weeden,QB,QB,HOU,2015,6,1043,5,2,16,47,1,0,0,0,nflverse
Brock Osweiler,QB,QB,DEN,2015,8,1967,10,6,21,61,1,0,0,0,nflverse
Ronnie Hillman,RB,RB,DEN,2015,16,0,0,0,207,863,7,24,111,0,nflverse
Coby Fleener,TE,TE,IND,2015,15,0,0,0,0,0,0,54,491,3,nflverse
Ryan Tannehill,QB,QB,MIA,2015,16,4208,24,12,32,141,1,1,9,0,nflverse
Kendall Wright,WR,WR,TEN,2015,10,0,0,0,5,17,0,36,408,3,nflverse
Darren Fells,TE,TE,ARI,2015,12,0,0,0,0,0,0,21,311,3,nflverse
Benny Cunningham,RB,RB,LA,2015,16,0,0,0,37,140,0,26,250,0,nflverse
Nick Williams,WR,WR,ATL,2015,11,0,0,0,0,0,0,17,159,2,nflverse
C.J. Anderson,RB,RB,DEN,2015,15,0,0,0,152,720,5,25,183,0,nflverse
Kyle Juszczyk,FB,RB,BAL,2015,16,0,0,0,2,3,0,41,321,4,nflverse
Timothy Wright,TE,TE,DET,2015,8,0,0,0,0,0,0,9,77,2,nflverse
Zach Line,FB,RB,MIN,2015,11,0,0,0,6,10,2,6,95,1,nflverse
Adam Thielen,WR,WR,MIN,2015,10,0,0,0,4,89,0,12,144,0,nflverse
Marquess Wilson,WR,WR,CHI,2015,11,0,0,0,0,0,0,28,464,1,nflverse
Zach Ertz,TE,TE,PHI,2015,15,0,0,0,0,0,0,75,853,2,nflverse
Kenny Stills,WR,WR,MIA,2015,15,0,0,0,0,0,0,27,440,3,nflverse
Luke Willson,TE,TE,SEA,2015,13,0,0,0,0,0,0,17,213,1,nflverse
Theo Riddick,RB,RB,DET,2015,16,0,0,0,43,133,0,80,697,3,nflverse
Ryan Griffin,TE,TE,HOU,2015,9,0,0,0,0,0,0,20,251,2,nflverse
Josh Hill,TE,TE,NO,2015,14,0,0,0,0,0,0,16,120,2,nflverse
Jake Stoneburner,TE,TE,MIA,2015,3,0,0,0,0,0,0,5,47,2,nflverse
Keenan Allen,WR,WR,LAC,2015,8,0,0,0,0,0,0,67,725,4,nflverse
Andre Ellington,RB,RB,ARI,2015,10,0,0,0,45,289,3,15,148,0,nflverse
Khiry Robinson,RB,RB,NO,2015,8,0,0,0,56,180,4,17,115,0,nflverse
Joseph Randle,RB,RB,DAL,2015,6,0,0,0,76,315,4,10,86,0,nflverse
Chris Thompson,RB,RB,WAS,2015,13,0,0,0,35,216,0,35,240,2,nflverse
Spencer Ware,RB,RB,KC,2015,9,0,0,0,72,403,6,6,5,0,nflverse
Robert Woods,WR,WR,BUF,2015,14,0,0,0,1,0,0,47,552,3,nflverse
Christine Michael,RB,RB,SEA,2015,8,0,0,0,54,243,0,3,16,0,nflverse
Mike Gillislee,RB,RB,BUF,2015,5,0,0,0,47,267,3,6,29,0,nflverse
Quinton Patton,WR,WR,SF,2015,16,0,0,0,1,5,0,30,394,1,nflverse
Giovani Bernard,RB,RB,CIN,2015,16,0,0,0,154,730,2,49,472,0,nflverse
Markus Wheaton,WR,WR,PIT,2015,16,0,0,0,0,0,0,44,749,5,nflverse
Vance McDonald,TE,TE,SF,2015,14,0,0,0,0,0,0,30,326,3,nflverse
Jordan Reed,TE,TE,WAS,2015,14,0,0,0,0,0,0,87,952,11,nflverse
Eddie Lacy,RB,RB,GB,2015,15,0,0,0,187,758,3,20,188,2,nflverse
Le'Veon Bell,RB,RB,PIT,2015,6,0,0,0,113,556,3,24,136,0,nflverse
Travis Kelce,TE,TE,KC,2015,16,0,0,0,0,0,0,72,875,5,nflverse
Latavius Murray,RB,RB,LV,2015,16,0,0,0,266,1066,6,41,232,0,nflverse
Mychal Rivera,TE,TE,LV,2015,15,0,0,0,0,0,0,32,280,1,nflverse
Brice Butler,WR,WR,DAL,2015,5,0,0,0,0,0,0,12,258,0,nflverse
Justin Hunter,WR,WR,TEN,2015,9,0,0,0,0,0,0,22,264,1,nflverse
Landry Jones,QB,QB,PIT,2015,7,513,3,4,5,-5,0,0,0,0,nflverse
Tavon Austin,WR,WR,LA,2015,16,0,0,0,52,434,4,52,473,5,nflverse
EJ Manuel,QB,QB,BUF,2015,4,561,3,3,17,64,1,0,0,0,nflverse
Terrance Williams,WR,WR,DAL,2015,16,0,0,0,0,0,0,52,840,3,nflverse
Denard Robinson,RB,RB,JAX,2015,12,0,0,0,67,266,1,21,164,0,nflverse
Tyler Eifert,TE,TE,CIN,2015,13,0,0,0,0,0,0,52,615,13,nflverse
DeAndre Hopkins,WR,WR,HOU,2015,16,0,0,0,0,0,0,111,1521,11,nflverse
Isaiah Crowell,RB,RB,CLE,2015,16,0,0,0,185,706,4,19,182,1,nflverse
Willie Snead,WR,WR,NO,2015,15,0,0,0,0,0,0,69,984,3,nflverse
Charcandrick West,RB,RB,KC,2015,15,0,0,0,160,634,4,20,214,1,nflverse
Albert Wilson,WR,WR,KC,2015,14,0,0,0,5,26,0,35,451,2,nflverse
Bennie Fowler,WR,WR,DEN,2015,15,0,0,0,0,0,0,16,203,0,nflverse
Jeremy Butler,WR,WR,BAL,2015,8,0,0,0,0,0,0,31,363,0,nflverse
Antonio Andrews,RB,RB,TEN,2015,14,41,1,0,143,520,3,21,174,0,nflverse
Brandon Coleman,WR,WR,NO,2015,16,0,0,0,0,0,0,30,454,2,nflverse
Allen Hurns,WR,WR,JAX,2015,15,0,0,0,0,0,0,64,1031,10,nflverse
Damien Williams,RB,RB,MIA,2015,14,0,0,0,16,59,0,21,142,1,nflverse
Javontee Herndon,WR,WR,LAC,2015,8,0,0,0,1,13,0,24,195,0,nflverse
Josh Huff,WR,WR,PHI,2015,15,0,0,0,0,0,0,27,312,3,nflverse
Crockett Gillmore,TE,TE,BAL,2015,10,0,0,0,0,0,0,33,412,4,nflverse
Quincy Enunwa,WR,WR,NYJ,2015,11,0,0,0,0,0,0,22,315,0,nflverse
Troy Niklas,TE,TE,ARI,2015,5,0,0,0,0,0,0,4,33,2,nflverse
Carlos Hyde,RB,RB,SF,2015,7,0,0,0,115,470,3,11,53,0,nflverse
John Brown,WR,WR,ARI,2015,15,0,0,0,3,22,0,65,1003,7,nflverse
Andre Williams,RB,RB,NYG,2015,16,0,0,0,88,257,1,1,7,0,nflverse
Ka'Deem Carey,RB,RB,CHI,2015,9,0,0,0,43,159,2,3,19,1,nflverse
De'Anthony Thomas,WR,WR,KC,2015,10,0,0,0,9,34,1,17,140,1,nflverse
James White,RB,RB,NE,2015,12,0,0,0,22,56,2,40,410,4,nflverse
Ryan Grant,WR,WR,WAS,2015,14,0,0,0,0,0,0,23,268,2,nflverse
Alfred Blue,RB,RB,HOU,2015,14,0,0,0,183,698,2,15,109,1,nflverse
Corey Brown,WR,WR,CAR,2015,14,0,0,0,6,38,0,31,447,4,nflverse
Seth Roberts,WR,WR,LV,2015,16,0,0,0,0,0,0,32,480,5,nflverse
Taylor Gabriel,WR,WR,CLE,2015,12,0,0,0,0,0,0,28,241,0,nflverse
Odell Beckham Jr.,WR,WR,NYG,2015,15,0,0,0,1,3,0,96,1450,13,nflverse
Brandin Cooks,WR,WR,NO,2015,16,0,0,0,8,18,0,84,1138,9,nflverse
Teddy Bridgewater,QB,QB,MIN,2015,16,3231,14,9,44,192,3,0,0,0,nflverse
Zach Mettenberger,QB,QB,TEN,2015,7,935,4,7,9,8,1,0,0,0,nflverse
Cameron Brate,TE,TE,TB,2015,12,0,0,0,0,0,0,23,288,3,nflverse
Branden Oliver,RB,RB,LAC,2015,8,0,0,0,31,108,0,13,112,0,nflverse
Derek Carr,QB,QB,LV,2015,16,3987,32,13,33,138,0,0,0,0,nflverse
Devonta Freeman,RB,RB,ATL,2015,15,0,0,0,265,1056,11,73,578,3,nflverse
AJ McCarron,QB,QB,CIN,2015,7,854,6,2,14,31,0,0,0,0,nflverse
Jordan Matthews,TE,TE,PHI,2015,16,0,0,0,0,0,0,85,997,8,nflverse
Jeremy Hill,RB,RB,CIN,2015,16,0,0,0,223,794,11,15,79,1,nflverse
Sammy Watkins,WR,WR,BUF,2015,13,0,0,0,1,1,0,60,1047,9,nflverse
Donte Moncrief,WR,WR,IND,2015,16,0,0,0,0,0,0,64,733,6,nflverse
Martavis Bryant,WR,WR,PIT,2015,11,0,0,0,5,37,1,50,765,6,nflverse
Terrance West,RB,RB,BAL,2015,8,0,0,0,62,231,0,4,21,0,nflverse
Jerick McKinnon,RB,RB,MIN,2015,16,0,0,0,52,271,2,21,173,1,nflverse
Davante Adams,WR,WR,GB,2015,13,0,0,0,0,0,0,50,483,1,nflverse
Jarvis Landry,WR,WR,MIA,2015,16,9,0,0,18,113,1,110,1157,4,nflverse
Richard Rodgers,TE,TE,GB,2015,16,0,0,0,1,11,0,58,510,8,nflverse
Eric Ebron,TE,TE,DET,2015,14,0,0,0,0,0,0,47,537,5,nflverse
Charles Sims,RB,RB,TB,2015,16,0,0,0,107,529,0,51,561,4,nflverse
Tre Mason,RB,RB,LA,2015,13,0,0,0,75,207,1,18,88,0,nflverse
Blake Bortles,QB,QB,JAX,2015,16,4428,35,18,52,310,2,0,0,0,nflverse
Mike Evans,WR,WR,TB,2015,15,0,0,0,0,0,0,74,1206,3,nflverse
Johnny Manziel,QB,QB,CLE,2015,9,1500,7,5,37,230,0,0,0,0,nflverse
Bishop Sankey,RB,RB,TEN,2015,12,0,0,0,47,193,1,14,139,1,nflverse
Austin Seferian-Jenkins,TE,TE,TB,2015,7,0,0,0,0,0,0,21,338,4,nflverse
Allen Robinson,WR,WR,JAX,2015,16,0,0,0,0,0,0,80,1400,14,nflverse
Marqise Lee,WR,WR,JAX,2015,9,0,0,0,5,38,0,15,191,1,nflverse
Jameis Winston,QB,QB,TB,2015,16,4042,22,15,54,213,6,0,0,0,nflverse
Amari Cooper,WR,WR,LV,2015,16,0,0,0,3,-3,0,72,1070,6,nflverse
DeVante Parker,WR,WR,MIA,2015,10,0,0,0,0,0,0,26,494,3,nflverse
Nelson Agholor,WR,WR,PHI,2015,13,0,0,0,0,0,0,23,283,1,nflverse
Maxx Williams,TE,TE,BAL,2015,14,0,0,0,0,0,0,32,268,1,nflverse
Jaelen Strong,WR,WR,HOU,2015,10,0,0,0,0,0,0,14,161,3,nflverse
Jeremy Langford,RB,RB,CHI,2015,15,0,0,0,148,537,6,22,279,1,nflverse
Javorius Allen,RB,RB,BAL,2015,16,0,0,0,137,514,1,45,353,2,nflverse
Stefon Diggs,WR,WR,MIN,2015,13,0,0,0,3,13,0,52,720,4,nflverse
Jay Ajayi,RB,RB,MIA,2015,9,0,0,0,49,187,1,7,90,0,nflverse
Cameron Artis-Payne,RB,RB,CAR,2015,6,0,0,0,45,183,1,5,58,0,nflverse
Thomas Rawls,RB,RB,SEA,2015,12,0,0,0,147,830,4,9,76,1,nflverse
Matt Jones,RB,RB,WAS,2015,13,0,0,0,144,490,3,19,304,1,nflverse
Jamison Crowder,WR,WR,WAS,2015,16,0,0,0,2,2,0,59,604,2,nflverse
Will Tye,TE,TE,NYG,2015,13,0,0,0,0,0,0,42,464,3,nflverse
Adam Humphries,WR,WR,TB,2015,11,0,0,0,0,0,0,27,260,1,nflverse
Devin Funchess,WR,WR,CAR,2015,16,0,0,0,0,0,0,31,473,5,nflverse
Tevin Coleman,RB,RB,ATL,2015,12,0,0,0,87,392,1,2,14,0,nflverse
Ameer Abdullah,RB,RB,DET,2015,16,0,0,0,143,597,2,25,183,1,nflverse
J.J. Nelson,WR,WR,ARI,2015,10,0,0,0,1,0,0,11,299,2,nflverse
Jalston Fowler,RB,RB,TEN,2015,12,0,0,0,7,13,1,5,44,1,nflverse
Melvin Gordon,RB,RB,LAC,2015,14,0,0,0,184,641,0,33,192,0,nflverse
Karlos Williams,RB,RB,BUF,2015,11,0,0,0,93,517,7,11,96,2,nflverse
Rashad Greene,WR,WR,JAX,2015,9,0,0,0,0,0,0,19,93,2,nflverse
David Johnson,RB,RB,ARI,2015,16,0,0,0,125,581,8,36,457,4,nflverse
Ty Montgomery,WR,WR,GB,2015,6,0,0,0,3,14,0,15,136,2,nflverse
Phillip Dorsett,WR,WR,IND,2015,11,0,0,0,3,17,0,18,225,1,nflverse
T.J. Yeldon,RB,RB,JAX,2015,12,0,0,0,182,740,2,36,279,1,nflverse
Tyler Lockett,WR,WR,SEA,2015,16,0,0,0,5,20,0,51,664,6,nflverse
Dorial Green-Beckham,WR,WR,TEN,2015,14,0,0,0,0,0,0,32,549,4,nflverse
Todd Gurley,RB,RB,LA,2015,13,0,0,0,229,1106,10,21,188,0,nflverse
Clive Walford,TE,TE,LV,2015,15,0,0,0,0,0,0,28,329,3,nflverse
Duke Johnson,RB,RB,CLE,2015,16,0,0,0,104,379,0,61,534,2,nflverse
Marcus Mariota,QB,QB,TEN,2015,12,2818,19,10,34,252,2,1,41,1,nflverse
Tom Brady,QB,QB,NE,2016,12,3554,28,2,28,64,0,0,0,0,nflverse
Steve Smith,WR,WR,BAL,2016,14,0,0,0,0,0,0,70,799,5,nflverse
Drew Brees,QB,QB,NO,2016,16,5208,37,15,23,20,2,0,0,0,nflverse
Josh McCown,QB,QB,CLE,2016,5,1100,6,6,7,21,0,0,0,0,nflverse
Carson Palmer,QB,QB,ARI,2016,15,4233,26,14,14,38,0,0,0,0,nflverse
Antonio Gates,TE,TE,LAC,2016,13,0,0,0,0,0,0,53,548,7,nflverse
Andre Johnson,WR,WR,TEN,2016,6,0,0,0,0,0,0,9,85,2,nflverse
Anquan Boldin,WR,WR,DET,2016,16,0,0,0,0,0,0,67,584,8,nflverse
Jason Witten,TE,TE,DAL,2016,15,0,0,0,0,0,0,69,673,3,nflverse
Eli Manning,QB,QB,NYG,2016,16,4027,26,16,21,-9,0,0,0,0,nflverse
Larry Fitzgerald,WR,WR,ARI,2016,16,0,0,0,2,5,0,107,1023,6,nflverse
Ben Roethlisberger,QB,QB,PIT,2016,14,3819,29,13,16,14,1,0,0,0,nflverse
Philip Rivers,QB,QB,LAC,2016,16,4386,33,21,14,35,0,0,0,0,nflverse
John Kuhn,FB,RB,NO,2016,13,0,0,0,18,37,4,16,70,1,nflverse
Alex Smith,QB,QB,KC,2016,15,3502,15,8,48,134,5,1,3,0,nflverse
Aaron Rodgers,QB,QB,GB,2016,16,4428,40,7,67,369,4,0,0,0,nflverse
Frank Gore,RB,RB,IND,2016,16,0,0,0,263,1025,4,38,277,4,nflverse
Darren Sproles,RB,RB,PHI,2016,15,0,0,0,94,438,2,52,427,2,nflverse
Ryan Fitzpatrick,QB,QB,NYJ,2016,14,2710,12,17,33,130,0,0,0,0,nflverse
Vernon Davis,TE,TE,WAS,2016,15,0,0,0,0,0,0,44,583,2,nflverse
Jay Cutler,QB,QB,CHI,2016,5,1059,4,5,5,24,0,0,0,0,nflverse
DeAngelo Williams,RB,RB,PIT,2016,8,0,0,0,98,343,4,18,118,2,nflverse
Anthony Fasano,TE,TE,TEN,2016,12,0,0,0,0,0,0,8,83,2,nflverse
Brandon Marshall,WR,WR,NYJ,2016,15,0,0,0,0,0,0,59,788,3,nflverse
Delanie Walker,TE,TE,TEN,2016,15,0,0,0,2,11,0,65,800,7,nflverse
Ted Ginn,WR,WR,CAR,2016,16,0,0,0,14,98,0,54,752,4,nflverse
Greg Olsen,TE,TE,CAR,2016,16,0,0,0,0,0,0,80,1073,3,nflverse
Matt Moore,QB,QB,MIA,2016,4,721,8,3,1,-1,0,0,0,0,nflverse
Danny Amendola,WR,WR,NE,2016,12,0,0,0,0,0,0,23,243,4,nflverse
Matt Ryan,QB,QB,ATL,2016,16,4944,38,7,35,117,0,0,0,0,nflverse
Jonathan Stewart,RB,RB,CAR,2016,13,0,0,0,218,824,9,8,60,0,nflverse
Joe Flacco,QB,QB,BAL,2016,16,4317,20,15,21,58,2,0,0,0,nflverse
Jordy Nelson,WR,WR,GB,2016,16,0,0,0,0,0,0,97,1257,14,nflverse
Eddie Royal,WR,WR,CHI,2016,9,0,0,0,0,0,0,33,369,2,nflverse
Matt Forte,RB,RB,NYJ,2016,14,0,0,0,218,813,7,30,263,1,nflverse
DeSean Jackson,WR,WR,WAS,2016,15,0,0,0,0,0,0,56,1005,4,nflverse
Martellus Bennett,TE,TE,NE,2016,16,0,0,0,2,10,0,55,701,7,nflverse
Harry Douglas,WR,WR,TEN,2016,8,0,0,0,0,0,0,15,210,0,nflverse
Jacob Tamme,TE,TE,ATL,2016,8,0,0,0,0,0,0,22,210,3,nflverse
Gary Barnidge,TE,TE,CLE,2016,16,0,0,0,0,0,0,55,612,2,nflverse
Tim Hightower,RB,RB,NO,2016,16,0,0,0,133,548,4,22,200,1,nflverse
Pierre Garcon,WR,WR,WAS,2016,16,0,0,0,0,0,0,79,1041,3,nflverse
Justin Forsett,RB,RB,DEN,2016,9,0,0,0,87,291,1,20,85,0,nflverse
Matthew Stafford,QB,QB,DET,2016,16,4327,24,10,37,207,2,0,0,0,nflverse
Brian Hoyer,QB,QB,CHI,2016,6,1445,6,0,7,-2,0,0,0,0,nflverse
Jordan Norwood,WR,WR,DEN,2016,14,0,0,0,1,0,0,21,232,1,nflverse
Mike Wallace,WR,WR,BAL,2016,16,0,0,0,5,31,0,72,1017,4,nflverse
Darrius Heyward-Bey,WR,WR,PIT,2016,7,0,0,0,1,60,1,6,114,2,nflverse
Michael Crabtree,WR,WR,LV,2016,16,0,0,0,0,0,0,89,1003,8,nflverse
Jeremy Maclin,WR,WR,KC,2016,12,0,0,0,1,-1,0,44,536,2,nflverse
Kenny Britt,WR,WR,LA,2016,15,0,0,0,0,0,0,68,1002,5,nflverse
LeSean McCoy,RB,RB,BUF,2016,15,0,0,0,234,1267,13,50,356,1,nflverse
Jared Cook,TE,TE,GB,2016,10,0,0,0,0,0,0,30,377,1,nflverse
Zach Miller,TE,TE,CHI,2016,10,0,0,0,0,0,0,47,486,4,nflverse
Julian Edelman,WR,WR,NE,2016,16,0,0,0,12,57,0,98,1106,3,nflverse
Rashad Jennings,RB,RB,NYG,2016,13,0,0,0,181,593,3,35,201,1,nflverse
Victor Cruz,WR,WR,NYG,2016,14,0,0,0,0,0,0,39,586,1,nflverse
LeGarrette Blount,RB,RB,NE,2016,16,0,0,0,299,1161,18,7,38,0,nflverse
Chris Ivory,RB,RB,JAX,2016,11,0,0,0,117,439,3,20,186,0,nflverse
Bryan Walters,WR,WR,JAX,2016,10,0,0,0,1,4,0,24,231,2,nflverse
Rob Gronkowski,TE,TE,NE,2016,8,0,0,0,0,0,0,25,540,3,nflverse
Brandon LaFell,WR,WR,CIN,2016,16,0,0,0,1,-2,0,64,862,6,nflverse
Emmanuel Sanders,WR,WR,DEN,2016,15,0,0,0,1,4,0,79,1032,5,nflverse
Eric Decker,WR,WR,NYJ,2016,3,0,0,0,0,0,0,9,194,2,nflverse
Jimmy Graham,TE,TE,SEA,2016,16,0,0,0,1,0,0,65,923,6,nflverse
Dennis Pitta,TE,TE,BAL,2016,16,0,0,0,0,0,0,86,729,2,nflverse
James Starks,RB,RB,GB,2016,9,0,0,0,63,145,0,19,134,2,nflverse
Antonio Brown,WR,WR,PIT,2016,15,0,0,0,3,9,0,106,1284,12,nflverse
Sam Bradford,QB,QB,MIN,2016,15,3877,20,5,20,53,0,1,5,0,nflverse
Ryan Mathews,RB,RB,PHI,2016,13,0,0,0,155,661,8,13,115,1,nflverse
Jermaine Gresham,TE,TE,ARI,2016,16,0,0,0,0,0,0,37,391,2,nflverse
Demaryius Thomas,WR,WR,DEN,2016,16,0,0,0,0,0,0,90,1083,5,nflverse
Golden Tate,WR,WR,DET,2016,16,0,0,0,10,4,0,91,1077,4,nflverse
Dez Bryant,WR,WR,DAL,2016,13,10,1,0,0,0,0,50,796,8,nflverse
Andrew Hawkins,WR,WR,CLE,2016,16,0,0,0,2,0,0,33,324,3,nflverse
Cam Newton,QB,QB,CAR,2016,15,3509,19,14,90,359,5,0,0,0,nflverse
A.J. Green,WR,WR,CIN,2016,10,0,0,0,0,0,0,66,964,4,nflverse
Julio Jones,WR,WR,ATL,2016,14,0,0,0,0,0,0,83,1409,6,nflverse
Blaine Gabbert,QB,QB,SF,2016,6,925,5,6,40,173,2,1,-16,0,nflverse
Mark Ingram,RB,RB,NO,2016,16,0,0,0,205,1043,6,46,319,4,nflverse
Andy Dalton,QB,QB,CIN,2016,16,4206,18,8,46,184,4,0,0,0,nflverse
Colin Kaepernick,QB,QB,SF,2016,11,2241,16,4,69,468,2,0,0,0,nflverse
Kyle Rudolph,TE,TE,MIN,2016,16,0,0,0,0,0,0,83,840,7,nflverse
Lance Kendricks,TE,TE,LA,2016,16,0,0,0,0,0,0,50,499,2,nflverse
Shane Vereen,RB,RB,NYG,2016,5,0,0,0,33,158,1,11,94,0,nflverse
Torrey Smith,WR,WR,SF,2016,12,0,0,0,0,0,0,20,267,3,nflverse
Randall Cobb,WR,WR,GB,2016,13,0,0,0,10,33,0,60,610,4,nflverse
DeMarco Murray,RB,RB,TEN,2016,16,10,1,0,293,1287,9,53,377,3,nflverse
Bilal Powell,RB,RB,NYJ,2016,16,0,0,0,131,722,3,58,388,2,nflverse
Julius Thomas,TE,TE,JAX,2016,9,0,0,0,0,0,0,30,281,4,nflverse
Jacquizz Rodgers,RB,RB,TB,2016,10,0,0,0,129,560,2,13,98,0,nflverse
Dion Lewis,RB,RB,NE,2016,7,0,0,0,64,283,0,17,94,0,nflverse
Jeremy Kerley,WR,WR,SF,2016,16,0,0,0,0,0,0,64,667,3,nflverse
Charles Clay,TE,TE,BUF,2016,15,0,0,0,0,0,0,57,552,4,nflverse
Aldrick Robinson,WR,WR,ATL,2016,13,0,0,0,0,0,0,20,323,2,nflverse
Tyrod Taylor,QB,QB,BUF,2016,15,3023,17,6,95,580,6,0,0,0,nflverse
Virgil Green,TE,TE,DEN,2016,10,0,0,0,0,0,0,22,237,1,nflverse
Matt Asiata,RB,RB,MIN,2016,16,0,0,0,121,402,6,32,263,0,nflverse
Shaun Draughn,RB,RB,SF,2016,15,0,0,0,74,196,4,29,263,2,nflverse
Chris Hogan,WR,WR,NE,2016,15,0,0,0,3,9,0,38,680,4,nflverse
Andre Holmes,WR,WR,LV,2016,16,0,0,0,0,0,0,14,126,3,nflverse
DuJuan Harris,RB,RB,SF,2016,8,0,0,0,38,138,0,8,115,1,nflverse
Dontrelle Inman,WR,WR,LAC,2016,16,0,0,0,0,0,0,58,810,4,nflverse
Doug Baldwin,WR,WR,SEA,2016,16,15,1,0,3,2,0,94,1128,7,nflverse
Kamar Aiken,WR,WR,BAL,2016,16,0,0,0,0,0,0,29,328,1,nflverse
Terrelle Pryor,WR,WR,CLE,2016,16,41,0,0,8,21,1,77,1007,4,nflverse
Garrett Celek,TE,TE,SF,2016,14,0,0,0,0,0,0,29,350,3,nflverse
Case Keenum,QB,QB,LA,2016,10,2201,9,11,20,51,1,0,0,0,nflverse
Cole Beasley,WR,WR,DAL,2016,16,0,0,0,1,7,0,75,833,5,nflverse
Rod Streater,WR,WR,SF,2016,14,0,0,0,0,0,0,18,191,2,nflverse
Alshon Jeffery,WR,WR,CHI,2016,12,0,0,0,0,0,0,52,821,2,nflverse
Alfred Morris,RB,RB,DAL,2016,14,0,0,0,69,243,2,3,11,0,nflverse
Jermaine Kearse,WR,WR,SEA,2016,16,0,0,0,0,0,0,41,510,1,nflverse
Travaris Cadet,RB,RB,NO,2016,15,0,0,0,4,19,0,40,281,4,nflverse
Russell Wilson,QB,QB,SEA,2016,16,4219,21,11,72,259,1,2,14,1,nflverse
Travis Benjamin,WR,WR,LAC,2016,14,0,0,0,2,-3,0,47,677,4,nflverse
Robert Turbin,RB,RB,IND,2016,15,0,0,0,47,164,7,26,179,1,nflverse
Ladarius Green,TE,TE,PIT,2016,6,0,0,0,0,0,0,18,304,1,nflverse
Marvin Jones,WR,WR,DET,2016,15,0,0,0,1,3,0,55,930,4,nflverse
Josh Bellamy,WR,WR,CHI,2016,13,0,0,0,4,37,0,19,282,1,nflverse
Bobby Rainey,RB,RB,NYG,2016,11,0,0,0,17,63,0,20,153,0,nflverse
Deonte Thompson,WR,WR,CHI,2016,15,0,0,0,0,0,0,22,249,2,nflverse
Jamize Olawale,RB,RB,LV,2016,13,0,0,0,17,47,2,12,227,1,nflverse
Nick Foles,QB,QB,KC,2016,2,410,3,0,4,-4,0,0,0,0,nflverse
Rishard Matthews,WR,WR,TEN,2016,16,0,0,0,0,0,0,65,945,9,nflverse
Kirk Cousins,QB,QB,WAS,2016,16,4917,25,12,34,96,4,0,0,0,nflverse
T.Y. Hilton,WR,WR,IND,2016,16,0,0,0,0,0,0,91,1448,6,nflverse
Doug Martin,RB,RB,TB,2016,8,0,0,0,144,421,3,14,134,0,nflverse
Lamar Miller,RB,RB,HOU,2016,14,0,0,0,268,1073,5,31,188,1,nflverse
Mohamed Sanu,WR,WR,ATL,2016,15,0,0,0,1,5,0,59,653,4,nflverse
Michael Floyd,WR,WR,NE,2016,14,0,0,0,0,0,0,37,488,5,nflverse
Brian Quick,WR,WR,LA,2016,16,0,0,0,0,0,0,41,564,3,nflverse
Robert Griffin III,QB,QB,CLE,2016,5,886,2,3,31,190,2,0,0,0,nflverse
Andrew Luck,QB,QB,IND,2016,15,4240,31,13,64,341,2,0,0,0,nflverse
Brock Osweiler,QB,QB,HOU,2016,15,2957,15,16,30,131,2,1,-14,0,nflverse
Ronnie Hillman,RB,RB,LAC,2016,8,0,0,0,41,131,0,7,93,0,nflverse
Dwayne Allen,TE,TE,IND,2016,14,0,0,0,0,0,0,35,406,6,nflverse
Coby Fleener,TE,TE,NO,2016,16,0,0,0,1,2,1,50,631,3,nflverse
Ryan Tannehill,QB,QB,MIA,2016,13,2995,19,12,39,164,1,0,0,0,nflverse
Kendall Wright,WR,WR,TEN,2016,11,0,0,0,1,15,0,29,416,3,nflverse
Fozzy Whittaker,RB,RB,CAR,2016,16,0,0,0,57,265,0,25,226,0,nflverse
C.J. Anderson,RB,RB,DEN,2016,7,0,0,0,110,437,4,16,128,1,nflverse
Kyle Juszczyk,FB,RB,BAL,2016,16,0,0,0,5,22,1,37,266,0,nflverse
Adam Thielen,WR,WR,MIN,2016,16,0,0,0,2,15,0,69,967,5,nflverse
Zach Ertz,TE,TE,PHI,2016,14,0,0,0,0,0,0,78,816,4,nflverse
Marquise Goodwin,WR,WR,BUF,2016,14,0,0,0,0,0,0,29,431,3,nflverse
Kenny Stills,WR,WR,MIA,2016,16,0,0,0,0,0,0,42,726,9,nflverse
Luke Willson,TE,TE,SEA,2016,10,0,0,0,0,0,0,15,129,2,nflverse
Theo Riddick,RB,RB,DET,2016,10,0,0,0,92,357,1,53,371,5,nflverse
Ryan Griffin,TE,TE,HOU,2016,16,0,0,0,0,0,0,50,442,2,nflverse
Charles D. Johnson,WR,WR,MIN,2016,14,0,0,0,0,0,0,20,232,0,nflverse
Kerwynn Williams,RB,RB,ARI,2016,5,0,0,0,18,157,2,1,6,0,nflverse
Russell Shepard,WR,WR,TB,2016,13,0,0,0,1,9,0,23,341,2,nflverse
Jack Doyle,TE,TE,IND,2016,16,0,0,0,0,0,0,59,584,5,nflverse
Rex Burkhead,RB,RB,CIN,2016,14,0,0,0,74,344,2,17,145,0,nflverse
Cobi Hamilton,WR,WR,PIT,2016,11,0,0,0,0,0,0,17,234,2,nflverse
Chris Thompson,RB,RB,WAS,2016,16,0,0,0,68,356,3,49,349,2,nflverse
Spencer Ware,RB,RB,KC,2016,14,0,0,0,214,921,3,33,447,2,nflverse
Dion Sims,TE,TE,MIA,2016,13,0,0,0,0,0,0,26,256,4,nflverse
Robert Woods,WR,WR,BUF,2016,13,0,0,0,1,6,0,51,613,1,nflverse
Christine Michael,RB,RB,GB,2016,15,0,0,0,148,583,7,22,107,1,nflverse
Mike Gillislee,RB,RB,BUF,2016,15,0,0,0,101,577,8,9,50,1,nflverse
Levine Toilolo,TE,TE,ATL,2016,13,0,0,0,0,0,0,13,264,2,nflverse
Quinton Patton,WR,WR,SF,2016,13,0,0,0,0,0,0,37,408,0,nflverse
Giovani Bernard,RB,RB,CIN,2016,10,0,0,0,91,337,2,39,336,1,nflverse
Kenjon Barner,RB,RB,PHI,2016,11,0,0,0,27,129,2,5,42,0,nflverse
Vance McDonald,TE,TE,SF,2016,10,0,0,0,0,0,0,24,391,4,nflverse
Jordan Reed,TE,TE,WAS,2016,12,0,0,0,0,0,0,66,686,6,nflverse
Eddie Lacy,RB,RB,GB,2016,5,0,0,0,71,360,0,4,28,0,nflverse
Le'Veon Bell,RB,RB,PIT,2016,12,0,0,0,261,1268,7,75,616,2,nflverse
Travis Kelce,TE,TE,KC,2016,16,0,0,0,1,-5,0,85,1125,4,nflverse
Latavius Murray,RB,RB,LV,2016,14,0,0,0,195,788,12,33,264,0,nflverse
Brice Butler,WR,WR,DAL,2016,14,0,0,0,0,0,0,16,219,3,nflverse
Justin Hunter,WR,WR,BUF,2016,10,0,0,0,0,0,0,10,189,4,nflverse
Landry Jones,QB,QB,PIT,2016,7,558,4,2,6,-4,0,0,0,0,nflverse
Tavon Austin,WR,WR,LA,2016,15,0,0,0,28,159,1,58,509,3,nflverse
Matt Barkley,QB,QB,CHI,2016,7,1611,8,14,7,2,0,1,2,1,nflverse
Terrance Williams,WR,WR,DAL,2016,15,0,0,0,0,0,0,44,594,4,nflverse
Tyler Eifert,TE,TE,CIN,2016,8,0,0,0,0,0,0,29,394,5,nflverse
DeAndre Hopkins,WR,WR,HOU,2016,16,0,0,0,0,0,0,78,954,4,nflverse
Cordarrelle Patterson,RB,RB,MIN,2016,16,0,0,0,7,43,0,52,453,2,nflverse
Isaiah Crowell,RB,RB,CLE,2016,16,0,0,0,198,952,7,40,319,0,nflverse
Willie Snead,WR,WR,NO,2016,15,50,1,0,0,0,0,72,895,4,nflverse
Charcandrick West,RB,RB,KC,2016,15,0,0,0,88,293,1,28,188,2,nflverse
Albert Wilson,WR,WR,KC,2016,14,0,0,0,2,50,1,31,279,2,nflverse
Bennie Fowler,WR,WR,DEN,2016,12,0,0,0,0,0,0,11,145,2,nflverse
Trey Burton,TE,TE,PHI,2016,14,0,0,0,0,0,0,37,327,1,nflverse
Brandon Coleman,WR,WR,NO,2016,14,0,0,0,0,0,0,26,281,3,nflverse
Allen Hurns,WR,WR,JAX,2016,11,0,0,0,0,0,0,35,477,3,nflverse
Erik Swoope,TE,TE,IND,2016,12,0,0,0,0,0,0,15,297,1,nflverse
Orleans Darkwa,RB,RB,NYG,2016,7,0,0,0,30,111,2,2,12,0,nflverse
Damien Williams,RB,RB,MIA,2016,15,0,0,0,35,115,3,23,249,3,nflverse
Jeff Janis,WR,WR,GB,2016,14,0,0,0,2,38,1,11,93,1,nflverse
Quincy Enunwa,WR,WR,NYJ,2016,16,0,0,0,1,12,0,58,857,4,nflverse
Xavier Grimble,TE,TE,PIT,2016,8,0,0,0,0,0,0,11,118,2,nflverse
Carlos Hyde,RB,RB,SF,2016,13,0,0,0,217,988,6,27,163,3,nflverse
John Brown,WR,WR,ARI,2016,15,0,0,0,1,10,0,39,517,2,nflverse
James White,RB,RB,NE,2016,16,0,0,0,39,166,0,60,551,5,nflverse
Alfred Blue,RB,RB,HOU,2016,14,0,0,0,100,420,1,12,40,0,nflverse
Kapri Bibbs,RB,RB,DEN,2016,9,0,0,0,29,129,0,2,75,1,nflverse
Corey Brown,WR,WR,CAR,2016,16,0,0,0,2,6,0,27,276,1,nflverse
Seth Roberts,WR,WR,LV,2016,16,0,0,0,0,0,0,38,397,5,nflverse
Taylor Gabriel,WR,WR,ATL,2016,12,0,0,0,4,51,1,35,579,6,nflverse
Odell Beckham Jr.,WR,WR,NYG,2016,16,0,0,0,1,9,0,101,1367,10,nflverse
Brandin Cooks,WR,WR,NO,2016,15,0,0,0,6,30,0,78,1173,8,nflverse
Paul Richardson,WR,WR,SEA,2016,13,0,0,0,1,5,0,21,288,1,nflverse
Cameron Brate,TE,TE,TB,2016,15,0,0,0,0,0,0,57,660,8,nflverse
Derek Carr,QB,QB,LV,2016,15,3937,28,6,39,70,0,0,0,0,nflverse
Devonta Freeman,RB,RB,ATL,2016,16,0,0,0,227,1079,11,54,462,2,nflverse
Jordan Matthews,TE,TE,PHI,2016,14,0,0,0,0,0,0,73,804,3,nflverse
Jeremy Hill,RB,RB,CIN,2016,15,0,0,0,222,839,9,21,174,0,nflverse
C.J. Fiedorowicz,TE,TE,HOU,2016,15,0,0,0,0,0,0,54,559,4,nflverse
Sammy Watkins,WR,WR,BUF,2016,8,0,0,0,0,0,0,28,430,2,nflverse
Donte Moncrief,WR,WR,IND,2016,9,0,0,0,1,-1,0,30,307,7,nflverse
Jimmy Garoppolo,QB,QB,NE,2016,6,502,4,0,10,6,0,1,3,0,nflverse
Kelvin Benjamin,WR,WR,CAR,2016,16,0,0,0,0,0,0,63,941,7,nflverse
Terrance West,RB,RB,BAL,2016,16,0,0,0,193,774,5,34,236,1,nflverse
Jerick McKinnon,RB,RB,MIN,2016,15,0,0,0,159,539,2,43,255,2,nflverse
Davante Adams,WR,WR,GB,2016,16,0,0,0,0,0,0,75,997,12,nflverse
Jarvis Landry,WR,WR,MIA,2016,16,0,0,0,5,17,0,94,1136,4,nflverse
Richard Rodgers,TE,TE,GB,2016,15,0,0,0,0,0,0,30,271,2,nflverse
Eric Ebron,TE,TE,DET,2016,13,0,0,0,1,1,1,61,711,1,nflverse
Charles Sims,RB,RB,TB,2016,7,0,0,0,51,149,1,24,190,1,nflverse
Blake Bortles,QB,QB,JAX,2016,16,3905,23,16,58,359,3,1,20,1,nflverse
Mike Evans,WR,WR,TB,2016,16,0,0,0,0,0,0,96,1321,12,nflverse
Allen Robinson,WR,WR,JAX,2016,16,0,0,0,0,0,0,73,883,6,nflverse
Marqise Lee,WR,WR,JAX,2016,16,20,1,0,6,35,0,63,851,3,nflverse
Jameis Winston,QB,QB,TB,2016,16,4090,28,18,53,165,1,0,0,0,nflverse
Amari Cooper,WR,WR,LV,2016,16,0,0,0,1,0,0,83,1153,5,nflverse
DeVante Parker,WR,WR,MIA,2016,15,0,0,0,0,0,0,56,744,4,nflverse
Nelson Agholor,WR,WR,PHI,2016,15,0,0,0,5,14,0,36,365,2,nflverse
Bryce Petty,QB,QB,NYJ,2016,6,809,3,7,5,19,0,0,0,0,nflverse
Jeremy Langford,RB,RB,CHI,2016,12,0,0,0,62,200,4,19,142,0,nflverse
Justin Hardy,WR,WR,ATL,2016,13,0,0,0,0,0,0,21,203,4,nflverse
Stefon Diggs,WR,WR,MIN,2016,13,0,0,0,3,10,0,84,903,3,nflverse
Jay Ajayi,RB,RB,MIA,2016,15,0,0,0,260,1272,8,27,151,0,nflverse
Cameron Artis-Payne,RB,RB,CAR,2016,3,0,0,0,36,144,2,1,11,0,nflverse
Darren Waller,TE,TE,BAL,2016,10,0,0,0,0,0,0,10,85,2,nflverse
Aaron Ripkowski,FB,RB,GB,2016,10,0,0,0,34,150,2,9,46,1,nflverse
Zach Zenner,RB,RB,DET,2016,11,0,0,0,88,334,4,18,196,0,nflverse
Jordan Taylor,WR,WR,DEN,2016,11,0,0,0,0,0,0,16,209,2,nflverse
Corey Grant,RB,RB,JAX,2016,10,0,0,0,32,164,1,4,35,1,nflverse
Eli Rogers,WR,WR,PIT,2016,13,0,0,0,1,6,0,48,594,3,nflverse
Thomas Rawls,RB,RB,SEA,2016,9,0,0,0,109,349,3,13,96,0,nflverse
Cameron Meredith,WR,WR,CHI,2016,14,2,1,0,1,6,0,66,888,4,nflverse
Matt Jones,RB,RB,WAS,2016,7,0,0,0,99,460,3,8,73,0,nflverse
Jamison Crowder,WR,WR,WAS,2016,16,0,0,0,2,-2,0,67,847,7,nflverse
Will Tye,TE,TE,NYG,2016,16,0,0,0,0,0,0,48,395,1,nflverse
Adam Humphries,WR,WR,TB,2016,15,0,0,0,5,18,0,55,622,2,nflverse
Breshad Perriman,WR,WR,BAL,2016,15,0,0,0,1,2,0,33,499,3,nflverse
Devin Funchess,WR,WR,CAR,2016,14,0,0,0,0,0,0,23,371,4,nflverse
Tevin Coleman,RB,RB,ATL,2016,13,0,0,0,118,520,8,31,421,3,nflverse
J.J. Nelson,WR,WR,ARI,2016,14,0,0,0,4,83,1,34,568,6,nflverse
Chris Conley,WR,WR,KC,2016,16,0,0,0,0,0,0,44,530,0,nflverse
C.J. Uzomah,TE,TE,CIN,2016,8,0,0,0,0,0,0,25,234,1,nflverse
Jesse James,TE,TE,PIT,2016,16,0,0,0,0,0,0,39,338,3,nflverse
Melvin Gordon,RB,RB,LAC,2016,13,0,0,0,254,997,10,41,419,2,nflverse
Trevor Siemian,QB,QB,DEN,2016,14,3401,18,10,28,57,0,0,0,0,nflverse
Tyrell Williams,WR,WR,LAC,2016,16,0,0,0,0,0,0,69,1059,7,nflverse
Sammie Coates,WR,WR,PIT,2016,14,0,0,0,4,14,0,21,435,2,nflverse
David Johnson,RB,RB,ARI,2016,16,0,0,0,293,1239,16,80,879,4,nflverse
Ty Montgomery,WR,WR,GB,2016,15,0,0,0,77,457,3,44,348,0,nflverse
Phillip Dorsett,WR,WR,IND,2016,15,0,0,0,2,10,0,33,528,2,nflverse
T.J. Yeldon,RB,RB,JAX,2016,15,0,0,0,130,465,1,50,312,1,nflverse
Tyler Lockett,WR,WR,SEA,2016,15,0,0,0,6,114,1,41,597,1,nflverse
Dorial Green-Beckham,WR,WR,PHI,2016,14,0,0,0,0,0,0,36,392,2,nflverse
Todd Gurley,RB,RB,LA,2016,16,0,0,0,278,885,6,43,327,0,nflverse
Clive Walford,TE,TE,LV,2016,15,0,0,0,0,0,0,33,359,3,nflverse
Duke Johnson,RB,RB,CLE,2016,16,0,0,0,73,358,1,53,514,0,nflverse
Marcus Mariota,QB,QB,TEN,2016,15,3426,26,9,60,349,2,0,0,0,nflverse
Chester Rogers,WR,WR,IND,2016,14,0,0,0,0,0,0,19,273,0,nflverse
Rob Kelley,RB,RB,WAS,2016,14,0,0,0,168,704,6,12,82,1,nflverse
Sterling Shepard,WR,WR,NYG,2016,16,0,0,0,3,31,0,65,683,8,nflverse
Austin Hooper,TE,TE,ATL,2016,13,0,0,0,0,0,0,19,271,3,nflverse
C.J. Prosise,RB,RB,SEA,2016,6,0,0,0,30,172,1,17,208,0,nflverse
Malcolm Mitchell,WR,WR,NE,2016,12,0,0,0,0,0,0,32,401,4,nflverse
Kenneth Dixon,RB,RB,BAL,2016,12,0,0,0,88,382,2,30,162,1,nflverse
Paul Perkins,RB,RB,NYG,2016,14,0,0,0,112,456,0,15,162,0,nflverse
Alex Collins,RB,RB,SEA,2016,9,0,0,0,31,125,1,11,84,0,nflverse
Dwayne Washington,RB,RB,DET,2016,11,0,0,0,90,265,1,10,62,0,nflverse
Tanner McEvoy,WR,WR,SEA,2016,8,43,0,0,0,0,0,9,140,2,nflverse
Geronimo Allison,WR,WR,GB,2016,7,0,0,0,0,0,0,12,202,2,nflverse
Roger Lewis,WR,WR,NYG,2016,10,0,0,0,0,0,0,7,97,2,nflverse
Robbie Chosen,WR,WR,NYJ,2016,14,0,0,0,3,42,0,42,587,2,nflverse
Jalin Marshall,WR,WR,NYJ,2016,10,0,0,0,0,0,0,14,162,2,nflverse
Peyton Barber,RB,RB,TB,2016,10,0,0,0,55,223,1,5,28,0,nflverse
Derrick Henry,RB,RB,TEN,2016,14,0,0,0,110,490,5,13,137,0,nflverse
Michael Thomas,WR,WR,NO,2016,15,0,0,0,0,0,0,92,1137,9,nflverse
Tajae Sharpe,WR,WR,TEN,2016,16,0,0,0,1,1,0,41,522,2,nflverse
Jordan Howard,RB,RB,CHI,2016,15,0,0,0,252,1313,6,29,298,1,nflverse
Wendell Smallwood,RB,RB,PHI,2016,12,0,0,0,77,312,1,6,55,0,nflverse
Cody Core,WR,WR,CIN,2016,7,0,0,0,0,0,0,17,200,0,nflverse
Kenneth Farrow,RB,RB,LAC,2016,11,0,0,0,60,192,0,13,70,0,nflverse
DeAndre Washington,RB,RB,LV,2016,13,0,0,0,87,467,2,17,115,0,nflverse
Carson Wentz,QB,QB,PHI,2016,16,3782,16,14,46,150,2,1,7,0,nflverse
Corey Coleman,WR,WR,CLE,2016,10,0,0,0,2,10,0,33,413,3,nflverse
Devontae Booker,RB,RB,DEN,2016,16,0,0,0,174,612,4,31,265,1,nflverse
Tyler Boyd,WR,WR,CIN,2016,16,0,0,0,4,58,0,54,603,1,nflverse
Jalen Richard,RB,RB,LV,2016,16,0,0,0,83,491,1,29,194,2,nflverse
Tyreek Hill,WR,WR,KC,2016,16,0,0,0,24,267,3,61,593,6,nflverse
Ezekiel Elliott,RB,RB,DAL,2016,15,0,0,0,322,1631,15,32,363,1,nflverse
Dak Prescott,QB,QB,DAL,2016,16,3667,23,4,57,282,6,0,0,0,nflverse
Ricardo Louis,WR,WR,CLE,2016,14,0,0,0,0,0,0,18,205,0,nflverse
Seth DeValve,TE,TE,CLE,2016,8,0,0,0,0,0,0,10,127,2,nflverse
Hunter Henry,TE,TE,LAC,2016,13,0,0,0,0,0,0,36,478,8,nflverse
Cody Kessler,QB,QB,CLE,2016,9,1380,6,2,11,18,0,0,0,0,nflverse
Jared Goff,QB,QB,LA,2016,7,1089,5,7,8,16,1,0,0,0,nflverse
Kenyan Drake,RB,RB,MIA,2016,15,0,0,0,33,179,2,9,46,0,nflverse
Will Fuller,WR,WR,HOU,2016,14,0,0,0,1,-3,0,47,635,2,nflverse
Tom Brady,QB,QB,NE,2017,16,4577,32,8,25,28,0,0,0,0,nflverse
Drew Brees,QB,QB,NO,2017,16,4334,23,8,33,12,2,0,0,0,nflverse
Josh McCown,QB,QB,NYJ,2017,13,2926,18,9,37,124,5,0,0,0,nflverse
Carson Palmer,QB,QB,ARI,2017,7,1978,9,7,14,12,0,0,0,0,nflverse
Antonio Gates,TE,TE,LAC,2017,16,0,0,0,0,0,0,30,316,3,nflverse
Jason Witten,TE,TE,DAL,2017,16,0,0,0,0,0,0,63,560,5,nflverse
Eli Manning,QB,QB,NYG,2017,15,3468,19,13,12,26,1,0,0,0,nflverse
Larry Fitzgerald,WR,WR,ARI,2017,16,21,0,0,0,0,0,109,1156,6,nflverse
Ben Roethlisberger,QB,QB,PIT,2017,15,4259,28,14,28,47,0,0,0,0,nflverse
Philip Rivers,QB,QB,LAC,2017,16,4515,28,10,18,-2,0,0,0,0,nflverse
Benjamin Watson,TE,TE,BAL,2017,16,0,0,0,0,0,0,61,522,4,nflverse
Alex Smith,QB,QB,KC,2017,15,4042,26,5,60,355,1,0,0,0,nflverse
Aaron Rodgers,QB,QB,GB,2017,7,1675,16,6,24,126,0,0,0,0,nflverse
Frank Gore,RB,RB,IND,2017,16,0,0,0,261,961,3,29,245,1,nflverse
Ryan Fitzpatrick,QB,QB,TB,2017,6,1103,7,3,15,78,0,0,0,0,nflverse
Vernon Davis,TE,TE,WAS,2017,16,0,0,0,0,0,0,43,648,3,nflverse
Jay Cutler,QB,QB,MIA,2017,14,2666,19,14,19,32,0,0,0,0,nflverse
Marcedes Lewis,TE,TE,JAX,2017,16,0,0,0,0,0,0,24,318,5,nflverse
Delanie Walker,TE,TE,TEN,2017,16,0,0,0,2,-2,1,74,807,3,nflverse
Adrian Peterson,RB,RB,ARI,2017,10,0,0,0,156,529,2,11,70,0,nflverse
Ted Ginn,WR,WR,NO,2017,15,0,0,0,10,39,0,53,787,4,nflverse
Marshawn Lynch,RB,RB,LV,2017,15,0,0,0,207,891,7,20,151,0,nflverse
Drew Stanton,QB,QB,ARI,2017,5,894,6,5,9,7,0,0,0,0,nflverse
Matt Moore,QB,QB,MIA,2017,4,861,4,5,3,9,0,0,0,0,nflverse
Danny Woodhead,RB,RB,BAL,2017,8,0,0,0,14,56,0,33,200,0,nflverse
Danny Amendola,WR,WR,NE,2017,15,0,0,0,0,0,0,61,659,2,nflverse
Mike Tolbert,FB,RB,BUF,2017,12,0,0,0,66,247,1,14,78,0,nflverse
Matt Ryan,QB,QB,ATL,2017,16,4095,20,12,32,143,0,0,0,0,nflverse
Jonathan Stewart,RB,RB,CAR,2017,15,0,0,0,198,680,6,8,52,1,nflverse
Joe Flacco,QB,QB,BAL,2017,16,3141,18,13,25,54,1,0,0,0,nflverse
Jordy Nelson,WR,WR,GB,2017,14,0,0,0,0,0,0,53,482,6,nflverse
Matt Forte,RB,RB,NYJ,2017,12,0,0,0,103,381,2,37,293,1,nflverse
DeSean Jackson,WR,WR,TB,2017,14,0,0,0,3,38,0,50,668,3,nflverse
Martellus Bennett,TE,TE,NE,2017,9,0,0,0,0,0,0,30,286,0,nflverse
Jamaal Charles,RB,RB,DEN,2017,13,0,0,0,69,296,1,23,129,0,nflverse
Pierre Garcon,WR,WR,SF,2017,8,0,0,0,0,0,0,40,500,0,nflverse
Matthew Stafford,QB,QB,DET,2017,16,4446,29,10,29,98,0,0,0,0,nflverse
Brian Hoyer,QB,QB,NE,2017,10,1287,4,4,9,4,1,0,0,0,nflverse
Mike Wallace,WR,WR,BAL,2017,15,0,0,0,1,4,0,52,748,4,nflverse
Michael Crabtree,WR,WR,LV,2017,13,0,0,0,0,0,0,58,618,8,nflverse
Jeremy Maclin,WR,WR,BAL,2017,12,0,0,0,0,0,0,40,440,3,nflverse
Kenny Britt,WR,WR,NE,2017,12,0,0,0,0,0,0,20,256,2,nflverse
LeSean McCoy,RB,RB,BUF,2017,16,0,0,0,287,1138,6,59,448,2,nflverse
Jared Cook,TE,TE,LV,2017,16,0,0,0,0,0,0,54,688,2,nflverse
Zach Miller,TE,TE,CHI,2017,8,0,0,0,0,0,0,20,236,2,nflverse
LeGarrette Blount,RB,RB,PHI,2017,16,0,0,0,173,766,2,8,50,1,nflverse
Chris Ivory,RB,RB,JAX,2017,14,0,0,0,112,382,1,21,175,1,nflverse
Rob Gronkowski,TE,TE,NE,2017,13,0,0,0,0,0,0,69,1084,8,nflverse
Ed Dickson,TE,TE,CAR,2017,14,0,0,0,0,0,0,30,437,1,nflverse
Brandon LaFell,WR,WR,CIN,2017,16,0,0,0,0,0,0,52,548,3,nflverse
Emmanuel Sanders,WR,WR,DEN,2017,12,0,0,0,0,0,0,47,555,2,nflverse
Eric Decker,WR,WR,TEN,2017,16,0,0,0,0,0,0,54,563,1,nflverse
Jimmy Graham,TE,TE,SEA,2017,16,0,0,0,0,0,0,57,520,10,nflverse
Antonio Brown,WR,WR,PIT,2017,14,0,0,0,0,0,0,101,1533,9,nflverse
Sam Bradford,QB,QB,MIN,2017,2,382,3,0,2,-3,0,0,0,0,nflverse
Jermaine Gresham,TE,TE,ARI,2017,14,0,0,0,0,0,0,33,322,2,nflverse
Demaryius Thomas,WR,WR,DEN,2017,16,0,0,0,0,0,0,83,949,5,nflverse
Golden Tate,WR,WR,DET,2017,16,0,0,0,5,22,0,92,1003,5,nflverse
Dez Bryant,WR,WR,DAL,2017,16,0,0,0,1,-4,0,69,838,6,nflverse
Cam Newton,QB,QB,CAR,2017,16,3302,22,16,139,754,6,0,0,0,nflverse
A.J. Green,WR,WR,CIN,2017,16,0,0,0,0,0,0,75,1078,8,nflverse
Julio Jones,WR,WR,ATL,2017,16,0,0,0,1,15,0,88,1444,3,nflverse
Blaine Gabbert,QB,QB,ARI,2017,5,1086,6,6,22,82,0,0,0,0,nflverse
Mark Ingram,RB,RB,NO,2017,16,0,0,0,230,1124,12,58,416,0,nflverse
Andy Dalton,QB,QB,CIN,2017,16,3320,25,12,38,99,0,0,0,0,nflverse
Kyle Rudolph,TE,TE,MIN,2017,16,0,0,0,0,0,0,57,532,8,nflverse
Lance Kendricks,TE,TE,GB,2017,14,0,0,0,0,0,0,18,203,1,nflverse
Shane Vereen,RB,RB,NYG,2017,16,0,0,1,45,164,0,44,253,0,nflverse
Torrey Smith,WR,WR,PHI,2017,16,0,0,0,1,-3,0,36,430,2,nflverse
Randall Cobb,WR,WR,GB,2017,14,10,0,0,9,17,0,66,653,4,nflverse
DeMarco Murray,RB,RB,TEN,2017,15,0,0,0,184,659,6,39,266,1,nflverse
Bilal Powell,RB,RB,NYJ,2017,15,0,0,0,178,772,5,23,170,0,nflverse
Julius Thomas,TE,TE,MIA,2017,14,0,0,0,0,0,0,41,388,3,nflverse
Jacquizz Rodgers,RB,RB,TB,2017,16,0,0,0,64,244,1,9,74,0,nflverse
Dion Lewis,RB,RB,NE,2017,16,0,0,0,180,896,6,32,214,3,nflverse
T.J. Yates,QB,QB,HOU,2017,4,523,4,3,5,51,0,0,0,0,nflverse
Jeremy Kerley,WR,WR,NYJ,2017,8,0,0,0,0,0,0,22,217,1,nflverse
Charles Clay,TE,TE,BUF,2017,13,0,0,0,0,0,0,49,558,2,nflverse
Aldrick Robinson,WR,WR,SF,2017,14,0,0,0,0,0,0,19,260,2,nflverse
Tyrod Taylor,QB,QB,BUF,2017,15,2799,14,4,84,427,4,0,0,0,nflverse
Chris Hogan,WR,WR,NE,2017,9,0,0,0,3,17,0,34,439,5,nflverse
Andre Holmes,WR,WR,BUF,2017,10,0,0,0,0,0,0,13,120,3,nflverse
Dontrelle Inman,WR,WR,CHI,2017,10,0,0,0,0,0,0,25,343,1,nflverse
Doug Baldwin,WR,WR,SEA,2017,16,0,0,0,2,-8,0,75,991,8,nflverse
Terrelle Pryor,WR,WR,WAS,2017,8,0,0,0,0,0,0,20,240,1,nflverse
Garrett Celek,TE,TE,SF,2017,14,0,0,0,0,0,0,21,336,4,nflverse
Case Keenum,QB,QB,MIN,2017,15,3547,22,7,40,160,1,0,0,0,nflverse
Cole Beasley,WR,WR,DAL,2017,15,0,0,0,0,0,0,36,314,4,nflverse
Alshon Jeffery,WR,WR,PHI,2017,16,0,0,0,0,0,0,57,789,9,nflverse
Alfred Morris,RB,RB,DAL,2017,13,0,0,0,115,547,1,7,45,0,nflverse
Jermaine Kearse,WR,WR,NYJ,2017,16,0,0,0,0,0,0,65,810,5,nflverse
Travaris Cadet,RB,RB,BUF,2017,7,0,0,0,23,96,0,16,119,0,nflverse
Russell Wilson,QB,QB,SEA,2017,16,3983,34,11,95,586,3,0,0,0,nflverse
Travis Benjamin,WR,WR,LAC,2017,16,0,0,0,13,96,0,34,567,4,nflverse
Marvin Jones,WR,WR,DET,2017,16,0,0,0,0,0,0,61,1101,9,nflverse
Josh Bellamy,WR,WR,CHI,2017,11,0,0,0,1,6,0,24,376,1,nflverse
Deonte Thompson,WR,WR,BUF,2017,16,0,0,0,2,-5,0,38,555,2,nflverse
Nick Foles,QB,QB,PHI,2017,7,537,5,2,11,3,0,0,0,0,nflverse
Jarius Wright,WR,WR,MIN,2017,12,0,0,0,0,0,0,18,198,2,nflverse
Rishard Matthews,WR,WR,TEN,2017,14,0,0,0,1,-3,0,53,795,4,nflverse
Rhett Ellison,TE,TE,NYG,2017,14,0,0,0,0,0,0,24,235,2,nflverse
Kirk Cousins,QB,QB,WAS,2017,16,4093,27,13,49,179,4,0,0,0,nflverse
T.Y. Hilton,WR,WR,IND,2017,16,0,0,0,0,0,0,57,966,4,nflverse
Doug Martin,RB,RB,TB,2017,11,0,0,0,138,406,3,9,84,0,nflverse
Lamar Miller,RB,RB,HOU,2017,16,0,0,0,238,888,3,36,327,3,nflverse
Mohamed Sanu,WR,WR,ATL,2017,15,51,1,0,4,10,0,67,703,5,nflverse
Josh Gordon,WR,WR,CLE,2017,5,0,0,0,0,0,0,18,335,1,nflverse
Brock Osweiler,QB,QB,DEN,2017,6,1088,5,5,14,64,1,0,0,0,nflverse
Coby Fleener,TE,TE,NO,2017,11,0,0,0,0,0,0,22,295,2,nflverse
Kendall Wright,WR,WR,CHI,2017,15,0,0,0,0,0,0,59,614,1,nflverse
Darren Fells,TE,TE,DET,2017,14,0,0,0,0,0,0,17,177,3,nflverse
Benny Cunningham,RB,RB,CHI,2017,14,0,0,0,9,29,0,20,240,2,nflverse
C.J. Anderson,RB,RB,DEN,2017,16,0,0,0,245,1007,3,28,224,1,nflverse
Kyle Juszczyk,FB,RB,SF,2017,14,0,0,0,7,31,0,33,315,1,nflverse
Adam Thielen,WR,WR,MIN,2017,16,0,0,0,1,11,0,91,1276,4,nflverse
Zach Ertz,TE,TE,PHI,2017,14,0,0,0,0,0,0,74,824,8,nflverse
Marquise Goodwin,WR,WR,SF,2017,16,0,0,0,4,44,0,56,962,2,nflverse
Kenny Stills,WR,WR,MIA,2017,16,0,0,0,0,0,0,58,847,6,nflverse
Luke Willson,TE,TE,SEA,2017,14,0,0,0,0,0,0,15,153,4,nflverse
Tavarres King,WR,WR,NYG,2017,8,0,0,0,2,3,0,18,240,3,nflverse
Theo Riddick,RB,RB,DET,2017,16,0,0,0,84,286,3,53,444,2,nflverse
Tommy Bohanon,FB,RB,JAX,2017,12,0,0,0,5,5,2,6,43,1,nflverse
Kerwynn Williams,RB,RB,ARI,2017,16,0,0,0,120,426,1,10,93,0,nflverse
Russell Shepard,WR,WR,CAR,2017,15,0,0,0,2,19,0,17,202,1,nflverse
Demetrius Harris,TE,TE,KC,2017,13,0,0,0,0,0,0,18,224,1,nflverse
Jack Doyle,TE,TE,IND,2017,15,0,0,0,0,0,0,80,690,4,nflverse
Keenan Allen,WR,WR,LAC,2017,16,0,0,0,2,9,0,102,1393,6,nflverse
Andre Ellington,RB,RB,HOU,2017,11,0,0,0,20,55,1,39,369,0,nflverse
Rex Burkhead,RB,RB,NE,2017,10,0,0,0,64,264,5,30,254,3,nflverse
Jaron Brown,WR,WR,ARI,2017,16,0,0,0,0,0,0,31,477,4,nflverse
Chris Thompson,RB,RB,WAS,2017,10,0,0,0,64,294,2,39,510,4,nflverse
Robert Woods,WR,WR,LA,2017,12,0,0,0,2,12,0,56,781,5,nflverse
Mike Gillislee,RB,RB,NE,2017,9,0,0,0,104,383,5,1,15,0,nflverse
Giovani Bernard,RB,RB,CIN,2017,16,0,0,0,105,458,2,43,389,2,nflverse
Jordan Reed,TE,TE,WAS,2017,6,0,0,0,0,0,0,27,211,2,nflverse
Eddie Lacy,RB,RB,SEA,2017,9,0,0,0,69,179,0,6,47,0,nflverse
Le'Veon Bell,RB,RB,PIT,2017,15,0,0,0,321,1291,9,86,663,2,nflverse
Travis Kelce,TE,TE,KC,2017,15,0,0,1,2,7,0,83,1038,8,nflverse
Latavius Murray,RB,RB,MIN,2017,16,0,0,0,216,842,8,15,103,0,nflverse
Brice Butler,WR,WR,DAL,2017,13,0,0,0,0,0,0,15,317,3,nflverse
Mike Glennon,QB,QB,CHI,2017,4,833,4,5,4,4,0,0,0,0,nflverse
Tavon Austin,WR,WR,LA,2017,14,0,0,0,59,270,1,13,47,0,nflverse
Terrance Williams,WR,WR,DAL,2017,16,0,0,0,2,15,0,53,568,0,nflverse
DeAndre Hopkins,WR,WR,HOU,2017,15,0,0,0,0,0,0,96,1378,13,nflverse
Cordarrelle Patterson,RB,RB,LV,2017,16,0,0,0,13,121,2,31,309,0,nflverse
Isaiah Crowell,RB,RB,CLE,2017,16,0,0,0,206,853,2,28,182,0,nflverse
Charcandrick West,RB,RB,KC,2017,12,0,0,0,18,72,2,27,150,2,nflverse
Albert Wilson,WR,WR,KC,2017,13,0,0,0,3,6,0,42,554,3,nflverse
Bennie Fowler,WR,WR,DEN,2017,16,0,0,0,0,0,0,29,350,3,nflverse
Trey Burton,TE,TE,PHI,2017,14,0,0,0,0,0,0,23,248,5,nflverse
Roosevelt Nix,FB,RB,PIT,2017,13,0,0,0,3,0,1,2,6,1,nflverse
Brandon Coleman,WR,WR,NO,2017,15,0,0,0,0,0,0,23,364,3,nflverse
Allen Hurns,WR,WR,JAX,2017,10,0,0,0,0,0,0,39,484,2,nflverse
Orleans Darkwa,RB,RB,NYG,2017,15,0,0,0,171,751,5,19,116,0,nflverse
Damien Williams,RB,RB,MIA,2017,10,0,0,0,46,181,0,20,155,1,nflverse
Michael Campanaro,WR,WR,BAL,2017,13,0,0,0,5,42,0,19,173,1,nflverse
Carlos Hyde,RB,RB,SF,2017,16,0,0,0,240,938,8,59,350,0,nflverse
John Brown,WR,WR,ARI,2017,10,0,0,0,1,10,0,21,299,3,nflverse
De'Anthony Thomas,WR,WR,KC,2017,14,0,0,0,1,4,0,14,143,2,nflverse
James White,RB,RB,NE,2017,14,0,0,0,43,171,0,56,429,3,nflverse
Tom Savage,QB,QB,HOU,2017,8,1412,5,6,4,2,0,0,0,0,nflverse
Ryan Grant,WR,WR,WAS,2017,16,0,0,0,0,0,0,45,573,4,nflverse
Alfred Blue,RB,RB,HOU,2017,9,0,0,0,71,262,1,7,54,0,nflverse
Kapri Bibbs,RB,RB,WAS,2017,3,0,0,0,21,79,0,14,128,1,nflverse
Seth Roberts,WR,WR,LV,2017,15,0,0,0,0,0,0,43,455,1,nflverse
T.J. Jones,WR,WR,DET,2017,13,0,0,0,0,0,0,30,399,1,nflverse
Taylor Gabriel,WR,WR,ATL,2017,16,0,0,0,8,49,0,33,378,1,nflverse
Odell Beckham Jr.,WR,WR,NYG,2017,4,0,0,0,1,8,0,25,302,3,nflverse
Brandin Cooks,WR,WR,NE,2017,16,0,0,0,9,40,0,65,1082,7,nflverse
Paul Richardson,WR,WR,SEA,2017,16,0,0,0,0,0,0,44,703,6,nflverse
Cameron Brate,TE,TE,TB,2017,16,0,0,0,0,0,0,48,591,6,nflverse
Derek Carr,QB,QB,LV,2017,15,3496,22,13,23,66,0,0,0,0,nflverse
Devonta Freeman,RB,RB,ATL,2017,14,0,0,0,196,865,7,36,317,1,nflverse
Jordan Matthews,TE,TE,BUF,2017,10,0,0,0,0,0,0,25,282,1,nflverse
Sammy Watkins,WR,WR,LA,2017,15,0,0,0,0,0,0,39,593,8,nflverse
Bruce Ellington,WR,WR,HOU,2017,11,0,0,0,3,17,0,29,330,2,nflverse
Donte Moncrief,WR,WR,IND,2017,12,0,0,0,0,0,0,26,391,2,nflverse
Cody Latimer,WR,WR,DEN,2017,11,0,0,0,0,0,0,19,287,2,nflverse
Jimmy Garoppolo,QB,QB,SF,2017,6,1560,7,5,15,11,1,1,-6,0,nflverse
Kelvin Benjamin,WR,WR,BUF,2017,14,0,0,0,0,0,0,47,671,3,nflverse
Martavis Bryant,WR,WR,PIT,2017,15,0,0,0,6,22,0,50,603,3,nflverse
Terrance West,RB,RB,BAL,2017,5,0,0,0,39,138,2,2,23,0,nflverse
Jerick McKinnon,RB,RB,MIN,2017,16,0,0,0,150,570,3,51,421,2,nflverse
Davante Adams,WR,WR,GB,2017,14,0,0,0,0,0,0,74,885,10,nflverse
Jarvis Landry,WR,WR,MIA,2017,16,0,0,0,1,-7,0,112,987,9,nflverse
Eric Ebron,TE,TE,DET,2017,16,0,0,0,0,0,0,53,574,4,nflverse
Charles Sims,RB,RB,TB,2017,15,0,0,0,21,95,0,35,249,1,nflverse
Blake Bortles,QB,QB,JAX,2017,16,3687,21,13,57,322,2,0,0,0,nflverse
Mike Evans,WR,WR,TB,2017,15,0,0,0,0,0,0,71,1001,5,nflverse
Austin Seferian-Jenkins,TE,TE,NYJ,2017,13,0,0,0,0,0,0,50,357,3,nflverse
Marqise Lee,WR,WR,JAX,2017,13,0,0,0,1,17,0,56,702,3,nflverse
Jameis Winston,QB,QB,TB,2017,13,3504,19,11,33,135,1,0,0,0,nflverse
Amari Cooper,WR,WR,LV,2017,14,0,0,0,1,4,0,48,680,7,nflverse
DeVante Parker,WR,WR,MIA,2017,13,0,0,0,0,0,0,57,670,1,nflverse
Nelson Agholor,WR,WR,PHI,2017,16,0,0,0,1,7,0,62,768,8,nflverse
Bryce Petty,QB,QB,NYJ,2017,4,544,1,3,7,55,0,0,0,0,nflverse
Justin Hardy,WR,WR,ATL,2017,10,0,0,0,0,0,0,20,221,3,nflverse
Javorius Allen,RB,RB,BAL,2017,16,0,0,0,153,591,4,46,250,2,nflverse
Stefon Diggs,WR,WR,MIN,2017,14,0,0,0,8,13,0,64,849,8,nflverse
Brett Hundley,QB,QB,GB,2017,11,1836,9,12,36,270,2,1,10,0,nflverse
Jay Ajayi,RB,RB,PHI,2017,14,0,0,0,208,873,1,24,158,1,nflverse
Nick Boyle,TE,TE,BAL,2017,15,0,0,0,0,0,0,28,203,0,nflverse
A.J. Derby,TE,TE,MIA,2017,11,0,0,0,0,0,0,21,244,2,nflverse
Corey Grant,RB,RB,JAX,2017,14,0,0,0,30,248,2,3,41,0,nflverse
Malcolm Brown,RB,RB,LA,2017,11,0,0,0,63,246,1,9,53,0,nflverse
Damiere Byrd,WR,WR,CAR,2017,8,0,0,0,1,12,0,10,105,2,nflverse
Thomas Rawls,RB,RB,SEA,2017,9,0,0,0,58,157,0,9,94,0,nflverse
Rod Smith,RB,RB,DAL,2017,13,0,0,0,55,232,4,19,202,1,nflverse
Jamison Crowder,WR,WR,WAS,2017,15,0,0,0,7,34,0,66,789,3,nflverse
Adam Humphries,WR,WR,TB,2017,16,0,0,0,1,6,0,61,631,1,nflverse
Devin Funchess,WR,WR,CAR,2017,16,0,0,0,0,0,0,63,840,8,nflverse
Tevin Coleman,RB,RB,ATL,2017,15,0,0,0,156,628,5,27,299,3,nflverse
Mike Davis,RB,RB,SEA,2017,6,0,0,0,68,240,0,15,131,0,nflverse
Ameer Abdullah,RB,RB,DET,2017,14,0,0,0,165,552,4,25,162,1,nflverse
J.J. Nelson,WR,WR,ARI,2017,16,0,0,0,3,37,0,29,508,2,nflverse
Nick O'Leary,TE,TE,BUF,2017,13,0,0,0,0,0,0,22,322,2,nflverse
Jesse James,TE,TE,PIT,2017,14,0,0,0,0,0,0,43,372,3,nflverse
Melvin Gordon,RB,RB,LAC,2017,16,0,0,0,284,1105,8,58,476,4,nflverse
Trevor Siemian,QB,QB,DEN,2017,11,2285,12,14,31,127,1,0,0,0,nflverse
Tyrell Williams,WR,WR,LAC,2017,16,0,0,0,0,0,0,43,728,4,nflverse
Ty Montgomery,WR,WR,GB,2017,8,0,0,0,71,273,3,23,173,1,nflverse
Phillip Dorsett,WR,WR,NE,2017,11,0,0,0,1,7,0,12,194,0,nflverse
T.J. Yeldon,RB,RB,JAX,2017,10,0,0,0,49,253,2,30,224,0,nflverse
Tyler Lockett,WR,WR,SEA,2017,16,0,0,0,10,58,0,45,555,2,nflverse
Tyler Kroft,TE,TE,CIN,2017,16,0,0,0,0,0,0,42,404,7,nflverse
Jeff Heuerman,TE,TE,DEN,2017,10,0,0,0,0,0,0,9,142,2,nflverse
Todd Gurley,RB,RB,LA,2017,15,0,0,0,279,1305,13,64,788,6,nflverse
Duke Johnson,RB,RB,CLE,2017,16,0,0,0,82,348,4,74,693,3,nflverse
Marcus Mariota,QB,QB,TEN,2017,15,3232,13,15,60,312,5,0,0,0,nflverse
Chester Rogers,WR,WR,IND,2017,10,0,0,0,3,8,0,23,284,1,nflverse
Rob Kelley,RB,RB,WAS,2017,7,0,0,0,62,194,3,4,18,0,nflverse
Sterling Shepard,WR,WR,NYG,2017,11,0,0,0,4,4,0,59,731,2,nflverse
Austin Hooper,TE,TE,ATL,2017,16,0,0,0,0,0,0,49,526,3,nflverse
Chris Moore,WR,WR,BAL,2017,13,0,0,0,2,-9,0,18,248,3,nflverse
Alex Collins,RB,RB,BAL,2017,15,0,0,0,212,973,6,23,187,0,nflverse
J.D. McKissic,RB,RB,SEA,2017,12,0,0,0,46,187,1,34,266,2,nflverse
Geronimo Allison,WR,WR,GB,2017,12,0,0,0,0,0,0,23,253,0,nflverse
Roger Lewis,WR,WR,NYG,2017,15,0,0,0,0,0,0,36,416,2,nflverse
Robbie Chosen,WR,WR,NYJ,2017,16,0,0,0,3,9,0,63,941,7,nflverse
Stephen Anderson,TE,TE,HOU,2017,14,0,0,0,0,0,0,25,342,1,nflverse
Peyton Barber,RB,RB,TB,2017,14,0,0,0,108,423,3,16,114,0,nflverse
Josh Doctson,WR,WR,WAS,2017,15,0,0,0,1,-14,0,35,502,6,nflverse
Derrick Henry,RB,RB,TEN,2017,16,0,0,0,176,744,5,11,136,1,nflverse
Michael Thomas,WR,WR,NO,2017,16,0,0,0,0,0,0,104,1245,5,nflverse
Demarcus Robinson,WR,WR,KC,2017,10,0,0,0,0,0,0,21,212,0,nflverse
Jordan Howard,RB,RB,CHI,2017,16,0,0,0,276,1122,9,23,125,0,nflverse
Wendell Smallwood,RB,RB,PHI,2017,8,0,0,0,47,174,1,13,103,0,nflverse
Kevin Hogan,QB,QB,CLE,2017,4,517,4,5,10,71,0,0,0,0,nflverse
Jakeem Grant,WR,WR,MIA,2017,15,0,0,0,3,12,0,13,203,2,nflverse
Elijhaa Penny,FB,RB,ARI,2017,10,0,0,0,31,124,2,4,38,0,nflverse
Johnny Holton,WR,WR,LV,2017,14,0,0,0,0,0,0,9,218,3,nflverse
DeAndre Washington,RB,RB,LV,2017,15,0,0,0,57,153,2,34,197,1,nflverse
Carson Wentz,QB,QB,PHI,2017,13,3296,33,7,64,299,0,0,0,0,nflverse
Laquon Treadwell,WR,WR,MIN,2017,13,0,0,0,0,0,0,20,200,0,nflverse
Corey Coleman,WR,WR,CLE,2017,9,0,0,0,0,0,0,23,305,2,nflverse
Devontae Booker,RB,RB,DEN,2017,13,0,0,0,79,299,1,30,275,0,nflverse
Rashard Higgins,WR,WR,CLE,2017,14,0,0,0,1,4,0,27,312,2,nflverse
Jaydon Mickens,WR,WR,JAX,2017,10,0,0,0,0,0,0,6,77,2,nflverse
Tyler Boyd,WR,WR,CIN,2017,10,0,0,0,0,0,0,22,225,2,nflverse
Jalen Richard,RB,RB,LV,2017,16,0,0,0,56,275,1,27,256,1,nflverse
Tyreek Hill,WR,WR,KC,2017,15,0,0,1,17,59,0,75,1183,7,nflverse
Ezekiel Elliott,RB,RB,DAL,2017,10,0,0,0,242,983,7,26,269,2,nflverse
Dak Prescott,QB,QB,DAL,2017,16,3324,22,13,57,357,6,0,0,0,nflverse
Ricardo Louis,WR,WR,CLE,2017,14,0,0,0,0,0,0,27,357,0,nflverse
Seth DeValve,TE,TE,CLE,2017,16,0,0,0,0,0,0,33,395,1,nflverse
Hunter Henry,TE,TE,LAC,2017,12,0,0,0,0,0,0,45,579,4,nflverse
Jared Goff,QB,QB,LA,2017,15,3804,28,7,28,51,1,0,0,0,nflverse
Tyler Higbee,TE,TE,LA,2017,14,0,0,0,0,0,0,25,295,1,nflverse
Kenyan Drake,RB,RB,MIA,2017,16,0,0,0,133,644,3,32,239,1,nflverse
Jacoby Brissett,QB,QB,IND,2017,16,3098,13,7,63,260,4,0,0,0,nflverse
Will Fuller,WR,WR,HOU,2017,10,0,0,0,2,9,0,28,423,7,nflverse
Christian McCaffrey,RB,RB,CAR,2017,16,0,0,0,117,435,2,80,651,5,nflverse
George Kittle,TE,TE,SF,2017,15,0,0,0,0,0,0,43,515,2,nflverse
Trent Taylor,WR,WR,SF,2017,15,0,0,0,0,0,0,43,430,2,nflverse
Aaron Jones,RB,RB,GB,2017,10,0,0,0,81,448,4,9,22,0,nflverse
Elijah McGuire,RB,RB,NYJ,2017,15,0,0,0,88,315,1,17,177,1,nflverse
Kendrick Bourne,WR,WR,SF,2017,10,0,0,0,0,0,0,16,257,0,nflverse
Matt Breida,RB,RB,SF,2017,16,0,0,0,105,465,2,21,180,1,nflverse
Patrick Ricard,FB,RB,BAL,2017,6,0,0,0,0,0,0,4,12,2,nflverse
Samaje Perine,RB,RB,WAS,2017,13,0,0,0,175,603,1,22,182,1,nflverse
Deshaun Watson,QB,QB,HOU,2017,7,1699,19,8,36,269,2,0,0,0,nflverse
Mack Hollins,WR,WR,PHI,2017,12,0,0,0,0,0,0,16,226,1,nflverse
Tarik Cohen,RB,RB,CHI,2017,16,21,1,0,87,370,2,53,353,1,nflverse
Chris Carson,RB,RB,SEA,2017,4,0,0,0,49,208,0,7,59,1,nflverse
Ricky Seals-Jones,TE,TE,ARI,2017,8,0,0,0,0,0,0,12,201,3,nflverse
Keelan Cole,WR,WR,JAX,2017,16,0,0,0,0,0,0,42,748,3,nflverse
Austin Ekeler,RB,RB,LAC,2017,14,0,0,0,47,260,2,27,279,3,nflverse
Corey Clement,RB,RB,PHI,2017,15,0,0,0,74,321,4,10,123,2,nflverse
Tion Green,RB,RB,DET,2017,5,0,0,0,42,165,2,2,14,0,nflverse
Dede Westbrook,WR,WR,JAX,2017,7,0,0,0,0,0,0,27,339,1,nflverse
Leonard Fournette,RB,RB,JAX,2017,13,0,0,0,268,1040,9,36,302,1,nflverse
JuJu Smith-Schuster,WR,WR,PIT,2017,14,0,0,0,0,0,0,58,917,7,nflverse
Jonnu Smith,TE,TE,TEN,2017,14,0,0,0,0,0,0,18,157,2,nflverse
Mitchell Trubisky,QB,QB,CHI,2017,12,2193,7,7,41,248,2,0,0,0,nflverse
Corey Davis,WR,WR,TEN,2017,11,0,0,0,0,0,0,34,375,0,nflverse
O.J. Howard,TE,TE,TB,2017,13,0,0,0,0,0,0,26,432,6,nflverse
Evan Engram,TE,TE,NYG,2017,15,0,0,0,1,14,0,64,722,6,nflverse
David Njoku,TE,TE,CLE,2017,16,0,0,0,1,1,0,32,386,4,nflverse
Zay Jones,WR,WR,BUF,2017,14,0,0,0,0,0,0,27,316,2,nflverse
Dalvin Cook,RB,RB,MIN,2017,4,0,0,0,74,354,2,11,90,0,nflverse
Gerald Everett,TE,TE,LA,2017,14,0,0,0,1,13,0,16,244,2,nflverse
Adam Shaheen,TE,TE,CHI,2017,7,0,0,0,0,0,0,12,127,3,nflverse
Joe Mixon,RB,RB,CIN,2017,14,0,0,0,178,626,4,30,287,0,nflverse
DeShone Kizer,QB,QB,CLE,2017,15,2894,11,22,77,419,5,0,0,0,nflverse
Alvin Kamara,RB,RB,NO,2017,16,0,0,0,120,728,8,81,826,5,nflverse
Cooper Kupp,WR,WR,LA,2017,15,0,0,0,0,0,0,62,869,5,nflverse
Taywan Taylor,WR,WR,TEN,2017,16,0,0,0,8,43,0,16,231,1,nflverse
Chris Godwin Jr.,WR,WR,TB,2017,15,0,0,0,0,0,0,34,525,1,nflverse
Kareem Hunt,RB,RB,KC,2017,16,0,0,0,272,1327,8,53,455,3,nflverse
D'Onta Foreman,RB,RB,HOU,2017,9,0,0,0,78,327,2,6,83,0,nflverse
Kenny Golladay,WR,WR,DET,2017,11,0,0,0,1,9,0,28,477,3,nflverse
C.J. Beathard,QB,QB,SF,2017,6,1430,4,6,26,136,3,0,0,0,nflverse
Jamaal Williams,RB,RB,GB,2017,15,0,0,0,153,556,4,25,262,2,nflverse
Wayne Gallman,RB,RB,NYG,2017,13,0,0,0,111,476,0,34,193,1,nflverse
Marlon Mack,RB,RB,IND,2017,14,0,0,0,93,358,3,21,225,1,nflverse
Tom Brady,QB,QB,NE,2018,16,4355,29,11,23,35,2,1,6,0,nflverse
Drew Brees,QB,QB,NO,2018,15,3992,32,5,31,22,4,1,1,0,nflverse
Josh McCown,QB,QB,NYJ,2018,4,539,1,4,5,32,0,0,0,0,nflverse
Antonio Gates,TE,TE,LAC,2018,16,0,0,0,0,0,0,28,333,2,nflverse
Eli Manning,QB,QB,NYG,2018,16,4299,21,11,15,20,1,0,0,0,nflverse
Larry Fitzgerald,WR,WR,ARI,2018,16,32,1,0,0,0,0,69,734,6,nflverse
Ben Roethlisberger,QB,QB,PIT,2018,16,5129,34,16,31,98,3,1,-1,0,nflverse
Philip Rivers,QB,QB,LAC,2018,16,4308,32,12,18,7,0,0,0,0,nflverse
Benjamin Watson,TE,TE,NO,2018,13,0,0,0,0,0,0,35,400,2,nflverse
Alex Smith,QB,QB,WAS,2018,10,2180,10,5,41,168,1,0,0,0,nflverse
Aaron Rodgers,QB,QB,GB,2018,16,4442,25,2,43,269,2,0,0,0,nflverse
Frank Gore,RB,RB,MIA,2018,14,0,0,0,156,722,0,12,124,1,nflverse
Darren Sproles,RB,RB,PHI,2018,6,0,0,0,29,120,1,15,160,2,nflverse
Ryan Fitzpatrick,QB,QB,TB,2018,8,2366,17,12,36,152,2,0,0,0,nflverse
Vernon Davis,TE,TE,WAS,2018,13,0,0,0,0,0,0,25,367,2,nflverse
Adrian Peterson,RB,RB,WAS,2018,16,0,0,0,251,1042,7,20,208,1,nflverse
Ted Ginn,WR,WR,NO,2018,5,0,0,0,3,26,0,17,209,2,nflverse
Marshawn Lynch,RB,RB,LV,2018,6,0,0,0,90,376,3,15,84,0,nflverse
Greg Olsen,TE,TE,CAR,2018,9,0,0,0,0,0,0,27,291,4,nflverse
Danny Amendola,WR,WR,MIA,2018,15,28,1,0,1,-2,0,59,575,1,nflverse
Matt Ryan,QB,QB,ATL,2018,16,4924,35,7,33,125,3,1,5,1,nflverse
Joe Flacco,QB,QB,BAL,2018,9,2465,12,6,19,45,0,0,0,0,nflverse
Jordy Nelson,WR,WR,LV,2018,15,0,0,0,1,-2,0,63,739,3,nflverse
DeSean Jackson,WR,WR,TB,2018,12,0,0,0,6,29,1,41,774,4,nflverse
Josh Johnson,QB,QB,WAS,2018,4,590,3,4,23,120,1,0,0,0,nflverse
Pierre Garcon,WR,WR,SF,2018,8,0,0,0,0,0,0,24,286,1,nflverse
Matthew Stafford,QB,QB,DET,2018,16,3777,21,11,25,71,0,0,0,0,nflverse
Chase Daniel,QB,QB,CHI,2018,4,515,3,2,13,3,0,1,8,0,nflverse
Michael Crabtree,WR,WR,BAL,2018,16,0,0,0,0,0,0,54,607,3,nflverse
LeSean McCoy,RB,RB,BUF,2018,14,0,0,0,161,514,3,34,238,0,nflverse
Jared Cook,TE,TE,LV,2018,16,0,0,0,0,0,0,68,896,6,nflverse
Julian Edelman,WR,WR,NE,2018,12,43,0,0,9,107,0,74,850,6,nflverse
LeGarrette Blount,RB,RB,DET,2018,16,0,0,0,154,418,5,10,67,0,nflverse
Chris Ivory,RB,RB,BUF,2018,13,0,0,0,115,385,1,12,175,0,nflverse
Rob Gronkowski,TE,TE,NE,2018,13,0,0,0,0,0,0,47,682,3,nflverse
Ed Dickson,TE,TE,SEA,2018,9,0,0,0,1,9,0,12,143,3,nflverse
Brandon LaFell,WR,WR,LV,2018,4,0,0,0,0,0,0,12,135,2,nflverse
Emmanuel Sanders,WR,WR,DEN,2018,12,28,1,0,4,53,1,71,868,4,nflverse
Colt McCoy,QB,QB,WAS,2018,3,372,3,3,10,63,0,0,0,0,nflverse
Jimmy Graham,TE,TE,GB,2018,16,0,0,0,0,0,0,55,636,2,nflverse
Antonio Brown,WR,WR,PIT,2018,15,0,0,0,0,0,0,104,1297,15,nflverse
Demaryius Thomas,WR,WR,HOU,2018,15,0,0,0,0,0,0,59,677,5,nflverse
Golden Tate,WR,WR,PHI,2018,15,0,0,0,4,34,0,74,795,4,nflverse
James Develin,FB,RB,NE,2018,15,0,0,0,6,8,4,12,61,0,nflverse
Cam Newton,QB,QB,CAR,2018,14,3395,24,13,101,488,4,0,0,0,nflverse
A.J. Green,WR,WR,CIN,2018,9,0,0,0,0,0,0,46,694,6,nflverse
Julio Jones,WR,WR,ATL,2018,16,0,0,0,2,12,0,113,1677,8,nflverse
Blaine Gabbert,QB,QB,TEN,2018,8,626,4,4,6,0,0,0,0,0,nflverse
Mark Ingram,RB,RB,NO,2018,12,0,0,0,138,645,6,21,170,1,nflverse
Andy Dalton,QB,QB,CIN,2018,11,2566,21,11,16,99,0,0,0,0,nflverse
Kyle Rudolph,TE,TE,MIN,2018,16,0,0,0,0,0,0,64,634,4,nflverse
Torrey Smith,WR,WR,CAR,2018,8,0,0,0,0,0,0,17,190,2,nflverse
Randall Cobb,WR,WR,GB,2018,9,0,0,0,0,0,0,38,383,2,nflverse
Luke Stocker,TE,TE,TEN,2018,12,0,0,0,1,0,0,15,165,2,nflverse
Bilal Powell,RB,RB,NYJ,2018,7,0,0,0,80,343,0,11,110,1,nflverse
Jacquizz Rodgers,RB,RB,TB,2018,15,0,0,0,33,106,1,38,304,0,nflverse
Dion Lewis,RB,RB,TEN,2018,16,0,0,0,155,517,1,59,400,1,nflverse
Lee Smith,TE,TE,LV,2018,9,0,0,0,0,0,0,10,73,3,nflverse
Aldrick Robinson,WR,WR,MIN,2018,14,0,0,0,0,0,0,17,231,5,nflverse
Virgil Green,TE,TE,LAC,2018,14,0,0,0,0,0,0,19,210,1,nflverse
Chris Hogan,WR,WR,NE,2018,15,0,0,0,0,0,0,35,532,3,nflverse
Dontrelle Inman,WR,WR,IND,2018,8,0,0,0,0,0,0,28,304,3,nflverse
Doug Baldwin,WR,WR,SEA,2018,13,0,0,0,0,0,0,50,618,5,nflverse
Terrelle Pryor,WR,WR,BUF,2018,8,0,0,0,1,-1,0,16,252,2,nflverse
Garrett Celek,TE,TE,SF,2018,8,0,0,0,0,0,0,5,90,2,nflverse
Case Keenum,QB,QB,DEN,2018,16,3890,18,15,26,93,2,0,0,0,nflverse
Cole Beasley,WR,WR,DAL,2018,16,0,0,0,0,0,0,65,672,3,nflverse
Alshon Jeffery,WR,WR,PHI,2018,13,0,0,0,0,0,0,65,843,6,nflverse
Alfred Morris,RB,RB,SF,2018,11,0,0,0,111,428,2,8,73,0,nflverse
Jermaine Kearse,WR,WR,NYJ,2018,13,0,0,0,0,0,0,37,371,1,nflverse
Brandon Bolden,RB,RB,MIA,2018,9,0,0,0,8,91,2,3,13,1,nflverse
Russell Wilson,QB,QB,SEA,2018,16,3448,35,7,67,376,0,1,-11,0,nflverse
Travis Benjamin,WR,WR,LAC,2018,12,0,0,0,7,41,0,12,186,1,nflverse
Marvin Jones,WR,WR,DET,2018,9,0,0,0,0,0,0,35,508,5,nflverse
Nick Foles,QB,QB,PHI,2018,5,1413,7,4,9,17,0,1,10,0,nflverse
Jarius Wright,WR,WR,CAR,2018,16,0,0,0,2,39,0,43,447,1,nflverse
Rhett Ellison,TE,TE,NYG,2018,13,0,0,0,0,0,0,25,272,1,nflverse
Kirk Cousins,QB,QB,MIN,2018,16,4298,30,10,44,123,1,1,-1,0,nflverse
T.Y. Hilton,WR,WR,IND,2018,14,0,0,0,0,0,0,76,1270,6,nflverse
Doug Martin,RB,RB,LV,2018,16,0,0,0,172,723,4,18,116,0,nflverse
Lamar Miller,RB,RB,HOU,2018,14,0,0,0,210,973,5,25,163,1,nflverse
Mohamed Sanu,WR,WR,ATL,2018,16,5,1,0,7,44,0,66,838,4,nflverse
Josh Gordon,WR,WR,NE,2018,12,0,0,0,0,0,0,41,737,4,nflverse
Andrew Luck,QB,QB,IND,2018,16,4593,39,15,46,148,0,1,4,0,nflverse
Brock Osweiler,QB,QB,MIA,2018,7,1247,6,4,8,21,0,0,0,0,nflverse
Ryan Tannehill,QB,QB,MIA,2018,11,1979,17,9,32,145,0,1,3,1,nflverse
Darren Fells,TE,TE,CLE,2018,10,0,0,0,0,0,0,11,117,3,nflverse
C.J. Anderson,RB,RB,LA,2018,9,0,0,0,67,403,2,5,41,1,nflverse
Kyle Juszczyk,FB,RB,SF,2018,15,0,0,0,8,30,0,30,324,1,nflverse
Zach Line,FB,RB,NO,2018,13,0,0,0,9,41,0,5,14,2,nflverse
Adam Thielen,WR,WR,MIN,2018,16,0,0,0,5,30,0,113,1373,9,nflverse
Zach Ertz,TE,TE,PHI,2018,16,0,0,0,0,0,0,116,1163,8,nflverse
Marquise Goodwin,WR,WR,SF,2018,11,0,0,0,4,9,0,23,395,4,nflverse
Kenny Stills,WR,WR,MIA,2018,15,3,1,0,0,0,0,37,553,6,nflverse
Theo Riddick,RB,RB,DET,2018,14,0,0,0,40,171,0,61,384,0,nflverse
Ryan Griffin,TE,TE,HOU,2018,13,0,0,0,0,0,0,24,305,0,nflverse
Russell Shepard,WR,WR,NYG,2018,8,0,0,0,0,0,0,10,188,2,nflverse
Demetrius Harris,TE,TE,KC,2018,15,0,0,0,0,0,0,12,164,3,nflverse
Jack Doyle,TE,TE,IND,2018,6,0,0,0,0,0,0,26,245,2,nflverse
Keenan Allen,WR,WR,LAC,2018,15,0,0,0,9,75,0,97,1196,6,nflverse
Rex Burkhead,RB,RB,NE,2018,8,0,0,0,57,186,0,14,131,1,nflverse
Jaron Brown,WR,WR,SEA,2018,12,0,0,0,0,0,0,14,166,5,nflverse
Chris Thompson,RB,RB,WAS,2018,10,0,0,0,43,178,0,41,268,1,nflverse
Spencer Ware,RB,RB,KC,2018,12,0,0,0,51,246,2,20,224,0,nflverse
Robert Woods,WR,WR,LA,2018,16,0,0,0,19,157,1,86,1219,6,nflverse
Levine Toilolo,TE,TE,DET,2018,11,0,0,0,0,0,0,21,263,1,nflverse
Giovani Bernard,RB,RB,CIN,2018,12,0,0,0,56,211,3,35,218,0,nflverse
Vance McDonald,TE,TE,PIT,2018,15,0,0,0,0,0,0,50,610,4,nflverse
Jordan Reed,TE,TE,WAS,2018,13,0,0,0,0,0,0,54,558,2,nflverse
Travis Kelce,TE,TE,KC,2018,16,0,0,0,0,0,0,103,1336,10,nflverse
Latavius Murray,RB,RB,MIN,2018,16,0,0,0,140,578,6,22,141,0,nflverse
Tavon Austin,WR,WR,DAL,2018,7,0,0,0,6,55,0,8,140,2,nflverse
DeAndre Hopkins,WR,WR,HOU,2018,16,0,0,0,1,-7,0,115,1572,11,nflverse
Cordarrelle Patterson,RB,RB,NE,2018,15,0,0,0,42,228,1,21,247,3,nflverse
Isaiah Crowell,RB,RB,NYJ,2018,13,0,0,0,143,685,6,21,152,0,nflverse
Willie Snead,WR,WR,BAL,2018,15,0,0,0,1,13,0,62,651,1,nflverse
Albert Wilson,WR,WR,MIA,2018,7,52,1,0,8,16,0,26,391,4,nflverse
Trey Burton,TE,TE,CHI,2018,16,0,0,0,1,2,0,54,569,6,nflverse
Allen Hurns,WR,WR,DAL,2018,14,0,0,0,0,0,0,20,295,2,nflverse
Erik Swoope,TE,TE,IND,2018,7,0,0,0,0,0,0,8,87,3,nflverse
Damien Williams,RB,RB,KC,2018,13,0,0,0,50,256,4,23,160,2,nflverse
Quincy Enunwa,WR,WR,NYJ,2018,11,0,0,0,1,0,0,38,449,1,nflverse
Carlos Hyde,RB,RB,JAX,2018,14,0,0,0,172,571,5,10,33,0,nflverse
John Brown,WR,WR,BAL,2018,16,0,0,0,3,4,0,42,715,5,nflverse
James White,RB,RB,NE,2018,16,0,0,0,94,425,5,87,751,7,nflverse
Ryan Grant,WR,WR,IND,2018,14,0,0,0,0,0,0,35,334,1,nflverse
Alfred Blue,RB,RB,HOU,2018,16,0,0,0,150,499,2,20,154,0,nflverse
Kapri Bibbs,RB,RB,GB,2018,10,0,0,0,21,103,3,16,115,1,nflverse
Seth Roberts,WR,WR,LV,2018,15,0,0,0,3,5,0,45,494,2,nflverse
T.J. Jones,WR,WR,DET,2018,12,0,0,0,0,0,0,19,190,2,nflverse
Taylor Gabriel,WR,WR,CHI,2018,16,0,0,0,9,61,0,67,688,2,nflverse
Odell Beckham Jr.,WR,WR,NYG,2018,12,106,2,0,5,19,0,77,1052,6,nflverse
Brandin Cooks,WR,WR,LA,2018,15,0,0,0,10,68,1,80,1204,5,nflverse
Paul Richardson,WR,WR,WAS,2018,7,0,0,0,2,9,0,20,262,2,nflverse
Cameron Brate,TE,TE,TB,2018,15,0,0,0,0,0,0,30,289,6,nflverse
Derek Carr,QB,QB,LV,2018,16,4049,19,10,24,47,1,1,-9,0,nflverse
Jordan Matthews,TE,TE,PHI,2018,11,0,0,0,0,0,0,20,300,2,nflverse
Sammy Watkins,WR,WR,KC,2018,10,0,0,0,5,52,0,40,519,3,nflverse
Bruce Ellington,WR,WR,DET,2018,7,0,0,0,1,2,0,31,224,1,nflverse
Donte Moncrief,WR,WR,JAX,2018,16,0,0,0,0,0,0,48,668,3,nflverse
Jimmy Garoppolo,QB,QB,SF,2018,3,718,5,3,8,33,0,0,0,0,nflverse
Kelvin Benjamin,WR,WR,KC,2018,15,0,0,0,0,0,0,25,380,1,nflverse
Martavis Bryant,WR,WR,LV,2018,7,0,0,0,3,23,0,19,266,0,nflverse
Davante Adams,WR,WR,GB,2018,15,0,0,0,0,0,0,111,1386,13,nflverse
Jarvis Landry,WR,WR,CLE,2018,16,63,0,0,3,60,1,81,976,4,nflverse
Eric Ebron,TE,TE,IND,2018,16,0,0,0,3,-8,1,66,750,13,nflverse
Blake Bortles,QB,QB,JAX,2018,13,2718,13,11,58,365,1,0,0,0,nflverse
Mike Evans,WR,WR,TB,2018,16,0,0,0,0,0,0,86,1524,8,nflverse
Allen Robinson,WR,WR,CHI,2018,13,0,0,0,1,9,0,55,754,4,nflverse
Jameis Winston,QB,QB,TB,2018,11,2992,19,14,49,281,1,0,0,0,nflverse
Amari Cooper,WR,WR,DAL,2018,15,0,0,0,2,20,0,75,1005,7,nflverse
DeVante Parker,WR,WR,MIA,2018,11,0,0,0,0,0,0,24,309,1,nflverse
Nelson Agholor,WR,WR,PHI,2018,16,15,0,0,3,32,0,64,736,4,nflverse
Justin Hardy,WR,WR,ATL,2018,16,0,0,0,0,0,0,14,133,2,nflverse
Javorius Allen,RB,RB,BAL,2018,13,0,0,0,41,110,3,35,196,2,nflverse
Stefon Diggs,WR,WR,MIN,2018,15,0,0,0,10,62,0,102,1021,9,nflverse
Jay Ajayi,RB,RB,PHI,2018,4,0,0,0,45,184,3,5,20,0,nflverse
Nick Boyle,TE,TE,BAL,2018,12,0,0,0,0,0,0,23,213,0,nflverse
Zach Zenner,RB,RB,DET,2018,7,0,0,0,55,265,3,7,56,0,nflverse
Raheem Mostert,RB,RB,SF,2018,8,0,0,0,34,261,1,6,25,0,nflverse
Matt LaCosse,TE,TE,DEN,2018,13,0,0,0,0,0,0,24,250,1,nflverse
DeAndre Carter,WR,WR,HOU,2018,13,0,0,0,1,7,0,22,216,0,nflverse
Malcolm Brown,RB,RB,LA,2018,11,0,0,0,43,212,0,5,52,1,nflverse
Jamison Crowder,WR,WR,WAS,2018,9,0,0,0,4,30,0,29,388,2,nflverse
James O'Shaughnessy,TE,TE,JAX,2018,14,0,0,0,0,0,0,24,214,0,nflverse
Marcus Murphy,RB,RB,BUF,2018,11,0,0,0,52,250,0,11,26,0,nflverse
Adam Humphries,WR,WR,TB,2018,16,0,0,0,2,11,0,76,816,5,nflverse
Breshad Perriman,WR,WR,CLE,2018,10,0,0,0,4,2,0,16,340,2,nflverse
Devin Funchess,WR,WR,CAR,2018,14,0,0,0,0,0,0,44,549,4,nflverse
Tevin Coleman,RB,RB,ATL,2018,16,0,0,0,167,800,4,32,276,5,nflverse
Mike Davis,RB,RB,SEA,2018,15,0,0,0,112,514,4,34,214,1,nflverse
Chris Conley,WR,WR,KC,2018,16,0,0,0,0,0,0,32,334,5,nflverse
C.J. Uzomah,TE,TE,CIN,2018,16,0,0,0,0,0,0,43,439,3,nflverse
Jesse James,TE,TE,PIT,2018,15,0,0,0,0,0,0,30,423,2,nflverse
Geoff Swaim,TE,TE,DAL,2018,9,0,0,0,0,0,0,26,242,1,nflverse
Melvin Gordon,RB,RB,LAC,2018,12,0,0,0,175,885,10,50,490,4,nflverse
Tyrell Williams,WR,WR,LAC,2018,15,0,0,0,2,15,0,41,653,5,nflverse
David Johnson,RB,RB,ARI,2018,16,0,0,0,258,940,7,50,446,3,nflverse
Ty Montgomery,WR,WR,BAL,2018,13,0,0,0,41,188,1,25,235,0,nflverse
Phillip Dorsett,WR,WR,NE,2018,11,0,0,0,4,29,0,32,290,3,nflverse
T.J. Yeldon,RB,RB,JAX,2018,14,0,0,0,104,414,1,55,487,4,nflverse
Tyler Lockett,WR,WR,SEA,2018,16,0,0,0,13,69,0,57,965,10,nflverse
Jeff Heuerman,TE,TE,DEN,2018,11,0,0,0,0,0,0,31,281,2,nflverse
Todd Gurley,RB,RB,LA,2018,14,0,0,0,256,1251,17,59,580,4,nflverse
Duke Johnson,RB,RB,CLE,2018,16,0,0,0,40,201,0,47,429,3,nflverse
Marcus Mariota,QB,QB,TEN,2018,14,2528,11,8,64,357,2,1,21,0,nflverse
Chester Rogers,WR,WR,IND,2018,16,0,0,0,1,-4,0,53,485,2,nflverse
Maurice Harris,WR,WR,WAS,2018,11,0,0,0,2,10,0,28,304,0,nflverse
Sterling Shepard,WR,WR,NYG,2018,16,0,0,0,3,33,0,66,872,4,nflverse
Austin Hooper,TE,TE,ATL,2018,16,0,0,0,0,0,0,71,660,4,nflverse
Nick Vannett,TE,TE,SEA,2018,15,0,0,0,0,0,0,29,269,3,nflverse
Chris Moore,WR,WR,BAL,2018,15,0,0,0,5,17,0,19,196,1,nflverse
Kenneth Dixon,RB,RB,BAL,2018,6,0,0,0,60,333,2,6,51,0,nflverse
Alex Collins,RB,RB,BAL,2018,10,0,0,0,114,411,7,15,105,1,nflverse
Jeff Driskel,QB,QB,CIN,2018,8,1003,6,2,25,130,2,0,0,0,nflverse
Geronimo Allison,WR,WR,GB,2018,5,0,0,0,0,0,0,20,303,2,nflverse
Robbie Chosen,WR,WR,NYJ,2018,14,0,0,0,2,-8,0,50,752,6,nflverse
Peyton Barber,RB,RB,TB,2018,16,0,0,0,234,871,5,20,92,1,nflverse
Josh Doctson,WR,WR,WAS,2018,15,0,0,0,0,0,0,44,532,2,nflverse
Derrick Henry,RB,RB,TEN,2018,16,14,0,0,215,1059,12,15,99,0,nflverse
Michael Thomas,WR,WR,NO,2018,16,0,0,0,0,0,0,125,1405,9,nflverse
Demarcus Robinson,WR,WR,KC,2018,14,0,0,0,0,0,0,22,288,4,nflverse
Tajae Sharpe,WR,WR,TEN,2018,15,0,0,0,1,16,0,26,316,2,nflverse
Jordan Howard,RB,RB,CHI,2018,16,0,0,0,250,935,9,20,145,0,nflverse
Wendell Smallwood,RB,RB,PHI,2018,15,0,0,0,87,364,3,28,230,2,nflverse
Jakeem Grant,WR,WR,MIA,2018,10,0,0,0,1,5,0,21,268,2,nflverse
Carson Wentz,QB,QB,PHI,2018,11,3074,21,7,34,93,0,1,4,0,nflverse
Laquon Treadwell,WR,WR,MIN,2018,15,0,0,0,0,0,0,35,302,1,nflverse
Devontae Booker,RB,RB,DEN,2018,16,0,0,0,34,183,1,38,275,0,nflverse
Rashard Higgins,WR,WR,CLE,2018,13,0,0,0,0,0,0,39,572,4,nflverse
Tyler Boyd,WR,WR,CIN,2018,14,0,0,0,2,3,0,76,1028,7,nflverse
Jalen Richard,RB,RB,LV,2018,16,0,0,0,55,259,1,68,607,0,nflverse
Tyreek Hill,WR,WR,KC,2018,16,0,0,0,22,151,1,87,1479,12,nflverse
Ezekiel Elliott,RB,RB,DAL,2018,15,0,0,0,304,1434,6,77,567,3,nflverse
Dak Prescott,QB,QB,DAL,2018,16,3885,22,8,75,305,6,0,0,0,nflverse
Cody Kessler,QB,QB,JAX,2018,5,709,2,2,19,123,0,0,0,0,nflverse
Jared Goff,QB,QB,LA,2018,16,4688,32,12,43,108,2,0,0,0,nflverse
Tyler Higbee,TE,TE,LA,2018,14,0,0,0,0,0,0,24,292,2,nflverse
Kenyan Drake,RB,RB,MIA,2018,16,0,0,0,120,535,4,53,477,5,nflverse
Will Fuller,WR,WR,HOU,2018,7,0,0,0,0,0,0,32,503,4,nflverse
Mo Alie-Cox,TE,TE,IND,2018,8,0,0,0,0,0,0,7,133,2,nflverse
Zach Pascal,WR,WR,IND,2018,14,0,0,0,2,10,0,27,268,2,nflverse
Christian McCaffrey,RB,RB,CAR,2018,16,50,1,0,219,1098,7,107,867,6,nflverse
Curtis Samuel,WR,WR,CAR,2018,13,0,0,0,8,84,2,39,494,5,nflverse
George Kittle,TE,TE,SF,2018,16,0,0,0,1,10,0,88,1377,5,nflverse
Trent Taylor,WR,WR,SF,2018,13,0,0,0,0,0,0,26,215,1,nflverse
Aaron Jones,RB,RB,GB,2018,12,0,0,0,133,728,8,26,206,1,nflverse
Elijah McGuire,RB,RB,NYJ,2018,8,0,0,0,92,276,3,19,193,1,nflverse
Alex Armah,RB,RB,CAR,2018,9,0,0,0,9,15,2,1,5,0,nflverse
Kendrick Bourne,WR,WR,SF,2018,16,0,0,0,0,0,0,42,487,4,nflverse
Matt Breida,RB,RB,SF,2018,14,0,0,0,153,814,3,27,261,2,nflverse
Nick Mullens,QB,QB,SF,2018,8,2277,13,10,18,-16,0,0,0,0,nflverse
Taysom Hill,TE,TE,NO,2018,15,64,0,1,37,196,2,3,4,0,nflverse
Tim Patrick,WR,WR,DEN,2018,12,0,0,0,3,17,0,23,315,1,nflverse
Austin Carr,WR,WR,NO,2018,9,0,0,0,0,0,0,9,97,2,nflverse
Anthony Firkser,TE,TE,TEN,2018,9,0,0,0,0,0,0,19,225,1,nflverse
John Ross,WR,WR,CIN,2018,13,0,0,0,4,9,0,21,210,7,nflverse
Isaiah McKenzie,WR,WR,BUF,2018,8,0,0,0,10,66,2,18,179,0,nflverse
Mike Williams,WR,WR,LAC,2018,16,0,0,0,7,28,1,43,664,10,nflverse
Deshaun Watson,QB,QB,HOU,2018,16,4165,26,9,99,551,5,0,0,0,nflverse
James Conner,RB,RB,PIT,2018,13,0,0,0,215,973,12,55,497,1,nflverse
Tarik Cohen,RB,RB,CHI,2018,16,1,1,0,99,444,3,71,725,5,nflverse
Michael Roberts,TE,TE,DET,2018,8,0,0,0,0,0,0,9,100,3,nflverse
Ryan Switzer,WR,WR,PIT,2018,16,0,0,0,6,21,0,36,253,1,nflverse
David Moore,WR,WR,SEA,2018,14,0,0,0,1,5,0,26,445,5,nflverse
Chris Carson,RB,RB,SEA,2018,14,0,0,0,247,1151,9,20,163,0,nflverse
Ricky Seals-Jones,TE,TE,ARI,2018,15,0,0,0,0,0,0,34,343,1,nflverse
Jason Croom,TE,TE,BUF,2018,15,0,0,0,0,0,0,22,259,1,nflverse
Blake Jarwin,TE,TE,DAL,2018,13,0,0,0,0,0,0,27,307,3,nflverse
Keelan Cole,WR,WR,JAX,2018,14,0,0,0,0,0,0,38,491,1,nflverse
Austin Ekeler,RB,RB,LAC,2018,14,0,0,0,106,554,3,39,404,3,nflverse
Corey Clement,RB,RB,PHI,2018,11,0,0,0,68,259,2,22,192,0,nflverse
Dede Westbrook,WR,WR,JAX,2018,16,0,0,0,9,98,0,66,717,5,nflverse
Leonard Fournette,RB,RB,JAX,2018,8,0,0,0,133,439,5,22,185,1,nflverse
JuJu Smith-Schuster,WR,WR,PIT,2018,16,0,0,0,1,13,0,111,1426,7,nflverse
Jonnu Smith,TE,TE,TEN,2018,12,0,0,0,0,0,0,20,258,3,nflverse
Mitchell Trubisky,QB,QB,CHI,2018,14,3223,24,12,68,421,3,0,0,0,nflverse
Corey Davis,WR,WR,TEN,2018,16,0,0,0,6,55,0,65,891,4,nflverse
Patrick Mahomes,QB,QB,KC,2018,16,5097,50,12,60,272,2,0,0,0,nflverse
O.J. Howard,TE,TE,TB,2018,10,0,0,0,0,0,0,34,565,5,nflverse
Evan Engram,TE,TE,NYG,2018,11,0,0,0,3,36,0,45,577,3,nflverse
David Njoku,TE,TE,CLE,2018,15,0,0,0,0,0,0,56,639,4,nflverse
Zay Jones,WR,WR,BUF,2018,16,0,0,0,1,0,0,56,652,7,nflverse
Dalvin Cook,RB,RB,MIN,2018,11,0,0,0,133,615,2,40,305,2,nflverse
Gerald Everett,TE,TE,LA,2018,15,0,0,0,2,16,0,33,320,3,nflverse
Joe Mixon,RB,RB,CIN,2018,14,0,0,0,237,1168,8,43,296,1,nflverse
Alvin Kamara,RB,RB,NO,2018,15,0,0,0,194,883,14,81,709,4,nflverse
Cooper Kupp,WR,WR,LA,2018,8,0,0,0,4,25,0,40,566,6,nflverse
Taywan Taylor,WR,WR,TEN,2018,13,0,0,0,0,0,0,37,466,1,nflverse
Chris Godwin Jr.,WR,WR,TB,2018,16,0,0,0,0,0,0,59,842,7,nflverse
Kareem Hunt,RB,RB,KC,2018,11,0,0,0,181,824,7,26,378,7,nflverse
Kenny Golladay,WR,WR,DET,2018,15,0,0,0,1,8,0,70,1063,5,nflverse
C.J. Beathard,QB,QB,SF,2018,5,1252,8,7,19,69,1,0,0,0,nflverse
Josh Reynolds,WR,WR,LA,2018,12,0,0,0,2,8,0,29,402,5,nflverse
Jamaal Williams,RB,RB,GB,2018,16,0,0,0,121,464,3,27,210,0,nflverse
Wayne Gallman,RB,RB,NYG,2018,13,0,0,0,51,176,1,14,89,0,nflverse
Marlon Mack,RB,RB,IND,2018,12,0,0,0,195,908,9,17,103,1,nflverse
Phillip Lindsay,RB,RB,DEN,2018,15,0,0,0,192,1037,9,35,241,1,nflverse
Jeff Wilson,RB,RB,SF,2018,6,0,0,0,66,266,0,12,98,0,nflverse
Will Dissly,TE,TE,SEA,2018,4,0,0,0,0,0,0,8,156,2,nflverse
Trenton Cannon,RB,RB,NYJ,2018,12,0,0,0,38,113,1,17,144,0,nflverse
Gus Edwards,RB,RB,BAL,2018,11,0,0,0,137,718,2,2,20,0,nflverse
Marquez Valdes-Scantling,WR,WR,GB,2018,16,0,0,0,2,29,0,38,581,2,nflverse
Equanimeous St. Brown,WR,WR,GB,2018,11,0,0,0,1,5,0,21,328,0,nflverse
Keith Kirkwood,WR,WR,NO,2018,7,0,0,0,0,0,0,13,209,2,nflverse
Jaylen Samuels,RB,RB,PIT,2018,9,0,0,0,56,256,0,26,199,3,nflverse
Josh Rosen,QB,QB,ARI,2018,14,2278,11,14,23,138,0,0,0,0,nflverse
Courtland Sutton,WR,WR,DEN,2018,16,0,0,0,1,-1,0,42,704,4,nflverse
Kerryon Johnson,RB,RB,DET,2018,10,0,0,0,118,641,3,32,213,1,nflverse
Dallas Goedert,TE,TE,PHI,2018,15,0,0,0,0,0,0,33,334,4,nflverse
Anthony Miller,WR,WR,CHI,2018,15,8,0,0,6,26,0,33,423,7,nflverse
Jordan Akins,TE,TE,HOU,2018,14,0,0,0,0,0,0,17,225,0,nflverse
Ian Thomas,TE,TE,CAR,2018,10,0,0,0,0,0,0,36,333,2,nflverse
Keke Coutee,WR,WR,HOU,2018,6,0,0,0,3,0,0,28,287,1,nflverse
Nyheim Hines,RB,RB,IND,2018,16,0,0,0,85,314,2,63,425,2,nflverse
DaeSean Hamilton,WR,WR,DEN,2018,11,0,0,0,0,0,0,30,243,2,nflverse
Ito Smith,RB,RB,ATL,2018,13,0,0,0,90,315,4,27,152,0,nflverse
Jordan Wilkins,RB,RB,IND,2018,13,0,0,0,60,336,1,16,85,0,nflverse
Justin Jackson,RB,RB,LAC,2018,9,0,0,0,50,206,2,15,135,0,nflverse
Josh Adams,RB,RB,PHI,2018,13,0,0,0,120,511,3,7,58,0,nflverse
Trent Sherfield,WR,WR,ARI,2018,9,0,0,0,0,0,0,19,210,1,nflverse
Robert Foster,WR,WR,BUF,2018,11,0,0,0,0,0,0,27,541,3,nflverse
James Washington,WR,WR,PIT,2018,12,0,0,0,0,0,0,16,217,1,nflverse
Chase Edmonds,RB,RB,ARI,2018,16,0,0,0,60,208,2,20,103,0,nflverse
Rashaad Penny,RB,RB,SEA,2018,13,0,0,0,85,419,2,9,75,0,nflverse
Mark Andrews,TE,TE,BAL,2018,16,0,0,0,0,0,0,34,552,3,nflverse
Michael Gallup,WR,WR,DAL,2018,15,0,0,0,0,0,0,33,507,2,nflverse
Tre'Quan Smith,WR,WR,NO,2018,13,0,0,0,0,0,0,28,427,5,nflverse
Chris Herndon,TE,TE,NYJ,2018,14,0,0,0,0,0,0,39,502,4,nflverse
Antonio Callaway,WR,WR,CLE,2018,16,0,0,0,2,7,0,43,586,5,nflverse
Christian Kirk,WR,WR,ARI,2018,12,0,0,0,3,35,0,43,590,3,nflverse
Nick Chubb,RB,RB,CLE,2018,16,0,0,0,192,996,8,20,149,2,nflverse
Lamar Jackson,QB,QB,BAL,2018,16,1201,6,3,147,695,5,0,0,0,nflverse
Kalen Ballage,RB,RB,MIA,2018,12,0,0,0,36,191,1,9,56,0,nflverse
DJ Moore,WR,WR,CAR,2018,16,0,0,0,13,172,0,55,788,2,nflverse
Mike Gesicki,TE,TE,MIA,2018,14,0,0,0,0,0,0,22,202,0,nflverse
Calvin Ridley,WR,WR,ATL,2018,16,0,0,0,6,27,0,64,821,10,nflverse
Royce Freeman,RB,RB,DEN,2018,14,0,0,0,130,521,5,14,72,0,nflverse
Saquon Barkley,RB,RB,NYG,2018,16,0,0,0,261,1307,11,91,721,4,nflverse
Sony Michel,RB,RB,NE,2018,13,0,0,0,209,931,6,7,50,0,nflverse
Baker Mayfield,QB,QB,CLE,2018,14,3725,27,14,39,131,0,0,0,0,nflverse
Josh Allen,QB,QB,BUF,2018,12,2044,10,12,89,631,8,0,0,0,nflverse
Dante Pettis,WR,WR,SF,2018,12,0,0,0,1,-2,0,27,467,5,nflverse
Sam Darnold,QB,QB,NYJ,2018,13,2865,17,15,43,135,1,0,0,0,nflverse
Tom Brady,QB,QB,NE,2019,16,4057,24,8,26,34,3,0,0,0,nflverse
Drew Brees,QB,QB,NO,2019,11,2979,27,4,9,-4,1,0,0,0,nflverse
Jason Witten,TE,TE,DAL,2019,16,0,0,0,0,0,0,63,529,4,nflverse
Matt Schaub,QB,QB,ATL,2019,5,580,3,1,3,-3,0,0,0,0,nflverse
Eli Manning,QB,QB,NYG,2019,4,1042,6,5,4,7,0,0,0,0,nflverse
Larry Fitzgerald,WR,WR,ARI,2019,16,0,0,0,0,0,0,75,804,4,nflverse
Philip Rivers,QB,QB,LAC,2019,16,4615,23,20,12,29,0,0,0,0,nflverse
Aaron Rodgers,QB,QB,GB,2019,16,4002,26,4,46,183,1,0,0,0,nflverse
Frank Gore,RB,RB,BUF,2019,15,0,0,0,166,599,2,13,100,0,nflverse
Ryan Fitzpatrick,QB,QB,MIA,2019,15,3529,20,13,54,243,4,0,0,0,nflverse
Delanie Walker,TE,TE,TEN,2019,6,0,0,0,0,0,0,21,215,2,nflverse
Adrian Peterson,RB,RB,WAS,2019,15,0,0,0,211,898,5,17,142,0,nflverse
Ted Ginn,WR,WR,NO,2019,15,0,0,0,3,18,0,30,421,2,nflverse
Greg Olsen,TE,TE,CAR,2019,14,0,0,0,0,0,0,52,597,2,nflverse
Matt Moore,QB,QB,KC,2019,6,659,4,0,5,-1,0,0,0,0,nflverse
Danny Amendola,WR,WR,DET,2019,15,19,1,0,0,0,0,62,678,1,nflverse
Matt Ryan,QB,QB,ATL,2019,15,4466,26,14,34,147,1,0,0,0,nflverse
Joe Flacco,QB,QB,DEN,2019,8,1822,6,5,12,20,0,0,0,0,nflverse
DeSean Jackson,WR,WR,PHI,2019,2,0,0,0,0,0,0,9,159,2,nflverse
Matthew Stafford,QB,QB,DET,2019,8,2499,19,5,20,66,0,0,0,0,nflverse
Chase Daniel,QB,QB,CHI,2019,3,435,3,2,6,6,0,0,0,0,nflverse
Brian Hoyer,QB,QB,IND,2019,4,372,4,4,8,2,0,0,0,0,nflverse
LeSean McCoy,RB,RB,KC,2019,13,0,0,0,101,465,4,28,181,1,nflverse
Jared Cook,TE,TE,NO,2019,14,0,0,0,0,0,0,43,705,9,nflverse
Julian Edelman,WR,WR,NE,2019,16,47,1,0,8,27,0,100,1117,6,nflverse
Emmanuel Sanders,WR,WR,SF,2019,17,35,1,0,0,0,0,66,869,5,nflverse
Jimmy Graham,TE,TE,GB,2019,16,0,0,0,0,0,0,38,447,3,nflverse
Demaryius Thomas,WR,WR,NYJ,2019,11,0,0,0,0,0,0,36,433,1,nflverse
Golden Tate,WR,WR,NYG,2019,11,0,0,0,1,16,0,49,676,6,nflverse
Cam Newton,QB,QB,CAR,2019,2,572,0,1,5,-2,0,0,0,0,nflverse
Julio Jones,WR,WR,ATL,2019,15,0,0,0,2,-3,0,99,1394,6,nflverse
Mark Ingram,RB,RB,BAL,2019,15,0,0,0,202,1018,10,26,247,5,nflverse
Andy Dalton,QB,QB,CIN,2019,13,3494,16,14,32,73,4,1,-4,0,nflverse
Kyle Rudolph,TE,TE,MIN,2019,15,0,0,0,0,0,0,39,367,6,nflverse
Randall Cobb,WR,WR,DAL,2019,15,0,0,0,3,11,0,55,828,3,nflverse
Bilal Powell,RB,RB,NYJ,2019,12,0,0,0,59,229,0,7,33,0,nflverse
Dion Lewis,RB,RB,TEN,2019,15,0,0,0,54,209,0,25,164,1,nflverse
Charles Clay,TE,TE,ARI,2019,15,0,0,0,0,0,0,18,237,1,nflverse
Case Keenum,QB,QB,WAS,2019,10,1707,11,5,9,12,1,0,0,0,nflverse
Cole Beasley,WR,WR,BUF,2019,15,0,0,0,0,0,0,67,778,6,nflverse
Alshon Jeffery,WR,WR,PHI,2019,9,0,0,0,1,2,1,43,490,4,nflverse
Brandon Bolden,RB,RB,NE,2019,15,0,0,0,15,68,3,9,111,1,nflverse
Russell Wilson,QB,QB,SEA,2019,16,4110,31,5,75,342,3,0,0,0,nflverse
Marvin Jones,WR,WR,DET,2019,13,0,0,0,2,0,0,62,779,9,nflverse
Nick Foles,QB,QB,JAX,2019,4,736,3,2,4,23,0,0,0,0,nflverse
Jarius Wright,WR,WR,CAR,2019,16,0,0,0,1,-7,0,28,296,0,nflverse
Kirk Cousins,QB,QB,MIN,2019,15,3603,26,6,31,63,1,0,0,0,nflverse
T.Y. Hilton,WR,WR,IND,2019,10,0,0,0,0,0,0,45,501,5,nflverse
Mohamed Sanu,WR,WR,NE,2019,15,0,0,0,3,11,0,59,520,2,nflverse
Josh Gordon,WR,WR,SEA,2019,11,0,0,1,1,1,0,27,426,1,nflverse
Ryan Tannehill,QB,QB,TEN,2019,12,2742,22,6,43,185,4,0,0,0,nflverse
Darren Fells,TE,TE,HOU,2019,15,0,0,0,0,0,0,34,341,7,nflverse
Kyle Juszczyk,FB,RB,SF,2019,12,0,0,0,3,7,0,20,239,1,nflverse
Adam Thielen,WR,WR,MIN,2019,10,0,0,0,4,6,1,30,418,6,nflverse
Zach Ertz,TE,TE,PHI,2019,15,0,0,0,0,0,0,88,916,6,nflverse
Marquise Goodwin,WR,WR,SF,2019,8,0,0,0,1,15,0,12,186,1,nflverse
Kenny Stills,WR,WR,HOU,2019,13,0,0,0,0,0,0,40,561,4,nflverse
Ryan Griffin,TE,TE,NYJ,2019,13,0,0,0,0,0,0,34,320,5,nflverse
Demetrius Harris,TE,TE,CLE,2019,14,0,0,0,0,0,0,15,149,3,nflverse
Jack Doyle,TE,TE,IND,2019,16,0,0,0,0,0,0,43,448,4,nflverse
Josh Hill,TE,TE,NO,2019,14,0,0,0,0,0,0,25,226,3,nflverse
Keenan Allen,WR,WR,LAC,2019,16,0,0,0,3,16,0,104,1199,6,nflverse
Rex Burkhead,RB,RB,NE,2019,13,0,0,0,65,302,3,27,279,0,nflverse
Jaron Brown,WR,WR,SEA,2019,10,0,0,0,0,0,0,16,220,2,nflverse
Chris Thompson,RB,RB,WAS,2019,11,0,0,0,37,138,0,42,378,0,nflverse
Robert Woods,WR,WR,LA,2019,15,0,0,0,17,115,1,90,1134,2,nflverse
Giovani Bernard,RB,RB,CIN,2019,16,0,0,0,53,170,0,30,234,0,nflverse
Vance McDonald,TE,TE,PIT,2019,14,0,0,0,1,2,0,38,273,3,nflverse
Le'Veon Bell,RB,RB,NYJ,2019,15,0,0,0,245,789,3,66,461,1,nflverse
Travis Kelce,TE,TE,KC,2019,16,0,0,0,1,4,1,97,1229,5,nflverse
Latavius Murray,RB,RB,NO,2019,16,0,0,0,146,637,5,34,235,1,nflverse
Tavon Austin,WR,WR,DAL,2019,14,0,0,0,6,47,1,13,177,1,nflverse
Tyler Eifert,TE,TE,CIN,2019,16,0,0,0,0,0,0,43,436,3,nflverse
DeAndre Hopkins,WR,WR,HOU,2019,15,6,1,1,2,18,0,104,1165,7,nflverse
Willie Snead,WR,WR,BAL,2019,16,0,0,0,2,2,0,31,339,5,nflverse
Albert Wilson,WR,WR,MIA,2019,13,20,0,0,5,45,0,43,351,1,nflverse
Bennie Fowler,WR,WR,NYG,2019,8,0,0,0,1,20,0,23,193,0,nflverse
Allen Hurns,WR,WR,MIA,2019,14,0,0,0,0,0,0,32,416,2,nflverse
Damien Williams,RB,RB,KC,2019,11,0,0,0,111,498,5,30,213,2,nflverse
Carlos Hyde,RB,RB,HOU,2019,16,0,0,0,245,1070,6,10,42,0,nflverse
John Brown,WR,WR,BUF,2019,15,28,1,0,2,7,0,72,1060,6,nflverse
James White,RB,RB,NE,2019,15,35,0,0,67,263,1,72,645,5,nflverse
Seth Roberts,WR,WR,BAL,2019,14,0,0,0,0,0,0,21,271,2,nflverse
Taylor Gabriel,WR,WR,CHI,2019,9,0,0,0,3,20,0,29,353,4,nflverse
Odell Beckham Jr.,WR,WR,CLE,2019,16,20,0,0,3,10,0,74,1035,4,nflverse
Brandin Cooks,WR,WR,LA,2019,14,0,0,0,6,52,0,42,583,2,nflverse
Teddy Bridgewater,QB,QB,NO,2019,9,1384,9,2,28,31,0,0,0,0,nflverse
Paul Richardson,WR,WR,WAS,2019,10,0,0,0,1,0,0,28,245,2,nflverse
Cameron Brate,TE,TE,TB,2019,14,0,0,0,0,0,0,36,311,4,nflverse
Derek Carr,QB,QB,LV,2019,16,4054,21,8,27,82,2,0,0,0,nflverse
Devonta Freeman,RB,RB,ATL,2019,14,0,0,0,184,656,2,59,410,4,nflverse
Sammy Watkins,WR,WR,KC,2019,13,0,0,0,2,12,0,52,673,3,nflverse
Cody Latimer,WR,WR,NYG,2019,14,0,0,0,0,0,0,24,300,2,nflverse
Jimmy Garoppolo,QB,QB,SF,2019,16,3978,27,13,46,62,1,0,0,0,nflverse
Davante Adams,WR,WR,GB,2019,12,0,0,0,0,0,0,83,997,5,nflverse
Jarvis Landry,WR,WR,CLE,2019,16,0,0,0,1,10,0,83,1174,6,nflverse
Eric Ebron,TE,TE,IND,2019,11,0,0,0,0,0,0,31,375,3,nflverse
Mike Evans,WR,WR,TB,2019,13,0,0,0,0,0,0,67,1157,8,nflverse
Allen Robinson,WR,WR,CHI,2019,16,0,0,0,1,2,0,98,1147,7,nflverse
Jameis Winston,QB,QB,TB,2019,16,5109,33,30,59,250,1,0,0,0,nflverse
Amari Cooper,WR,WR,DAL,2019,16,0,0,0,1,6,0,79,1189,8,nflverse
DeVante Parker,WR,WR,MIA,2019,16,0,0,0,0,0,0,72,1202,9,nflverse
Nelson Agholor,WR,WR,PHI,2019,11,0,0,0,2,7,0,39,363,3,nflverse
Maxx Williams,TE,TE,ARI,2019,13,0,0,0,0,0,0,15,202,1,nflverse
Stefon Diggs,WR,WR,MIN,2019,15,0,0,0,5,61,0,63,1130,6,nflverse
Nick Boyle,TE,TE,BAL,2019,15,0,0,0,0,0,0,31,321,2,nflverse
Darren Waller,TE,TE,LV,2019,16,0,0,0,2,5,0,90,1145,3,nflverse
Raheem Mostert,RB,RB,SF,2019,16,0,0,0,137,772,8,14,180,2,nflverse
Jake Kumerow,WR,WR,GB,2019,11,0,0,0,0,0,0,12,219,1,nflverse
Malcolm Brown,RB,RB,LA,2019,14,0,0,0,69,255,5,2,16,0,nflverse
Damiere Byrd,WR,WR,ARI,2019,11,0,0,0,0,0,0,32,359,1,nflverse
Jamison Crowder,WR,WR,NYJ,2019,16,0,0,0,1,4,0,78,833,6,nflverse
James O'Shaughnessy,TE,TE,JAX,2019,5,0,0,0,0,0,0,14,153,2,nflverse
Adam Humphries,WR,WR,TEN,2019,12,0,0,0,1,1,0,37,374,2,nflverse
Breshad Perriman,WR,WR,TB,2019,14,0,0,0,2,16,0,36,645,6,nflverse
Tevin Coleman,RB,RB,SF,2019,14,0,0,0,137,544,6,21,180,1,nflverse
Ameer Abdullah,RB,RB,MIN,2019,15,0,0,0,23,115,0,15,88,1,nflverse
Chris Conley,WR,WR,JAX,2019,16,0,0,0,0,0,0,47,775,5,nflverse
C.J. Uzomah,TE,TE,CIN,2019,14,0,0,0,0,0,0,27,242,2,nflverse
Melvin Gordon,RB,RB,LAC,2019,12,0,0,0,162,612,8,42,296,1,nflverse
Tyrell Williams,WR,WR,LV,2019,13,0,0,0,0,0,0,42,651,6,nflverse
David Johnson,RB,RB,ARI,2019,12,0,0,0,94,345,2,36,370,4,nflverse
Phillip Dorsett,WR,WR,NE,2019,11,0,0,0,3,21,0,29,397,5,nflverse
Tyler Lockett,WR,WR,SEA,2019,16,0,0,0,4,-5,0,82,1057,8,nflverse
Todd Gurley,RB,RB,LA,2019,15,0,0,0,223,857,12,31,207,2,nflverse
Duke Johnson,RB,RB,HOU,2019,16,0,0,0,83,410,2,44,410,3,nflverse
Marcus Mariota,QB,QB,TEN,2019,7,1203,7,2,24,129,0,0,0,0,nflverse
Chester Rogers,WR,WR,IND,2019,10,0,0,0,1,18,0,16,179,2,nflverse
Sterling Shepard,WR,WR,NYG,2019,10,0,0,0,6,72,0,57,576,3,nflverse
Austin Hooper,TE,TE,ATL,2019,13,0,0,0,0,0,0,75,787,6,nflverse
Brandon Allen,QB,QB,DEN,2019,3,515,3,2,10,39,0,0,0,0,nflverse
Jeff Driskel,QB,QB,DET,2019,3,685,4,4,22,151,1,1,6,0,nflverse
Alex Erickson,WR,WR,CIN,2019,16,26,0,0,5,33,0,43,529,0,nflverse
J.D. McKissic,RB,RB,DET,2019,15,0,0,0,38,205,0,34,233,1,nflverse
Geronimo Allison,WR,WR,GB,2019,15,0,0,0,1,7,0,34,287,2,nflverse
Robbie Chosen,WR,WR,NYJ,2019,16,0,0,0,1,4,0,52,779,5,nflverse
Peyton Barber,RB,RB,TB,2019,16,0,0,0,154,470,6,16,115,1,nflverse
Derrick Henry,RB,RB,TEN,2019,15,0,0,0,303,1540,16,18,206,2,nflverse
Michael Thomas,WR,WR,NO,2019,16,0,0,0,1,-9,0,149,1725,9,nflverse
Demarcus Robinson,WR,WR,KC,2019,15,0,0,0,0,0,0,32,449,4,nflverse
Tajae Sharpe,WR,WR,TEN,2019,13,0,0,0,0,0,0,25,329,4,nflverse
Jordan Howard,RB,RB,PHI,2019,9,0,0,0,119,525,6,10,69,1,nflverse
DeAndre Washington,RB,RB,LV,2019,16,0,0,0,108,387,3,36,292,0,nflverse
Carson Wentz,QB,QB,PHI,2019,16,4039,27,7,62,243,1,0,0,0,nflverse
Jonathan Williams,RB,RB,IND,2019,5,0,0,0,49,235,1,5,59,0,nflverse
Marcus Johnson,WR,WR,IND,2019,8,0,0,0,0,0,0,17,277,2,nflverse
Tyler Boyd,WR,WR,CIN,2019,16,0,0,0,4,23,0,90,1046,5,nflverse
Jalen Richard,RB,RB,LV,2019,16,0,0,0,39,145,0,36,323,0,nflverse
Tyreek Hill,WR,WR,KC,2019,12,0,0,0,8,23,0,58,860,7,nflverse
Ezekiel Elliott,RB,RB,DAL,2019,16,0,0,0,301,1357,12,54,420,2,nflverse
Dak Prescott,QB,QB,DAL,2019,16,4902,30,11,52,277,3,0,0,0,nflverse
Hunter Henry,TE,TE,LAC,2019,12,0,0,0,0,0,0,55,652,5,nflverse
Marvin Hall,WR,WR,DET,2019,7,0,0,0,1,7,0,7,261,1,nflverse
Jared Goff,QB,QB,LA,2019,16,4638,22,16,33,40,2,0,0,0,nflverse
Tyler Higbee,TE,TE,LA,2019,14,0,0,0,0,0,0,69,734,3,nflverse
Pharoh Cooper,WR,WR,ARI,2019,12,0,0,0,1,2,0,25,243,1,nflverse
Kenyan Drake,RB,RB,ARI,2019,14,0,0,0,170,817,8,50,345,0,nflverse
Jacoby Brissett,QB,QB,IND,2019,15,2942,18,6,56,228,4,1,2,0,nflverse
Will Fuller,WR,WR,HOU,2019,11,0,0,0,0,0,0,49,670,3,nflverse
Zach Pascal,WR,WR,IND,2019,16,0,0,0,2,16,0,41,607,5,nflverse
Christian McCaffrey,RB,RB,CAR,2019,16,0,0,0,287,1387,15,116,1005,4,nflverse
Curtis Samuel,WR,WR,CAR,2019,16,0,0,0,19,130,1,54,627,6,nflverse
George Kittle,TE,TE,SF,2019,14,0,0,0,5,22,0,85,1053,5,nflverse
Aaron Jones,RB,RB,GB,2019,16,0,0,0,236,1084,16,49,474,3,nflverse
Kendrick Bourne,WR,WR,SF,2019,16,0,0,0,0,0,0,30,358,5,nflverse
Matt Breida,RB,RB,SF,2019,12,0,0,0,123,623,1,19,120,1,nflverse
Taysom Hill,TE,TE,NO,2019,16,55,0,0,27,156,1,19,234,6,nflverse
Tim Patrick,WR,WR,DEN,2019,8,0,0,0,0,0,0,16,218,0,nflverse
Jacob Hollister,TE,TE,SEA,2019,10,0,0,0,0,0,0,41,349,3,nflverse
Anthony Firkser,TE,TE,TEN,2019,10,0,0,0,0,0,0,14,204,1,nflverse
John Ross,WR,WR,CIN,2019,8,0,0,0,3,4,0,28,506,3,nflverse
Isaiah McKenzie,WR,WR,BUF,2019,12,0,0,0,8,49,0,27,254,1,nflverse
Isaiah Ford,WR,WR,MIA,2019,8,0,0,0,1,11,0,23,244,0,nflverse
Jeremy Sprinkle,TE,TE,WAS,2019,16,0,0,0,0,0,0,26,241,1,nflverse
Mike Williams,WR,WR,LAC,2019,15,0,0,0,1,2,0,49,1001,2,nflverse
Deshaun Watson,QB,QB,HOU,2019,15,3852,26,12,82,413,7,1,6,1,nflverse
James Conner,RB,RB,PIT,2019,10,0,0,0,116,464,4,34,251,3,nflverse
Tarik Cohen,RB,RB,CHI,2019,16,0,0,0,64,213,0,79,456,3,nflverse
Brian Hill,RB,RB,ATL,2019,10,0,0,0,78,323,2,10,69,1,nflverse
David Moore,WR,WR,SEA,2019,14,0,0,0,3,25,0,17,301,2,nflverse
Chris Carson,RB,RB,SEA,2019,15,0,0,0,278,1230,7,37,266,2,nflverse
Ricky Seals-Jones,TE,TE,CLE,2019,9,0,0,0,0,0,0,14,229,4,nflverse
Blake Jarwin,TE,TE,DAL,2019,15,0,0,0,0,0,0,31,365,3,nflverse
Keelan Cole,WR,WR,JAX,2019,12,0,0,0,1,6,0,24,361,3,nflverse
Austin Ekeler,RB,RB,LAC,2019,16,0,0,0,132,557,3,92,993,8,nflverse
Greg Ward,WR,WR,PHI,2019,6,0,0,0,1,5,0,28,254,1,nflverse
Dede Westbrook,WR,WR,JAX,2019,15,0,0,0,5,27,0,66,660,3,nflverse
Dare Ogunbowale,RB,RB,TB,2019,16,0,0,0,11,17,2,35,286,0,nflverse
Leonard Fournette,RB,RB,JAX,2019,15,0,0,0,265,1152,3,76,522,0,nflverse
JuJu Smith-Schuster,WR,WR,PIT,2019,12,0,0,0,0,0,0,42,552,3,nflverse
Jonnu Smith,TE,TE,TEN,2019,15,0,0,0,4,78,0,35,439,3,nflverse
Mitchell Trubisky,QB,QB,CHI,2019,15,3138,17,10,48,193,2,0,0,0,nflverse
Corey Davis,WR,WR,TEN,2019,15,0,0,0,0,0,0,43,601,2,nflverse
Patrick Mahomes,QB,QB,KC,2019,14,4031,26,5,43,218,2,0,0,0,nflverse
O.J. Howard,TE,TE,TB,2019,14,0,0,0,0,0,0,34,459,1,nflverse
Evan Engram,TE,TE,NYG,2019,8,0,0,0,3,7,0,44,467,3,nflverse
Zay Jones,WR,WR,LV,2019,14,0,0,0,1,3,0,27,216,0,nflverse
Dalvin Cook,RB,RB,MIN,2019,14,0,0,0,250,1135,13,53,519,0,nflverse
Gerald Everett,TE,TE,LA,2019,12,0,0,0,1,0,0,37,408,2,nflverse
Joe Mixon,RB,RB,CIN,2019,16,0,0,0,278,1137,5,35,287,3,nflverse
Alvin Kamara,RB,RB,NO,2019,14,13,0,0,171,797,5,81,533,1,nflverse
Cooper Kupp,WR,WR,LA,2019,16,0,0,0,2,4,0,94,1161,10,nflverse
Chris Godwin Jr.,WR,WR,TB,2019,14,0,0,0,1,8,0,86,1333,9,nflverse
Kareem Hunt,RB,RB,CLE,2019,8,0,0,0,43,179,2,37,285,1,nflverse
Kenny Golladay,WR,WR,DET,2019,16,0,0,0,0,0,0,65,1190,11,nflverse
Josh Reynolds,WR,WR,LA,2019,16,0,0,0,5,23,0,21,326,1,nflverse
Jamaal Williams,RB,RB,GB,2019,14,0,0,0,107,460,1,39,253,5,nflverse
Wayne Gallman,RB,RB,NYG,2019,9,0,0,0,29,110,2,11,102,1,nflverse
Marlon Mack,RB,RB,IND,2019,14,0,0,0,247,1091,8,14,82,0,nflverse
Dan Arnold,TE,TE,ARI,2019,5,0,0,0,0,0,0,8,127,2,nflverse
Ross Dwelley,TE,TE,SF,2019,8,0,0,0,0,0,0,15,91,2,nflverse
Phillip Lindsay,RB,RB,DEN,2019,16,0,0,0,224,1011,7,35,196,0,nflverse
Jeff Wilson,RB,RB,SF,2019,8,0,0,0,27,105,4,3,34,1,nflverse
Will Dissly,TE,TE,SEA,2019,6,0,0,0,1,7,0,23,262,4,nflverse
Gus Edwards,RB,RB,BAL,2019,16,0,0,0,133,711,2,7,45,0,nflverse
Mike Boone,RB,RB,MIN,2019,8,0,0,0,49,273,3,3,17,0,nflverse
Dontrell Hilliard,RB,RB,CLE,2019,14,0,0,0,13,49,2,12,92,0,nflverse
Marquez Valdes-Scantling,WR,WR,GB,2019,15,0,0,0,2,9,0,26,452,2,nflverse
Damion Ratley,WR,WR,CLE,2019,9,0,0,0,0,0,0,12,200,1,nflverse
Darrel Williams,RB,RB,KC,2019,9,0,0,0,41,141,3,15,167,1,nflverse
Jaylen Samuels,RB,RB,PIT,2019,13,35,0,1,66,175,1,47,305,1,nflverse
Josh Rosen,QB,QB,MIA,2019,5,567,1,5,3,13,0,0,0,0,nflverse
Courtland Sutton,WR,WR,DEN,2019,16,38,0,0,3,17,0,72,1112,6,nflverse
Kerryon Johnson,RB,RB,DET,2019,8,0,0,0,113,403,3,10,127,1,nflverse
Dallas Goedert,TE,TE,PHI,2019,15,0,0,0,0,0,0,58,607,5,nflverse
Anthony Miller,WR,WR,CHI,2019,16,0,0,0,1,-1,0,52,656,2,nflverse
Derrius Guice,RB,RB,WAS,2019,5,0,0,0,42,245,2,7,79,1,nflverse
Jordan Akins,TE,TE,HOU,2019,16,0,0,0,0,0,0,36,418,2,nflverse
Keke Coutee,WR,WR,HOU,2019,8,0,0,0,2,14,1,22,254,0,nflverse
Nyheim Hines,RB,RB,IND,2019,16,0,0,0,52,199,2,44,320,0,nflverse
DaeSean Hamilton,WR,WR,DEN,2019,13,0,0,0,0,0,0,28,297,1,nflverse
Justin Watson,WR,WR,TB,2019,9,0,0,0,0,0,0,15,159,2,nflverse
Jordan Wilkins,RB,RB,IND,2019,13,0,0,0,51,307,2,7,43,0,nflverse
Russell Gage,WR,WR,ATL,2019,14,0,0,0,4,12,0,49,446,1,nflverse
Boston Scott,RB,RB,PHI,2019,9,0,0,0,61,245,5,24,204,0,nflverse
Bo Scarbrough,RB,RB,DET,2019,6,0,0,0,89,377,1,1,5,0,nflverse
Justin Jackson,RB,RB,LAC,2019,7,0,0,0,29,200,0,9,22,0,nflverse
Allen Lazard,WR,WR,GB,2019,12,0,0,0,1,21,0,35,477,3,nflverse
Kyle Allen,QB,QB,CAR,2019,13,3322,17,16,32,106,2,0,0,0,nflverse
Vyncint Smith,WR,WR,NYJ,2019,13,0,0,0,3,52,1,17,225,0,nflverse
James Washington,WR,WR,PIT,2019,15,0,0,0,0,0,0,44,735,3,nflverse
Mark Walton,RB,RB,MIA,2019,7,0,0,0,53,201,0,15,89,0,nflverse
Chase Edmonds,RB,RB,ARI,2019,12,0,0,0,60,303,4,12,105,1,nflverse
Auden Tate,WR,WR,CIN,2019,12,0,0,0,0,0,0,40,575,1,nflverse
Rashaad Penny,RB,RB,SEA,2019,9,0,0,0,65,370,3,8,83,1,nflverse
Mark Andrews,TE,TE,BAL,2019,15,0,0,0,0,0,0,64,852,10,nflverse
Michael Gallup,WR,WR,DAL,2019,14,0,0,0,0,0,0,66,1107,6,nflverse
Tre'Quan Smith,WR,WR,NO,2019,10,0,0,0,0,0,0,18,234,5,nflverse
Mason Rudolph,QB,QB,PIT,2019,10,1765,13,9,21,42,0,0,0,0,nflverse
Christian Kirk,WR,WR,ARI,2019,13,0,0,0,10,93,0,68,709,3,nflverse
DJ Chark,WR,WR,JAX,2019,15,0,0,0,2,20,0,73,1008,8,nflverse
Nick Chubb,RB,RB,CLE,2019,16,0,0,0,298,1494,8,36,278,0,nflverse
Lamar Jackson,QB,QB,BAL,2019,15,3127,36,6,176,1206,7,0,0,0,nflverse
Kalen Ballage,RB,RB,MIA,2019,12,0,0,0,74,135,3,14,63,0,nflverse
Ronald Jones,RB,RB,TB,2019,16,0,0,0,172,724,6,31,309,0,nflverse
DJ Moore,WR,WR,CAR,2019,15,0,0,0,6,40,0,87,1175,4,nflverse
Mike Gesicki,TE,TE,MIA,2019,15,0,0,0,0,0,0,51,570,5,nflverse
Hayden Hurst,TE,TE,BAL,2019,16,0,0,0,0,0,0,30,349,2,nflverse
Calvin Ridley,WR,WR,ATL,2019,13,0,0,0,2,34,0,63,866,7,nflverse
Royce Freeman,RB,RB,DEN,2019,16,0,0,0,132,496,3,43,256,1,nflverse
Saquon Barkley,RB,RB,NYG,2019,13,0,0,0,217,1003,6,52,438,2,nflverse
Sony Michel,RB,RB,NE,2019,16,0,0,0,247,912,7,12,94,0,nflverse
Baker Mayfield,QB,QB,CLE,2019,16,3827,22,21,28,141,3,0,0,0,nflverse
Josh Allen,QB,QB,BUF,2019,16,3089,20,9,109,510,9,0,0,0,nflverse
Dante Pettis,WR,WR,SF,2019,9,16,0,0,0,0,0,11,109,2,nflverse
Malik Turner,WR,WR,SEA,2019,11,0,0,0,0,0,0,15,245,1,nflverse
Sam Darnold,QB,QB,NYJ,2019,13,3024,19,13,33,62,2,0,0,0,nflverse
Steven Sims,WR,WR,WAS,2019,16,0,0,0,9,85,1,34,310,4,nflverse
Jakobi Meyers,WR,WR,NE,2019,11,0,0,0,0,0,0,26,359,0,nflverse
Irv Smith,TE,TE,MIN,2019,14,0,0,0,0,0,0,36,311,2,nflverse
Alexander Mattison,RB,RB,MIN,2019,13,0,0,0,100,462,1,10,82,0,nflverse
Justice Hill,RB,RB,BAL,2019,16,0,0,0,58,225,2,8,70,0,nflverse
Foster Moreau,TE,TE,LV,2019,11,0,0,0,0,0,0,21,174,5,nflverse
Hunter Renfrow,WR,WR,LV,2019,13,0,0,0,0,0,0,49,605,4,nflverse
Kaden Smith,TE,TE,NYG,2019,7,0,0,0,0,0,0,31,268,3,nflverse
Bisi Johnson,WR,WR,MIN,2019,13,0,0,0,1,6,0,31,294,3,nflverse
David Blough,QB,QB,DET,2019,5,984,4,6,8,31,0,1,19,1,nflverse
Mecole Hardman,WR,WR,KC,2019,16,0,0,0,4,17,0,26,538,6,nflverse
Diontae Johnson,WR,WR,PIT,2019,16,0,0,0,4,41,0,59,680,5,nflverse
Benny Snell,RB,RB,PIT,2019,11,0,0,0,108,426,2,3,23,0,nflverse
Kyler Murray,QB,QB,ARI,2019,16,3722,20,12,93,544,4,0,0,0,nflverse
T.J. Hockenson,TE,TE,DET,2019,12,0,0,0,0,0,0,32,367,2,nflverse
Dwayne Haskins,QB,QB,WAS,2019,9,1365,7,7,20,101,0,0,0,0,nflverse
Miles Sanders,RB,RB,PHI,2019,16,0,0,0,179,818,3,50,509,3,nflverse
Devin Singletary,RB,RB,BUF,2019,12,0,0,0,151,775,2,29,194,2,nflverse
Tony Pollard,RB,RB,DAL,2019,14,0,0,0,86,455,2,15,107,1,nflverse
Ryquell Armstead,RB,RB,JAX,2019,14,0,0,0,35,108,0,14,144,2,nflverse
Qadree Ollison,RB,RB,ATL,2019,6,0,0,0,22,50,4,1,7,0,nflverse
Gardner Minshew,QB,QB,JAX,2019,14,3271,21,6,67,344,0,0,0,0,nflverse
Kelvin Harmon,WR,WR,WAS,2019,15,11,0,0,0,0,0,30,365,0,nflverse
Scott Miller,WR,WR,TB,2019,9,0,0,0,2,16,0,13,200,1,nflverse
Patrick Laird,RB,RB,MIA,2019,8,0,0,0,62,168,1,23,204,0,nflverse
Preston Williams,WR,WR,MIA,2019,8,0,0,0,0,0,0,32,428,3,nflverse
Wes Hills,RB,RB,DET,2019,1,0,0,0,10,21,2,2,1,0,nflverse
Andy Isabella,WR,WR,ARI,2019,12,0,0,0,4,15,0,9,189,1,nflverse
Darius Slayton,WR,WR,NYG,2019,14,0,0,0,0,0,0,48,740,8,nflverse
Ty Johnson,RB,RB,DET,2019,16,0,0,0,63,273,0,24,109,0,nflverse
Devlin Hodges,QB,QB,PIT,2019,8,1063,5,8,21,68,0,0,0,0,nflverse
N'Keal Harry,TE,TE,NE,2019,7,0,0,0,5,49,0,12,105,2,nflverse
DK Metcalf,WR,WR,SEA,2019,16,0,0,0,2,11,0,58,900,7,nflverse
Noah Fant,TE,TE,DEN,2019,16,0,0,0,3,-12,0,40,562,3,nflverse
Terry McLaurin,WR,WR,WAS,2019,14,0,0,0,0,0,0,58,919,7,nflverse
Marquise Brown,WR,WR,BAL,2019,14,0,0,0,0,0,0,46,584,7,nflverse
A.J. Brown,WR,WR,TEN,2019,16,0,0,0,3,60,1,52,1051,8,nflverse
David Montgomery,RB,RB,CHI,2019,16,0,0,0,242,889,6,25,185,1,nflverse
Dawson Knox,TE,TE,BUF,2019,15,0,0,0,1,9,0,28,388,2,nflverse
Josh Jacobs,RB,RB,LV,2019,13,0,0,0,242,1150,7,20,166,0,nflverse
Miles Boykin,WR,WR,BAL,2019,12,0,0,0,0,0,0,13,198,3,nflverse
Drew Lock,QB,QB,DEN,2019,5,1020,7,3,18,72,0,0,0,0,nflverse
Daniel Jones,QB,QB,NYG,2019,13,3027,24,12,45,279,2,0,0,0,nflverse
Deebo Samuel Sr.,WR,WR,SF,2019,15,0,0,0,14,159,3,57,802,3,nflverse
Tom Brady,QB,QB,TB,2020,16,4633,40,12,30,6,3,0,0,0,nflverse
Drew Brees,QB,QB,NO,2020,12,2942,24,6,18,-2,2,0,0,0,nflverse
Jason Witten,TE,TE,LV,2020,10,0,0,0,0,0,0,13,69,2,nflverse
Larry Fitzgerald,WR,WR,ARI,2020,13,0,0,0,0,0,0,54,409,1,nflverse
Ben Roethlisberger,QB,QB,PIT,2020,15,3803,33,10,25,11,0,0,0,0,nflverse
Philip Rivers,QB,QB,IND,2020,16,4169,24,11,18,-8,0,0,0,0,nflverse
Alex Smith,QB,QB,WAS,2020,8,1582,6,8,10,3,0,0,0,0,nflverse
Aaron Rodgers,QB,QB,GB,2020,16,4299,48,5,38,149,3,1,-6,0,nflverse
Frank Gore,RB,RB,NYJ,2020,15,0,0,0,187,653,2,16,89,0,nflverse
Ryan Fitzpatrick,QB,QB,MIA,2020,9,2091,13,8,30,151,2,1,0,0,nflverse
Marcedes Lewis,TE,TE,GB,2020,11,0,0,0,0,0,0,10,107,3,nflverse
Adrian Peterson,RB,RB,DET,2020,16,0,0,0,156,604,7,12,101,0,nflverse
Greg Olsen,TE,TE,SEA,2020,11,0,0,0,0,0,0,24,239,1,nflverse
Danny Amendola,WR,WR,DET,2020,14,0,0,0,1,2,0,46,602,0,nflverse
Matt Ryan,QB,QB,ATL,2020,16,4581,26,11,29,92,2,0,0,0,nflverse
Joe Flacco,QB,QB,NYJ,2020,5,864,6,3,6,22,0,0,0,0,nflverse
DeSean Jackson,WR,WR,PHI,2020,5,0,0,0,1,12,0,14,236,1,nflverse
Matthew Stafford,QB,QB,DET,2020,16,4084,26,10,29,112,0,0,0,0,nflverse
Jared Cook,TE,TE,NO,2020,15,0,0,0,0,0,0,37,504,7,nflverse
Julian Edelman,WR,WR,NE,2020,6,38,0,0,2,22,0,21,315,0,nflverse
Rob Gronkowski,TE,TE,TB,2020,16,0,0,0,0,0,0,45,623,7,nflverse
Emmanuel Sanders,WR,WR,NO,2020,14,0,0,0,1,12,0,61,726,5,nflverse
Jimmy Graham,TE,TE,CHI,2020,16,0,0,0,0,0,0,50,456,8,nflverse
Antonio Brown,WR,WR,TB,2020,8,0,0,0,2,-2,0,45,483,4,nflverse
Golden Tate,WR,WR,NYG,2020,12,18,0,0,0,0,0,35,388,2,nflverse
Dez Bryant,WR,WR,BAL,2020,4,0,0,0,0,0,0,6,47,2,nflverse
Cam Newton,QB,QB,NE,2020,15,2657,8,10,137,592,12,2,35,1,nflverse
A.J. Green,WR,WR,CIN,2020,16,0,0,0,0,0,0,47,523,2,nflverse
Julio Jones,WR,WR,ATL,2020,9,0,0,0,0,0,0,51,771,3,nflverse
Mark Ingram,RB,RB,BAL,2020,10,0,0,0,72,299,2,6,50,0,nflverse
Andy Dalton,QB,QB,DAL,2020,11,2170,14,8,28,114,0,1,-3,0,nflverse
Kyle Rudolph,TE,TE,MIN,2020,12,0,0,0,0,0,0,28,334,1,nflverse
Randall Cobb,WR,WR,HOU,2020,10,0,0,0,0,0,0,38,441,3,nflverse
Dion Lewis,RB,RB,NYG,2020,16,0,0,0,29,115,2,19,127,1,nflverse
Lee Smith,TE,TE,BUF,2020,5,0,0,0,0,0,0,4,35,2,nflverse
Dontrelle Inman,WR,WR,WAS,2020,7,0,0,0,0,0,0,18,163,2,nflverse
Cole Beasley,WR,WR,BUF,2020,15,20,1,0,0,0,0,82,967,4,nflverse
Alfred Morris,RB,RB,NYG,2020,9,0,0,0,55,238,1,3,19,1,nflverse
Russell Wilson,QB,QB,SEA,2020,16,4212,40,13,83,513,2,0,0,0,nflverse
Marvin Jones,WR,WR,DET,2020,16,0,0,0,0,0,0,76,978,9,nflverse
Nick Foles,QB,QB,CHI,2020,9,1852,10,8,16,1,1,0,0,0,nflverse
Kirk Cousins,QB,QB,MIN,2020,16,4265,35,13,32,156,1,0,0,0,nflverse
T.Y. Hilton,WR,WR,IND,2020,15,0,0,0,0,0,0,56,762,5,nflverse
Ryan Tannehill,QB,QB,TEN,2020,16,3819,33,7,43,266,7,1,0,0,nflverse
Darren Fells,TE,TE,HOU,2020,12,0,0,0,0,0,0,21,312,4,nflverse
Kyle Juszczyk,FB,RB,SF,2020,16,0,0,0,17,64,2,19,202,4,nflverse
Adam Thielen,WR,WR,MIN,2020,15,0,0,0,3,15,0,74,925,14,nflverse
Zach Ertz,TE,TE,PHI,2020,11,0,0,0,0,0,0,36,335,1,nflverse
Jack Doyle,TE,TE,IND,2020,13,0,0,0,0,0,0,23,251,3,nflverse
Keenan Allen,WR,WR,LAC,2020,14,0,0,0,1,-1,0,100,992,8,nflverse
Rex Burkhead,RB,RB,NE,2020,10,0,0,0,67,274,3,25,192,3,nflverse
Robert Woods,WR,WR,LA,2020,16,0,0,0,24,155,2,90,936,6,nflverse
Giovani Bernard,RB,RB,CIN,2020,16,0,0,0,124,416,3,47,355,3,nflverse
Jordan Reed,TE,TE,SF,2020,10,0,0,0,0,0,0,26,231,4,nflverse
Le'Veon Bell,RB,RB,KC,2020,11,0,0,0,82,328,2,16,138,0,nflverse
Travis Kelce,TE,TE,KC,2020,15,4,0,0,0,0,0,105,1416,11,nflverse
Latavius Murray,RB,RB,NO,2020,15,0,0,0,146,656,4,23,176,1,nflverse
Mike Glennon,QB,QB,JAX,2020,5,1072,7,5,6,17,0,0,0,0,nflverse
Tyler Eifert,TE,TE,JAX,2020,15,0,0,0,0,0,0,36,349,2,nflverse
DeAndre Hopkins,WR,WR,ARI,2020,16,0,0,0,1,1,0,115,1407,6,nflverse
Cordarrelle Patterson,RB,RB,CHI,2020,16,0,0,0,64,232,1,21,132,0,nflverse
Willie Snead,WR,WR,BAL,2020,13,0,0,0,0,0,0,33,432,3,nflverse
Trey Burton,TE,TE,IND,2020,12,0,0,0,2,3,2,28,250,3,nflverse
Carlos Hyde,RB,RB,SEA,2020,10,0,0,0,81,356,4,16,93,0,nflverse
John Brown,WR,WR,BUF,2020,9,0,0,0,0,0,0,33,458,3,nflverse
James White,RB,RB,NE,2020,14,0,0,0,35,121,2,49,375,1,nflverse
Odell Beckham Jr.,WR,WR,CLE,2020,7,18,0,0,3,72,1,23,319,3,nflverse
Brandin Cooks,WR,WR,HOU,2020,15,0,0,0,0,0,0,81,1150,6,nflverse
Teddy Bridgewater,QB,QB,CAR,2020,15,3733,15,11,53,279,5,0,0,0,nflverse
Logan Thomas,TE,TE,WAS,2020,16,28,0,0,3,5,0,72,670,6,nflverse
Cameron Brate,TE,TE,TB,2020,13,0,0,0,0,0,0,28,282,2,nflverse
Derek Carr,QB,QB,LV,2020,16,4103,27,9,39,140,3,0,0,0,nflverse
Devonta Freeman,RB,RB,NYG,2020,5,0,0,0,54,172,1,7,58,0,nflverse
Sammy Watkins,WR,WR,KC,2020,10,0,0,1,1,3,0,37,421,2,nflverse
Jimmy Garoppolo,QB,QB,SF,2020,6,1096,7,5,10,25,0,0,0,0,nflverse
Jerick McKinnon,RB,RB,SF,2020,14,0,0,0,81,319,5,33,253,1,nflverse
Davante Adams,WR,WR,GB,2020,14,0,0,0,0,0,0,115,1374,18,nflverse
Jarvis Landry,WR,WR,CLE,2020,15,74,1,0,4,10,1,72,840,3,nflverse
Richard Rodgers,TE,TE,PHI,2020,8,0,0,0,0,0,0,24,345,2,nflverse
Eric Ebron,TE,TE,PIT,2020,15,0,0,0,0,0,0,56,558,5,nflverse
Mike Evans,WR,WR,TB,2020,16,0,0,0,0,0,0,70,1006,13,nflverse
Allen Robinson,WR,WR,CHI,2020,16,0,0,0,1,-1,0,102,1250,6,nflverse
Amari Cooper,WR,WR,DAL,2020,16,0,0,0,6,14,0,92,1114,5,nflverse
DeVante Parker,WR,WR,MIA,2020,14,0,0,0,0,0,0,63,793,4,nflverse
Nelson Agholor,WR,WR,LV,2020,16,0,0,0,0,0,0,48,896,8,nflverse
MyCole Pruitt,TE,TE,TEN,2020,5,0,0,0,0,0,0,5,49,2,nflverse
Stefon Diggs,WR,WR,BUF,2020,16,0,0,0,1,1,0,127,1535,8,nflverse
Nick Boyle,TE,TE,BAL,2020,9,0,0,0,0,0,0,14,113,2,nflverse
Darren Waller,TE,TE,LV,2020,16,0,0,0,0,0,0,107,1196,9,nflverse
Raheem Mostert,RB,RB,SF,2020,8,0,0,0,104,521,2,16,156,1,nflverse
Malcolm Brown,RB,RB,LA,2020,16,0,0,0,101,419,5,23,162,0,nflverse
Damiere Byrd,WR,WR,NE,2020,15,0,0,0,2,15,0,47,604,1,nflverse
Jamison Crowder,WR,WR,NYJ,2020,12,43,1,0,1,14,0,59,699,6,nflverse
James O'Shaughnessy,TE,TE,JAX,2020,15,0,0,0,0,0,0,28,262,0,nflverse
Adam Humphries,WR,WR,TEN,2020,7,0,0,0,0,0,0,23,228,2,nflverse
Breshad Perriman,WR,WR,NYJ,2020,12,0,0,0,1,6,0,30,505,3,nflverse
Mike Davis,RB,RB,CAR,2020,15,0,0,0,165,642,6,59,373,2,nflverse
Ameer Abdullah,RB,RB,MIN,2020,11,0,0,0,8,42,0,8,58,2,nflverse
Chris Conley,WR,WR,JAX,2020,14,0,0,0,0,0,0,40,471,2,nflverse
Jesse James,TE,TE,DET,2020,13,0,0,0,0,0,0,14,129,2,nflverse
Melvin Gordon,RB,RB,DEN,2020,15,0,0,0,215,986,9,32,158,1,nflverse
David Johnson,RB,RB,HOU,2020,12,0,0,0,147,691,6,33,314,2,nflverse
Tyler Lockett,WR,WR,SEA,2020,16,0,0,0,0,0,0,100,1054,10,nflverse
Tyler Kroft,TE,TE,BUF,2020,7,0,0,0,0,0,0,12,119,3,nflverse
Todd Gurley,RB,RB,ATL,2020,15,0,0,0,195,678,9,25,164,0,nflverse
Duke Johnson,RB,RB,HOU,2020,11,0,0,0,77,235,1,28,249,1,nflverse
Sterling Shepard,WR,WR,NYG,2020,12,0,0,0,6,49,1,66,656,3,nflverse
Austin Hooper,TE,TE,CLE,2020,13,0,0,0,0,0,0,46,435,4,nflverse
Alex Collins,RB,RB,SEA,2020,3,0,0,0,18,77,2,1,4,0,nflverse
Brandon Allen,QB,QB,CIN,2020,5,925,5,4,13,27,0,0,0,0,nflverse
Jeff Driskel,QB,QB,DEN,2020,3,432,3,2,6,28,0,0,0,0,nflverse
J.D. McKissic,RB,RB,WAS,2020,16,0,0,0,85,365,1,80,589,2,nflverse
Robbie Chosen,WR,WR,CAR,2020,16,0,0,0,4,15,0,95,1096,3,nflverse
Peyton Barber,RB,RB,WAS,2020,14,0,0,0,94,258,4,4,12,0,nflverse
Derrick Henry,RB,RB,TEN,2020,16,0,0,0,378,2027,17,19,114,0,nflverse
Michael Thomas,WR,WR,NO,2020,7,0,0,0,1,1,0,40,438,0,nflverse
Demarcus Robinson,WR,WR,KC,2020,15,0,0,0,0,0,0,45,466,3,nflverse
Jordan Howard,RB,RB,PHI,2020,7,0,0,0,35,60,4,1,-3,0,nflverse
Jakeem Grant,WR,WR,MIA,2020,14,0,0,0,3,20,0,36,373,1,nflverse
Carson Wentz,QB,QB,PHI,2020,12,2620,16,15,52,276,5,0,0,0,nflverse
Laquon Treadwell,WR,WR,ATL,2020,4,0,0,0,0,0,0,6,49,2,nflverse
Devontae Booker,RB,RB,LV,2020,15,0,0,0,93,423,3,17,84,0,nflverse
Rashard Higgins,WR,WR,CLE,2020,12,0,0,0,0,0,0,37,599,4,nflverse
Marcus Johnson,WR,WR,IND,2020,9,0,0,0,0,0,0,14,255,0,nflverse
Tyler Boyd,WR,WR,CIN,2020,15,16,0,0,5,49,0,79,841,4,nflverse
Jalen Richard,RB,RB,LV,2020,13,0,0,0,22,123,1,19,138,0,nflverse
Tyreek Hill,WR,WR,KC,2020,15,0,0,0,13,123,2,87,1276,15,nflverse
Ezekiel Elliott,RB,RB,DAL,2020,15,0,0,0,244,979,6,52,338,2,nflverse
Dak Prescott,QB,QB,DAL,2020,5,1856,9,4,18,93,3,1,11,1,nflverse
Hunter Henry,TE,TE,LAC,2020,14,0,0,0,0,0,0,60,613,4,nflverse
Marvin Hall,WR,WR,CLE,2020,11,0,0,0,1,1,0,18,302,2,nflverse
Jared Goff,QB,QB,LA,2020,15,3952,20,13,51,99,4,0,0,0,nflverse
Tyler Higbee,TE,TE,LA,2020,15,0,0,0,1,1,0,44,521,5,nflverse
Kenyan Drake,RB,RB,ARI,2020,15,0,0,0,239,955,10,25,137,0,nflverse
Will Fuller,WR,WR,HOU,2020,11,0,0,0,1,0,0,53,879,8,nflverse
Mo Alie-Cox,TE,TE,IND,2020,14,0,0,0,0,0,0,31,394,2,nflverse
Zach Pascal,WR,WR,IND,2020,16,0,0,0,0,0,0,44,629,5,nflverse
Christian McCaffrey,RB,RB,CAR,2020,3,0,0,0,59,225,5,17,149,1,nflverse
Curtis Samuel,WR,WR,CAR,2020,15,0,0,0,41,200,2,77,851,3,nflverse
George Kittle,TE,TE,SF,2020,8,0,0,0,2,17,0,48,634,2,nflverse
Aaron Jones,RB,RB,GB,2020,14,0,0,0,201,1104,9,47,355,2,nflverse
Kendrick Bourne,WR,WR,SF,2020,15,0,0,0,0,0,0,49,667,2,nflverse
Matt Breida,RB,RB,MIA,2020,10,0,0,0,59,254,0,9,96,0,nflverse
Nick Mullens,QB,QB,SF,2020,10,2437,12,12,9,8,0,0,0,0,nflverse
Taysom Hill,TE,TE,NO,2020,16,928,4,2,87,457,8,8,98,1,nflverse
Tim Patrick,WR,WR,DEN,2020,15,0,0,0,0,0,0,51,742,6,nflverse
Jacob Hollister,TE,TE,SEA,2020,13,0,0,0,0,0,0,25,209,3,nflverse
Pharaoh Brown,TE,TE,HOU,2020,10,0,0,0,0,0,0,14,163,2,nflverse
Anthony Firkser,TE,TE,TEN,2020,15,0,0,0,0,0,0,39,387,1,nflverse
Isaiah McKenzie,WR,WR,BUF,2020,15,12,1,0,10,9,0,30,282,5,nflverse
Isaiah Ford,WR,WR,MIA,2020,9,0,0,0,0,0,0,28,276,0,nflverse
Samaje Perine,RB,RB,CIN,2020,12,0,0,0,63,301,3,11,66,0,nflverse
Mike Williams,WR,WR,LAC,2020,14,0,0,0,1,1,0,48,756,5,nflverse
Deshaun Watson,QB,QB,HOU,2020,16,4823,33,7,90,444,3,0,0,0,nflverse
James Conner,RB,RB,PIT,2020,13,0,0,0,169,721,6,35,215,0,nflverse
Brian Hill,RB,RB,ATL,2020,16,0,0,0,100,465,1,25,199,0,nflverse
David Moore,WR,WR,SEA,2020,16,0,0,0,8,61,0,35,417,6,nflverse
Chris Carson,RB,RB,SEA,2020,12,0,0,0,141,681,5,37,287,4,nflverse
Keelan Cole,WR,WR,JAX,2020,16,0,0,0,1,2,0,55,642,5,nflverse
Austin Ekeler,RB,RB,LAC,2020,10,0,0,0,116,530,1,54,403,2,nflverse
Greg Ward,WR,WR,PHI,2020,16,15,0,0,2,-4,0,53,419,6,nflverse
Robert Tonyan,TE,TE,GB,2020,15,0,0,0,0,0,0,52,586,11,nflverse
Chad Hansen,WR,WR,HOU,2020,5,0,0,0,0,0,0,17,236,1,nflverse
Leonard Fournette,RB,RB,TB,2020,12,0,0,0,97,367,6,36,233,0,nflverse
JuJu Smith-Schuster,WR,WR,PIT,2020,16,0,0,0,0,0,0,97,831,9,nflverse
Jonnu Smith,TE,TE,TEN,2020,14,0,0,0,2,4,1,41,448,8,nflverse
Mitchell Trubisky,QB,QB,CHI,2020,10,2055,16,8,33,195,1,0,0,0,nflverse
Corey Davis,WR,WR,TEN,2020,14,0,0,0,0,0,0,65,984,5,nflverse
Patrick Mahomes,QB,QB,KC,2020,15,4740,38,6,62,308,2,0,0,0,nflverse
O.J. Howard,TE,TE,TB,2020,4,0,0,0,0,0,0,11,146,2,nflverse
Evan Engram,TE,TE,NYG,2020,16,0,0,0,6,26,1,63,654,1,nflverse
David Njoku,TE,TE,CLE,2020,11,0,0,0,0,0,0,19,213,2,nflverse
Dalvin Cook,RB,RB,MIN,2020,14,0,0,0,312,1557,16,44,361,1,nflverse
Gerald Everett,TE,TE,LA,2020,15,0,0,0,1,2,1,41,417,1,nflverse
Adam Shaheen,TE,TE,MIA,2020,13,0,0,0,0,0,0,12,150,3,nflverse
Joe Mixon,RB,RB,CIN,2020,6,0,0,0,119,428,3,21,138,1,nflverse
Alvin Kamara,RB,RB,NO,2020,15,0,0,0,187,932,16,83,756,5,nflverse
Cooper Kupp,WR,WR,LA,2020,15,0,0,0,4,33,0,92,974,3,nflverse
Chris Godwin Jr.,WR,WR,TB,2020,12,0,0,0,0,0,0,65,840,7,nflverse
Kareem Hunt,RB,RB,CLE,2020,16,0,0,0,198,841,6,38,304,5,nflverse
Kenny Golladay,WR,WR,DET,2020,5,0,0,0,0,0,0,20,338,2,nflverse
C.J. Beathard,QB,QB,SF,2020,6,787,6,0,6,28,0,0,0,0,nflverse
Josh Reynolds,WR,WR,LA,2020,16,0,0,0,1,5,0,52,618,2,nflverse
Jamaal Williams,RB,RB,GB,2020,14,0,0,0,119,505,2,31,236,1,nflverse
Wayne Gallman,RB,RB,NYG,2020,14,0,0,0,147,682,6,21,114,0,nflverse
Jeremy McNichols,RB,RB,TEN,2020,15,0,0,0,47,204,1,12,55,0,nflverse
Dan Arnold,TE,TE,ARI,2020,15,0,0,0,0,0,0,31,438,4,nflverse
Ross Dwelley,TE,TE,SF,2020,12,0,0,0,0,0,0,19,245,1,nflverse
Cam Sims,WR,WR,WAS,2020,13,0,0,0,1,5,0,32,477,1,nflverse
Phillip Lindsay,RB,RB,DEN,2020,11,0,0,0,118,502,1,7,28,0,nflverse
Jeff Wilson,RB,RB,SF,2020,11,0,0,0,126,600,7,13,133,3,nflverse
Will Dissly,TE,TE,SEA,2020,15,0,0,0,0,0,0,24,251,2,nflverse
Gus Edwards,RB,RB,BAL,2020,16,0,0,0,144,723,6,9,129,0,nflverse
Marquez Valdes-Scantling,WR,WR,GB,2020,14,0,0,0,4,13,0,33,690,6,nflverse
Richie James,WR,WR,SF,2020,10,0,0,0,0,0,0,23,394,1,nflverse
Darrel Williams,RB,RB,KC,2020,13,0,0,0,39,169,1,18,116,0,nflverse
Chad Beebe,WR,WR,MIN,2020,12,0,0,0,0,0,0,20,201,2,nflverse
Kerryon Johnson,RB,RB,DET,2020,14,0,0,0,52,181,2,19,187,1,nflverse
Dallas Goedert,TE,TE,PHI,2020,11,0,0,0,0,0,0,46,524,3,nflverse
Anthony Miller,WR,WR,CHI,2020,16,0,0,0,2,12,0,49,485,2,nflverse
Jordan Akins,TE,TE,HOU,2020,13,0,0,0,1,4,0,37,403,1,nflverse
Keke Coutee,WR,WR,HOU,2020,8,0,0,0,0,0,0,33,400,3,nflverse
Nyheim Hines,RB,RB,IND,2020,16,0,0,0,89,380,3,63,482,4,nflverse
DaeSean Hamilton,WR,WR,DEN,2020,12,0,0,0,0,0,0,23,293,2,nflverse
Ito Smith,RB,RB,ATL,2020,14,0,0,0,63,268,1,17,75,0,nflverse
Dalton Schultz,TE,TE,DAL,2020,16,0,0,0,0,0,0,63,615,4,nflverse
Jordan Wilkins,RB,RB,IND,2020,13,0,0,0,84,308,1,12,105,0,nflverse
Russell Gage,WR,WR,ATL,2020,16,39,1,0,2,9,0,72,786,4,nflverse
Boston Scott,RB,RB,PHI,2020,16,0,0,0,80,374,1,25,212,1,nflverse
Cedrick Wilson Jr.,WR,WR,DAL,2020,13,23,1,0,3,-12,0,17,189,2,nflverse
Braxton Berrios,WR,WR,NYJ,2020,16,0,0,0,3,29,0,37,394,3,nflverse
Justin Jackson,RB,RB,LAC,2020,8,0,0,0,59,270,0,19,173,0,nflverse
Josh Adams,RB,RB,NYJ,2020,8,0,0,0,29,157,2,6,29,0,nflverse
Allen Lazard,WR,WR,GB,2020,10,0,0,0,2,17,0,33,451,3,nflverse
Kyle Allen,QB,QB,WAS,2020,4,610,4,1,7,26,1,0,0,0,nflverse
Brandon Powell,WR,WR,ATL,2020,15,0,0,0,2,7,0,12,69,2,nflverse
James Washington,WR,WR,PIT,2020,16,0,0,0,0,0,0,30,392,5,nflverse
Chase Edmonds,RB,RB,ARI,2020,16,0,0,0,97,448,1,53,402,4,nflverse
Mark Andrews,TE,TE,BAL,2020,14,0,0,0,0,0,0,58,701,7,nflverse
Michael Gallup,WR,WR,DAL,2020,16,0,0,0,0,0,0,59,843,5,nflverse
Tre'Quan Smith,WR,WR,NO,2020,13,0,0,0,1,3,0,34,448,4,nflverse
Chris Herndon,TE,TE,NYJ,2020,12,0,0,0,0,0,0,31,287,3,nflverse
Christian Kirk,WR,WR,ARI,2020,14,0,0,0,2,3,0,48,621,6,nflverse
DJ Chark,WR,WR,JAX,2020,13,0,0,0,0,0,0,53,706,5,nflverse
Nick Chubb,RB,RB,CLE,2020,12,0,0,0,190,1067,12,16,150,0,nflverse
Lamar Jackson,QB,QB,BAL,2020,15,2757,26,9,159,1005,7,0,0,0,nflverse
Durham Smythe,TE,TE,MIA,2020,13,0,0,0,0,0,0,26,208,2,nflverse
Kalen Ballage,RB,RB,LAC,2020,11,0,0,0,91,303,3,29,166,0,nflverse
Ronald Jones,RB,RB,TB,2020,14,0,0,0,192,978,7,28,165,1,nflverse
DJ Moore,WR,WR,CAR,2020,15,0,0,0,2,22,0,66,1193,4,nflverse
Mike Gesicki,TE,TE,MIA,2020,15,0,0,0,0,0,0,53,703,6,nflverse
Hayden Hurst,TE,TE,ATL,2020,16,0,0,0,0,0,0,56,571,6,nflverse
Calvin Ridley,WR,WR,ATL,2020,15,0,0,0,5,1,0,90,1374,9,nflverse
Royce Freeman,RB,RB,DEN,2020,11,0,0,0,35,170,0,12,81,0,nflverse
Sony Michel,RB,RB,NE,2020,8,0,0,0,79,449,1,7,114,1,nflverse
Baker Mayfield,QB,QB,CLE,2020,16,3563,26,8,54,165,1,1,6,0,nflverse
Josh Allen,QB,QB,BUF,2020,16,4544,37,10,102,421,8,1,12,1,nflverse
Sam Darnold,QB,QB,NYJ,2020,12,2208,9,11,37,217,2,0,0,0,nflverse
Steven Sims,WR,WR,WAS,2020,12,0,0,0,1,18,0,27,265,1,nflverse
Jakobi Meyers,WR,WR,NE,2020,12,43,2,0,2,9,0,59,729,0,nflverse
Irv Smith,TE,TE,MIN,2020,13,0,0,0,0,0,0,30,365,5,nflverse
Alexander Mattison,RB,RB,MIN,2020,13,0,0,0,96,434,2,13,125,1,nflverse
Foster Moreau,TE,TE,LV,2020,8,0,0,0,0,0,0,7,140,2,nflverse
Hunter Renfrow,WR,WR,LV,2020,16,0,0,0,0,0,0,56,656,2,nflverse
Mecole Hardman,WR,WR,KC,2020,16,0,0,0,4,31,0,41,560,4,nflverse
Darwin Thompson,RB,RB,KC,2020,5,0,0,0,27,97,1,7,65,1,nflverse
Olamide Zaccheaus,WR,WR,ATL,2020,10,0,0,0,1,0,0,20,274,1,nflverse
Deonte Harty,WR,WR,NO,2020,9,0,0,0,6,51,0,20,186,1,nflverse
Diontae Johnson,WR,WR,PIT,2020,15,0,0,0,3,15,0,88,923,7,nflverse
Benny Snell,RB,RB,PIT,2020,15,0,0,0,111,368,4,10,61,0,nflverse
Kyler Murray,QB,QB,ARI,2020,16,3971,26,12,133,819,11,0,0,0,nflverse
T.J. Hockenson,TE,TE,DET,2020,16,0,0,0,1,0,0,67,723,6,nflverse
Dwayne Haskins,QB,QB,WAS,2020,7,1439,5,7,20,46,1,0,0,0,nflverse
Miles Sanders,RB,RB,PHI,2020,12,0,0,0,164,867,6,28,197,0,nflverse
Devin Singletary,RB,RB,BUF,2020,16,0,0,0,156,687,2,38,269,0,nflverse
Tony Pollard,RB,RB,DAL,2020,16,0,0,0,101,435,4,28,193,1,nflverse
Gardner Minshew,QB,QB,JAX,2020,9,2259,16,5,29,153,1,1,0,0,nflverse
Scott Miller,WR,WR,TB,2020,14,0,0,0,3,14,0,33,501,3,nflverse
Myles Gaskin,RB,RB,MIA,2020,10,0,0,0,142,584,3,41,388,2,nflverse
Donald Parham,TE,TE,LAC,2020,11,0,0,0,0,0,0,10,159,3,nflverse
Preston Williams,WR,WR,MIA,2020,8,0,0,0,0,0,0,18,288,4,nflverse
Jalen Guyton,WR,WR,LAC,2020,16,0,0,0,2,0,0,28,511,3,nflverse
Tyron Johnson,WR,WR,LAC,2020,11,0,0,0,3,17,0,20,398,3,nflverse
Andy Isabella,WR,WR,ARI,2020,11,0,0,0,1,-6,0,21,224,2,nflverse
Darius Slayton,WR,WR,NYG,2020,16,0,0,0,2,-1,0,50,751,3,nflverse
Ty Johnson,RB,RB,NYJ,2020,11,0,0,0,54,254,1,16,99,1,nflverse
Travis Fulgham,WR,WR,PHI,2020,12,0,0,0,0,0,0,38,539,4,nflverse
N'Keal Harry,TE,TE,NE,2020,13,0,0,0,2,0,0,33,309,2,nflverse
Drew Sample,TE,TE,CIN,2020,16,0,0,0,0,0,0,40,349,1,nflverse
DK Metcalf,WR,WR,SEA,2020,16,0,0,0,0,0,0,83,1303,10,nflverse
Noah Fant,TE,TE,DEN,2020,14,0,0,0,0,0,0,62,673,3,nflverse
Damien Harris,RB,RB,NE,2020,10,0,0,0,137,691,2,5,52,0,nflverse
Terry McLaurin,WR,WR,WAS,2020,15,0,0,0,2,30,0,87,1118,4,nflverse
Marquise Brown,WR,WR,BAL,2020,16,0,0,0,1,1,0,58,769,8,nflverse
Darrell Henderson,RB,RB,LA,2020,15,0,0,0,138,624,5,16,159,1,nflverse
A.J. Brown,WR,WR,TEN,2020,14,0,0,0,0,0,0,70,1075,11,nflverse
David Montgomery,RB,RB,CHI,2020,15,0,0,0,247,1070,8,54,438,2,nflverse
Dawson Knox,TE,TE,BUF,2020,11,0,0,0,0,0,0,24,288,3,nflverse
Josh Jacobs,RB,RB,LV,2020,15,0,0,0,273,1065,12,33,238,0,nflverse
Miles Boykin,WR,WR,BAL,2020,14,0,0,0,0,0,0,19,266,4,nflverse
Drew Lock,QB,QB,DEN,2020,13,2933,16,15,44,160,3,0,0,0,nflverse
Daniel Jones,QB,QB,NYG,2020,14,2943,11,10,65,423,1,0,0,0,nflverse
Deebo Samuel Sr.,WR,WR,SF,2020,7,0,0,0,8,26,0,33,391,1,nflverse
James Robinson,RB,RB,JAX,2020,14,0,0,0,240,1070,7,49,344,3,nflverse
Gabe Nabers,FB,RB,LAC,2020,10,0,0,0,2,7,0,5,25,2,nflverse
Rodney Smith,RB,RB,CAR,2020,7,0,0,0,41,156,1,9,59,0,nflverse
Salvon Ahmed,RB,RB,MIA,2020,6,0,0,0,75,319,3,11,61,0,nflverse
Isaiah Wright,WR,WR,WAS,2020,11,0,0,0,3,16,0,27,197,0,nflverse
J.K. Dobbins,RB,RB,BAL,2020,15,0,0,0,134,805,9,18,120,0,nflverse
Antonio Williams,RB,RB,BUF,2020,1,0,0,0,12,63,2,1,20,0,nflverse
Gabe Davis,WR,WR,BUF,2020,16,0,0,0,1,0,0,35,599,7,nflverse
Tua Tagovailoa,QB,QB,MIA,2020,10,1814,11,5,36,109,3,0,0,0,nflverse
Marquez Callaway,WR,WR,NO,2020,9,0,0,0,0,0,0,21,213,0,nflverse
Jonathan Taylor,RB,RB,IND,2020,15,0,0,0,232,1169,11,36,299,1,nflverse
Harrison Bryant,TE,TE,CLE,2020,12,0,0,0,0,0,0,24,238,3,nflverse
Donovan Peoples-Jones,WR,WR,CLE,2020,12,0,0,0,0,0,0,14,304,2,nflverse
Freddie Swain,WR,WR,SEA,2020,13,0,0,0,0,0,0,13,159,2,nflverse
Zack Moss,RB,RB,BUF,2020,13,0,0,0,112,481,4,14,95,1,nflverse
Michael Pittman,WR,WR,IND,2020,13,0,0,0,3,26,0,40,503,1,nflverse
Collin Johnson,WR,WR,JAX,2020,11,0,0,0,0,0,0,18,272,2,nflverse
Denzel Mims,WR,WR,NYJ,2020,9,0,0,0,0,0,0,23,357,0,nflverse
Brandon Aiyuk,WR,WR,SF,2020,12,0,0,0,6,77,2,60,748,5,nflverse
AJ Dillon,RB,RB,GB,2020,9,0,0,0,46,242,2,2,21,0,nflverse
Laviska Shenault Jr.,WR,WR,JAX,2020,14,0,0,0,18,91,0,58,600,5,nflverse
La'Mical Perine,RB,RB,NYJ,2020,10,0,0,0,64,232,2,11,63,0,nflverse
D'Andre Swift,RB,RB,DET,2020,13,0,0,0,114,521,8,46,357,2,nflverse
Quintez Cephus,WR,WR,DET,2020,12,0,0,0,0,0,0,20,349,2,nflverse
Cole Kmet,TE,TE,CHI,2020,15,0,0,0,1,-3,0,28,243,2,nflverse
Darnell Mooney,WR,WR,CHI,2020,16,0,0,0,4,20,0,61,631,4,nflverse
Jake Luton,QB,QB,JAX,2020,3,624,2,6,1,13,1,0,0,0,nflverse
Justin Jefferson,WR,WR,MIN,2020,16,0,0,0,1,2,0,88,1400,7,nflverse
Chase Claypool,WR,WR,PIT,2020,16,0,0,0,10,16,2,62,873,9,nflverse
Antonio Gibson,RB,RB,WAS,2020,14,0,0,0,170,795,11,36,247,0,nflverse
Devin Duvernay,WR,WR,BAL,2020,15,0,0,0,4,70,0,20,201,0,nflverse
Justin Herbert,QB,QB,LAC,2020,15,4336,31,10,55,234,5,0,0,0,nflverse
Henry Ruggs III,WR,WR,LV,2020,13,0,0,0,9,49,0,26,452,2,nflverse
CeeDee Lamb,WR,WR,DAL,2020,16,0,0,0,10,82,1,74,935,5,nflverse
Clyde Edwards-Helaire,RB,RB,KC,2020,13,0,0,0,181,803,4,36,297,1,nflverse
Lynn Bowden,WR,WR,MIA,2020,9,32,0,0,9,32,0,28,211,0,nflverse
Joshua Kelley,RB,RB,LAC,2020,13,0,0,0,111,354,2,23,148,0,nflverse
Jalen Reagor,WR,WR,PHI,2020,11,0,0,0,4,26,0,31,396,1,nflverse
Jalen Hurts,QB,QB,PHI,2020,14,1061,6,4,63,354,3,1,3,0,nflverse
Jerry Jeudy,WR,WR,DEN,2020,16,0,0,0,0,0,0,52,856,3,nflverse
Tee Higgins,WR,WR,CIN,2020,15,0,0,0,5,28,0,67,908,6,nflverse
KJ Hamler,WR,WR,DEN,2020,12,0,0,0,9,40,0,30,381,3,nflverse
Cam Akers,RB,RB,LA,2020,11,0,0,0,145,625,2,11,123,1,nflverse
Van Jefferson,WR,WR,LA,2020,14,0,0,0,1,-1,0,19,220,1,nflverse
DeeJay Dallas,RB,RB,SEA,2020,9,0,0,0,34,108,2,17,111,1,nflverse
Tyler Johnson,WR,WR,TB,2020,10,0,0,0,0,0,0,12,169,2,nflverse
Joe Burrow,QB,QB,CIN,2020,10,2688,13,5,37,142,3,0,0,0,nflverse
Tom Brady,QB,QB,TB,2021,17,5316,43,12,28,81,2,0,0,0,nflverse
Ben Roethlisberger,QB,QB,PIT,2021,16,3740,22,10,20,5,1,0,0,0,nflverse
Aaron Rodgers,QB,QB,GB,2021,16,4115,37,4,33,101,3,1,-4,0,nflverse
Marcedes Lewis,TE,TE,GB,2021,13,0,0,0,0,0,0,23,214,0,nflverse
Adrian Peterson,RB,RB,SEA,2021,4,0,0,0,38,98,2,4,8,0,nflverse
Danny Amendola,WR,WR,HOU,2021,8,0,0,0,0,0,0,24,248,3,nflverse
Matt Ryan,QB,QB,ATL,2021,17,3968,20,12,40,82,1,0,0,0,nflverse
Joe Flacco,QB,QB,NYJ,2021,2,338,3,0,2,3,0,0,0,0,nflverse
DeSean Jackson,WR,WR,LV,2021,14,0,0,0,1,4,0,20,454,2,nflverse
Josh Johnson,QB,QB,BAL,2021,4,638,5,2,9,28,0,0,0,0,nflverse
Matthew Stafford,QB,QB,LA,2021,17,4886,41,17,32,43,0,0,0,0,nflverse
Jared Cook,TE,TE,LAC,2021,16,0,0,0,0,0,0,48,564,4,nflverse
Rob Gronkowski,TE,TE,TB,2021,12,0,0,0,0,0,0,55,802,6,nflverse
Emmanuel Sanders,WR,WR,BUF,2021,14,0,0,0,2,31,0,42,626,4,nflverse
Colt McCoy,QB,QB,ARI,2021,7,740,3,1,22,37,0,0,0,0,nflverse
Jimmy Graham,TE,TE,CHI,2021,11,0,0,0,0,0,0,14,167,3,nflverse
Antonio Brown,WR,WR,TB,2021,7,0,0,0,1,6,0,42,545,4,nflverse
Cam Newton,QB,QB,CAR,2021,7,684,4,5,47,230,5,0,0,0,nflverse
A.J. Green,WR,WR,ARI,2021,16,0,0,0,0,0,0,54,848,3,nflverse
Julio Jones,WR,WR,TEN,2021,10,0,0,0,0,0,0,31,434,1,nflverse
Mark Ingram,RB,RB,NO,2021,14,0,0,0,160,554,2,27,162,0,nflverse
Andy Dalton,QB,QB,CHI,2021,8,1515,8,9,16,76,0,0,0,0,nflverse
Kyle Rudolph,TE,TE,NYG,2021,15,0,0,0,0,0,0,26,257,1,nflverse
Randall Cobb,WR,WR,GB,2021,11,0,0,0,1,1,0,28,375,5,nflverse
Tyrod Taylor,QB,QB,HOU,2021,6,966,5,5,19,151,3,0,0,0,nflverse
Case Keenum,QB,QB,CLE,2021,5,462,3,1,12,22,0,0,0,0,nflverse
Cole Beasley,WR,WR,BUF,2021,16,0,0,0,0,0,0,82,693,1,nflverse
Brandon Bolden,RB,RB,NE,2021,16,0,0,0,44,226,1,41,405,2,nflverse
Russell Wilson,QB,QB,SEA,2021,14,3113,25,6,43,183,2,0,0,0,nflverse
Marvin Jones,WR,WR,JAX,2021,17,0,0,0,0,0,0,73,832,4,nflverse
Kirk Cousins,QB,QB,MIN,2021,16,4221,33,7,29,115,1,0,0,0,nflverse
T.Y. Hilton,WR,WR,IND,2021,10,0,0,0,0,0,0,23,331,3,nflverse
Ryan Tannehill,QB,QB,TEN,2021,17,3734,21,14,55,270,7,0,0,0,nflverse
Kyle Juszczyk,FB,RB,SF,2021,15,0,0,0,8,22,1,30,296,1,nflverse
Adam Thielen,WR,WR,MIN,2021,13,0,0,0,1,2,0,67,726,10,nflverse
Zach Ertz,TE,TE,ARI,2021,17,0,0,0,1,4,0,74,763,5,nflverse
Marquise Goodwin,WR,WR,CHI,2021,14,0,0,0,2,-1,0,20,313,1,nflverse
Ryan Griffin,TE,TE,NYJ,2021,14,0,0,0,0,0,0,27,261,2,nflverse
Jack Doyle,TE,TE,IND,2021,15,0,0,0,0,0,0,29,302,3,nflverse
Keenan Allen,WR,WR,LAC,2021,16,0,0,0,0,0,0,106,1138,6,nflverse
Rex Burkhead,RB,RB,HOU,2021,15,0,0,0,122,427,3,25,186,0,nflverse
Robert Woods,WR,WR,LA,2021,9,0,0,0,8,46,1,45,556,4,nflverse
Giovani Bernard,RB,RB,TB,2021,10,0,0,0,8,58,0,23,123,3,nflverse
Le'Veon Bell,RB,RB,TB,2021,8,0,0,0,39,101,2,5,30,1,nflverse
Travis Kelce,TE,TE,KC,2021,16,0,0,0,2,3,1,92,1125,9,nflverse
Latavius Murray,RB,RB,BAL,2021,14,0,0,0,119,501,6,10,75,0,nflverse
Mike Glennon,QB,QB,NYG,2021,6,790,4,10,7,33,1,0,0,0,nflverse
Tavon Austin,WR,WR,JAX,2021,11,0,0,0,3,21,0,24,213,1,nflverse
DeAndre Hopkins,WR,WR,ARI,2021,10,0,0,0,0,0,0,42,572,8,nflverse
Geno Smith,QB,QB,SEA,2021,4,702,5,1,9,42,1,0,0,0,nflverse
Cordarrelle Patterson,RB,RB,ATL,2021,16,0,0,0,153,618,6,52,548,5,nflverse
Albert Wilson,WR,WR,MIA,2021,10,0,0,0,4,17,0,25,213,0,nflverse
Damien Williams,RB,RB,CHI,2021,12,0,0,0,40,164,2,16,103,1,nflverse
Carlos Hyde,RB,RB,JAX,2021,11,0,0,0,72,253,1,12,65,0,nflverse
Odell Beckham Jr.,WR,WR,LA,2021,14,0,0,0,2,14,0,44,537,5,nflverse
Brandin Cooks,WR,WR,HOU,2021,16,0,0,0,2,21,0,90,1037,6,nflverse
Teddy Bridgewater,QB,QB,DEN,2021,14,3052,18,7,30,106,2,0,0,0,nflverse
Logan Thomas,TE,TE,WAS,2021,5,0,0,0,0,0,0,18,196,3,nflverse
Cameron Brate,TE,TE,TB,2021,16,0,0,0,0,0,0,30,245,4,nflverse
Derek Carr,QB,QB,LV,2021,17,4804,23,14,40,108,0,0,0,0,nflverse
Devonta Freeman,RB,RB,BAL,2021,16,0,0,0,133,576,5,34,190,1,nflverse
Sammy Watkins,WR,WR,BAL,2021,11,0,0,0,0,0,0,27,394,1,nflverse
Jimmy Garoppolo,QB,QB,SF,2021,15,3810,20,12,38,51,3,0,0,0,nflverse
Davante Adams,WR,WR,GB,2021,16,0,0,0,0,0,0,123,1553,11,nflverse
Jarvis Landry,WR,WR,CLE,2021,12,0,0,0,6,40,2,52,570,2,nflverse
Eric Ebron,TE,TE,PIT,2021,8,0,0,0,1,1,1,12,84,1,nflverse
Mike Evans,WR,WR,TB,2021,16,0,0,0,1,10,0,74,1035,14,nflverse
Allen Robinson,WR,WR,CHI,2021,12,0,0,0,0,0,0,38,410,1,nflverse
Jameis Winston,QB,QB,NO,2021,7,1170,14,3,32,166,1,0,0,0,nflverse
Amari Cooper,WR,WR,DAL,2021,15,0,0,0,0,0,0,68,865,8,nflverse
DeVante Parker,WR,WR,MIA,2021,9,0,0,0,0,0,0,40,515,2,nflverse
Nelson Agholor,WR,WR,NE,2021,14,0,0,0,3,11,0,37,473,3,nflverse
MyCole Pruitt,TE,TE,TEN,2021,10,0,0,0,0,0,0,14,145,3,nflverse
Stefon Diggs,WR,WR,BUF,2021,17,0,0,0,0,0,0,103,1225,10,nflverse
Darren Waller,TE,TE,LV,2021,11,0,0,0,0,0,0,55,665,2,nflverse
DeAndre Carter,WR,WR,WAS,2021,17,0,0,0,10,89,0,24,296,3,nflverse
Taylor Heinicke,QB,QB,WAS,2021,16,3419,20,15,60,313,1,1,-2,0,nflverse
Damiere Byrd,WR,WR,CHI,2021,11,0,0,0,0,0,0,26,329,1,nflverse
Jamison Crowder,WR,WR,NYJ,2021,12,0,0,0,0,0,0,51,447,2,nflverse
James O'Shaughnessy,TE,TE,JAX,2021,7,0,0,0,0,0,0,24,244,0,nflverse
Adam Humphries,WR,WR,WAS,2021,17,0,0,0,0,0,0,41,383,0,nflverse
Tevin Coleman,RB,RB,NYJ,2021,11,0,0,0,84,356,0,11,49,0,nflverse
Mike Davis,RB,RB,ATL,2021,17,0,0,0,138,503,3,44,259,1,nflverse
Ameer Abdullah,RB,RB,CAR,2021,17,0,0,0,51,166,0,38,289,1,nflverse
Chris Conley,WR,WR,HOU,2021,14,0,0,0,1,3,0,22,323,2,nflverse
C.J. Uzomah,TE,TE,CIN,2021,16,0,0,0,0,0,0,49,493,5,nflverse
Geoff Swaim,TE,TE,TEN,2021,16,0,0,0,0,0,0,31,210,3,nflverse
Melvin Gordon,RB,RB,DEN,2021,16,0,0,0,203,918,8,28,213,2,nflverse
Trevor Siemian,QB,QB,NO,2021,6,1154,11,3,9,20,1,0,0,0,nflverse
David Johnson,RB,RB,HOU,2021,13,0,0,0,67,228,0,32,225,1,nflverse
Tyler Lockett,WR,WR,SEA,2021,16,0,0,0,2,9,0,73,1175,8,nflverse
Duke Johnson,RB,RB,MIA,2021,5,0,0,0,71,330,3,4,41,0,nflverse
Chester Rogers,WR,WR,TEN,2021,16,0,0,0,1,9,0,30,301,1,nflverse
Sterling Shepard,WR,WR,NYG,2021,7,0,0,0,1,-9,0,36,366,1,nflverse
Austin Hooper,TE,TE,CLE,2021,15,0,0,0,0,0,0,38,345,3,nflverse
Chris Moore,WR,WR,HOU,2021,10,0,0,0,0,0,0,21,227,2,nflverse
Alex Collins,RB,RB,SEA,2021,11,0,0,0,108,411,2,9,87,0,nflverse
Kalif Raymond,WR,WR,DET,2021,16,0,0,0,4,28,0,48,576,4,nflverse
J.D. McKissic,RB,RB,WAS,2021,11,0,0,0,48,212,2,43,397,2,nflverse
Robbie Chosen,WR,WR,CAR,2021,17,0,0,0,3,36,0,53,519,5,nflverse
Peyton Barber,RB,RB,LV,2021,9,0,0,0,55,212,2,10,67,0,nflverse
Derrick Henry,RB,RB,TEN,2021,8,5,1,0,219,937,10,18,154,0,nflverse
Demarcus Robinson,WR,WR,KC,2021,14,0,0,0,0,0,0,25,264,3,nflverse
Tajae Sharpe,WR,WR,ATL,2021,14,0,0,0,0,0,0,25,230,0,nflverse
Jordan Howard,RB,RB,PHI,2021,7,0,0,0,86,406,3,2,19,0,nflverse
Jakeem Grant,WR,WR,CHI,2021,15,0,0,0,5,33,0,11,132,2,nflverse
Elijhaa Penny,FB,RB,NYG,2021,13,0,0,0,24,99,1,9,30,1,nflverse
Carson Wentz,QB,QB,IND,2021,17,3563,27,7,57,215,1,0,0,0,nflverse
Laquon Treadwell,WR,WR,JAX,2021,12,0,0,0,0,0,0,33,434,1,nflverse
Devontae Booker,RB,RB,NYG,2021,16,0,0,0,145,593,2,40,268,1,nflverse
Rashard Higgins,WR,WR,CLE,2021,12,0,0,0,0,0,0,24,275,1,nflverse
Tyler Boyd,WR,WR,CIN,2021,16,46,0,0,2,22,0,67,828,5,nflverse
Tyreek Hill,WR,WR,KC,2021,17,0,0,0,9,96,0,111,1239,9,nflverse
Ezekiel Elliott,RB,RB,DAL,2021,17,4,0,0,237,1002,10,47,287,2,nflverse
Dak Prescott,QB,QB,DAL,2021,16,4449,37,10,48,146,1,0,0,0,nflverse
Hunter Henry,TE,TE,NE,2021,16,0,0,0,0,0,0,50,603,9,nflverse
Jared Goff,QB,QB,DET,2021,14,3245,19,8,17,87,0,0,0,0,nflverse
Tyler Higbee,TE,TE,LA,2021,15,0,0,0,0,0,0,61,560,5,nflverse
Kenyan Drake,RB,RB,LV,2021,12,0,0,0,63,254,2,30,291,1,nflverse
Jacoby Brissett,QB,QB,MIA,2021,10,1283,5,4,19,70,1,0,0,0,nflverse
Cyril Grayson,WR,WR,TB,2021,3,0,0,0,1,14,0,10,212,2,nflverse
Mo Alie-Cox,TE,TE,IND,2021,17,0,0,0,0,0,0,24,316,4,nflverse
Zach Pascal,WR,WR,IND,2021,16,0,0,0,2,21,0,38,384,3,nflverse
Christian McCaffrey,RB,RB,CAR,2021,7,0,0,0,99,442,1,37,343,1,nflverse
George Kittle,TE,TE,SF,2021,14,0,0,0,3,20,0,71,910,6,nflverse
Aaron Jones,RB,RB,GB,2021,15,0,0,0,171,799,4,52,391,6,nflverse
Kendrick Bourne,WR,WR,NE,2021,17,25,1,0,12,125,0,55,800,5,nflverse
Matt Breida,RB,RB,BUF,2021,7,0,0,0,26,125,1,7,72,2,nflverse
Taysom Hill,TE,TE,NO,2021,12,978,4,5,70,374,5,4,52,0,nflverse
Tim Patrick,WR,WR,DEN,2021,16,0,0,0,0,0,0,53,734,5,nflverse
Anthony Firkser,TE,TE,TEN,2021,15,0,0,0,0,0,0,34,291,2,nflverse
John Ross,WR,WR,NYG,2021,9,0,0,0,1,16,0,11,224,1,nflverse
Isaiah McKenzie,WR,WR,BUF,2021,15,0,0,0,9,47,1,20,178,1,nflverse
Isaiah Ford,WR,WR,MIA,2021,10,0,0,0,0,0,0,12,161,2,nflverse
Samaje Perine,RB,RB,CIN,2021,15,0,0,0,55,246,1,27,196,1,nflverse
Mike Williams,WR,WR,LAC,2021,16,0,0,0,0,0,0,76,1146,9,nflverse
James Conner,RB,RB,ARI,2021,15,0,0,0,202,752,15,37,375,3,nflverse
Mack Hollins,WR,WR,MIA,2021,15,0,0,0,0,0,0,14,223,4,nflverse
Jamal Agnew,WR,WR,JAX,2021,10,0,0,0,7,111,1,24,229,1,nflverse
Chris Carson,RB,RB,SEA,2021,4,0,0,0,54,232,3,6,29,0,nflverse
Ricky Seals-Jones,TE,TE,WAS,2021,11,0,0,0,0,0,0,30,271,2,nflverse
Blake Jarwin,TE,TE,DAL,2021,8,0,0,0,0,0,0,11,96,2,nflverse
Cooper Rush,QB,QB,DAL,2021,4,422,3,1,9,-8,0,0,0,0,nflverse
Keelan Cole,WR,WR,NYJ,2021,14,0,0,0,0,0,0,28,449,1,nflverse
Austin Ekeler,RB,RB,LAC,2021,16,0,0,0,206,911,12,70,647,8,nflverse
Greg Ward,WR,WR,PHI,2021,10,2,0,0,0,0,0,7,95,3,nflverse
Robert Tonyan,TE,TE,GB,2021,8,0,0,0,0,0,0,18,204,2,nflverse
Dare Ogunbowale,RB,RB,JAX,2021,13,0,0,0,43,137,1,13,114,1,nflverse
Leonard Fournette,RB,RB,TB,2021,14,0,0,0,180,812,8,69,454,2,nflverse
Jonnu Smith,TE,TE,NE,2021,16,0,0,0,9,40,0,28,294,1,nflverse
Corey Davis,WR,WR,NYJ,2021,9,0,0,0,0,0,0,34,492,4,nflverse
Patrick Mahomes,QB,QB,KC,2021,17,4839,37,13,66,381,2,0,0,0,nflverse
Evan Engram,TE,TE,NYG,2021,15,0,0,0,1,-3,0,46,408,3,nflverse
David Njoku,TE,TE,CLE,2021,15,0,0,0,1,1,0,36,475,4,nflverse
Zay Jones,WR,WR,LV,2021,15,0,0,0,2,3,0,47,546,1,nflverse
Dalvin Cook,RB,RB,MIN,2021,13,0,0,0,249,1159,6,34,224,0,nflverse
Gerald Everett,TE,TE,SEA,2021,15,0,0,0,3,20,0,48,478,4,nflverse
Joe Mixon,RB,RB,CIN,2021,16,0,0,0,292,1205,13,42,314,3,nflverse
Alvin Kamara,RB,RB,NO,2021,13,0,0,0,240,898,4,47,439,5,nflverse
Cooper Kupp,WR,WR,LA,2021,17,0,0,0,4,18,0,145,1947,16,nflverse
Chris Godwin Jr.,WR,WR,TB,2021,14,0,0,0,4,21,1,98,1103,5,nflverse
Kareem Hunt,RB,RB,CLE,2021,8,0,0,0,78,386,5,22,174,0,nflverse
D'Onta Foreman,RB,RB,TEN,2021,9,0,0,0,133,566,3,9,123,0,nflverse
Kenny Golladay,WR,WR,NYG,2021,14,0,0,0,0,0,0,37,521,0,nflverse
Josh Reynolds,WR,WR,DET,2021,11,0,0,0,0,0,0,29,396,2,nflverse
Jamaal Williams,RB,RB,DET,2021,13,0,0,0,153,601,3,26,157,0,nflverse
Jeremy McNichols,RB,RB,TEN,2021,13,0,0,0,41,156,0,28,240,1,nflverse
Dan Arnold,TE,TE,JAX,2021,11,0,0,0,0,0,0,35,408,0,nflverse
Brandon Zylstra,WR,WR,CAR,2021,12,0,0,0,0,0,0,18,250,1,nflverse
Cam Sims,WR,WR,WAS,2021,12,0,0,0,1,7,0,15,211,2,nflverse
Phillip Lindsay,RB,RB,MIA,2021,14,0,0,0,88,249,1,4,45,1,nflverse
Jeff Wilson,RB,RB,SF,2021,8,0,0,0,79,294,2,7,31,0,nflverse
Will Dissly,TE,TE,SEA,2021,13,0,0,0,0,0,0,21,231,1,nflverse
Tim Boyle,QB,QB,DET,2021,4,526,3,6,2,13,0,0,0,0,nflverse
Dontrell Hilliard,RB,RB,TEN,2021,8,0,0,0,56,350,2,19,87,0,nflverse
Tyler Conklin,TE,TE,MIN,2021,17,0,0,0,0,0,0,61,593,3,nflverse
Marquez Valdes-Scantling,WR,WR,GB,2021,11,0,0,0,0,0,0,26,430,3,nflverse
Byron Pringle,WR,WR,KC,2021,16,0,0,0,0,0,0,42,568,5,nflverse
Darrel Williams,RB,RB,KC,2021,17,0,0,0,144,558,6,47,452,2,nflverse
Courtland Sutton,WR,WR,DEN,2021,17,16,0,0,0,0,0,58,776,2,nflverse
Dallas Goedert,TE,TE,PHI,2021,15,0,0,0,0,0,0,56,830,4,nflverse
Jordan Akins,TE,TE,HOU,2021,12,0,0,0,1,3,0,24,214,0,nflverse
Nyheim Hines,RB,RB,IND,2021,17,0,0,0,56,276,2,40,310,1,nflverse
Dalton Schultz,TE,TE,DAL,2021,17,0,0,0,0,0,0,78,808,8,nflverse
Mike White,QB,QB,NYJ,2021,4,953,5,8,5,-1,0,0,0,0,nflverse
Ray-Ray McCloud,WR,WR,PIT,2021,16,0,0,0,2,15,0,39,277,0,nflverse
Russell Gage,WR,WR,ATL,2021,13,0,0,0,0,0,0,66,770,4,nflverse
Boston Scott,RB,RB,PHI,2021,11,0,0,0,87,373,7,13,83,0,nflverse
Cedrick Wilson Jr.,WR,WR,DAL,2021,14,88,0,0,2,11,0,45,602,6,nflverse
Braxton Berrios,WR,WR,NYJ,2021,16,0,0,0,7,40,2,46,431,2,nflverse
Justin Jackson,RB,RB,LAC,2021,14,0,0,0,68,364,2,22,178,0,nflverse
Allen Lazard,WR,WR,GB,2021,14,0,0,0,3,32,0,40,513,8,nflverse
James Washington,WR,WR,PIT,2021,15,0,0,0,2,13,0,24,285,2,nflverse
Chase Edmonds,RB,RB,ARI,2021,12,0,0,0,116,592,2,43,311,0,nflverse
Rashaad Penny,RB,RB,SEA,2021,10,0,0,0,119,749,6,6,48,0,nflverse
Mark Andrews,TE,TE,BAL,2021,17,0,0,0,1,0,0,107,1361,9,nflverse
Michael Gallup,WR,WR,DAL,2021,9,0,0,0,0,0,0,35,445,2,nflverse
Tre'Quan Smith,WR,WR,NO,2021,10,0,0,0,0,0,0,32,377,3,nflverse
Christian Kirk,WR,WR,ARI,2021,17,33,0,0,1,11,0,77,982,5,nflverse
DJ Chark,WR,WR,JAX,2021,3,0,0,0,0,0,0,7,154,2,nflverse
Nick Chubb,RB,RB,CLE,2021,14,0,0,0,228,1259,8,20,174,1,nflverse
Lamar Jackson,QB,QB,BAL,2021,12,2882,16,13,133,767,2,0,0,0,nflverse
Durham Smythe,TE,TE,MIA,2021,16,0,0,0,2,3,0,34,357,0,nflverse
Ronald Jones,RB,RB,TB,2021,15,0,0,0,101,428,4,10,64,0,nflverse
DJ Moore,WR,WR,CAR,2021,17,0,0,0,8,48,0,93,1157,4,nflverse
Mike Gesicki,TE,TE,MIA,2021,17,0,0,0,0,0,0,73,780,2,nflverse
Hayden Hurst,TE,TE,ATL,2021,12,0,0,0,0,0,0,26,221,3,nflverse
Calvin Ridley,WR,WR,ATL,2021,5,0,0,0,0,0,0,31,281,2,nflverse
Royce Freeman,RB,RB,HOU,2021,12,0,0,0,56,169,0,10,77,0,nflverse
Saquon Barkley,RB,RB,NYG,2021,13,0,0,0,162,593,2,41,263,2,nflverse
Sony Michel,RB,RB,LA,2021,17,0,0,0,208,845,4,21,128,1,nflverse
Baker Mayfield,QB,QB,CLE,2021,14,3010,17,13,37,134,1,0,11,0,nflverse
Josh Allen,QB,QB,BUF,2021,17,4407,36,15,122,763,6,0,0,0,nflverse
Malik Turner,WR,WR,DAL,2021,7,0,0,0,0,0,0,12,149,3,nflverse
Sam Darnold,QB,QB,CAR,2021,12,2527,9,13,48,222,5,0,0,0,nflverse
Jakobi Meyers,WR,WR,NE,2021,16,45,0,0,1,9,0,83,866,2,nflverse
Alexander Mattison,RB,RB,MIN,2021,16,0,0,0,134,491,3,32,228,1,nflverse
Foster Moreau,TE,TE,LV,2021,15,0,0,0,0,0,0,30,373,3,nflverse
Hunter Renfrow,WR,WR,LV,2021,17,0,0,0,3,3,0,103,1038,9,nflverse
Ashton Dulin,WR,WR,IND,2021,16,0,0,0,3,32,0,13,173,2,nflverse
Antoine Wesley,WR,WR,ARI,2021,8,0,0,0,0,0,0,19,208,3,nflverse
Mecole Hardman,WR,WR,KC,2021,17,0,0,0,8,46,0,59,693,2,nflverse
Olamide Zaccheaus,WR,WR,ATL,2021,15,0,0,0,1,2,0,31,406,3,nflverse
Deonte Harty,WR,WR,NO,2021,13,0,0,0,5,41,0,36,570,3,nflverse
Diontae Johnson,WR,WR,PIT,2021,16,0,0,0,5,53,0,107,1161,8,nflverse
Kyler Murray,QB,QB,ARI,2021,14,3787,24,10,88,423,5,0,7,0,nflverse
T.J. Hockenson,TE,TE,DET,2021,12,0,0,0,0,0,0,61,583,4,nflverse
Miles Sanders,RB,RB,PHI,2021,12,0,0,0,137,754,0,26,158,0,nflverse
Devin Singletary,RB,RB,BUF,2021,17,0,0,0,188,870,7,40,228,1,nflverse
Tony Pollard,RB,RB,DAL,2021,15,0,0,0,130,719,2,39,337,0,nflverse
Gardner Minshew,QB,QB,PHI,2021,3,439,4,1,9,21,0,0,0,0,nflverse
Myles Gaskin,RB,RB,MIA,2021,17,0,0,0,173,612,3,49,234,4,nflverse
Donald Parham,TE,TE,LAC,2021,13,0,0,0,0,0,0,20,190,3,nflverse
Lil'Jordan Humphrey,WR,WR,NO,2021,8,0,0,0,0,0,0,13,249,2,nflverse
Jalen Guyton,WR,WR,LAC,2021,16,0,0,0,7,34,0,31,448,3,nflverse
Darius Slayton,WR,WR,NYG,2021,13,0,0,0,1,-13,0,26,339,2,nflverse
Ty Johnson,RB,RB,NYJ,2021,15,0,0,0,61,238,2,34,372,2,nflverse
Joseph Fortson,TE,TE,KC,2021,4,0,0,0,0,0,0,5,47,2,nflverse
Jesper Horsted,TE,TE,CHI,2021,4,0,0,0,0,0,0,2,21,2,nflverse
Craig Reynolds,RB,RB,DET,2021,5,0,0,0,55,230,0,7,52,0,nflverse
Travis Homer,RB,RB,SEA,2021,14,0,0,0,21,177,1,16,161,0,nflverse
D'Ernest Johnson,RB,RB,CLE,2021,13,0,0,0,100,534,3,19,137,0,nflverse
DK Metcalf,WR,WR,SEA,2021,17,0,0,0,1,6,0,75,967,12,nflverse
Noah Fant,TE,TE,DEN,2021,16,0,0,0,0,0,0,68,670,4,nflverse
Damien Harris,RB,RB,NE,2021,15,0,0,0,202,929,15,18,132,0,nflverse
Terry McLaurin,WR,WR,WAS,2021,17,0,0,0,1,12,0,77,1053,5,nflverse
Marquise Brown,WR,WR,BAL,2021,16,0,0,0,1,5,0,91,1008,6,nflverse
Darrell Henderson,RB,RB,LA,2021,12,0,0,0,149,688,5,29,176,3,nflverse
A.J. Brown,WR,WR,TEN,2021,13,0,0,0,2,10,0,63,869,5,nflverse
David Montgomery,RB,RB,CHI,2021,13,0,0,1,225,849,7,42,301,0,nflverse
Dawson Knox,TE,TE,BUF,2021,15,0,0,0,0,4,0,49,587,9,nflverse
Josh Jacobs,RB,RB,LV,2021,15,0,0,0,217,872,9,54,348,0,nflverse
Drew Lock,QB,QB,DEN,2021,6,787,2,2,10,53,2,1,1,0,nflverse
Daniel Jones,QB,QB,NYG,2021,11,2428,10,7,62,298,2,1,16,0,nflverse
Derrick Gore,RB,RB,KC,2021,8,0,0,0,51,256,2,8,105,0,nflverse
Deebo Samuel Sr.,WR,WR,SF,2021,16,24,1,0,59,365,8,77,1405,6,nflverse
JaMycal Hasty,RB,RB,SF,2021,11,0,0,0,16,68,1,23,157,0,nflverse
James Robinson,RB,RB,JAX,2021,14,0,0,0,164,767,8,31,222,0,nflverse
Tyler Huntley,QB,QB,BAL,2021,7,1081,3,4,47,294,2,0,0,0,nflverse
Salvon Ahmed,RB,RB,MIA,2021,11,0,0,0,54,149,0,12,117,0,nflverse
Juwan Johnson,TE,TE,NO,2021,13,0,0,0,0,0,0,13,159,4,nflverse
J.J. Taylor,RB,RB,NE,2021,5,0,0,0,19,37,2,4,8,0,nflverse
James Proche,WR,WR,BAL,2021,7,0,0,0,0,0,0,16,202,0,nflverse
Nick Westbrook-Ikhine,WR,WR,TEN,2021,15,0,0,0,0,0,0,38,476,4,nflverse
Kristian Wilkerson,WR,WR,NE,2021,1,0,0,0,0,0,0,4,42,2,nflverse
Gabe Davis,WR,WR,BUF,2021,15,0,0,0,0,0,0,35,549,6,nflverse
Tua Tagovailoa,QB,QB,MIA,2021,13,2653,16,10,42,128,3,0,0,0,nflverse
Marquez Callaway,WR,WR,NO,2021,17,0,0,0,0,0,0,46,698,6,nflverse
Jonathan Taylor,RB,RB,IND,2021,17,0,0,0,332,1811,18,40,360,2,nflverse
Harrison Bryant,TE,TE,CLE,2021,15,0,0,0,0,0,0,21,233,3,nflverse
Donovan Peoples-Jones,WR,WR,CLE,2021,13,0,0,0,0,0,0,34,597,3,nflverse
Freddie Swain,WR,WR,SEA,2021,17,0,0,0,5,32,0,25,343,4,nflverse
Zack Moss,RB,RB,BUF,2021,13,0,0,0,96,345,4,23,197,1,nflverse
Michael Pittman,WR,WR,IND,2021,17,0,0,0,5,44,0,88,1082,6,nflverse
Jauan Jennings,WR,WR,SF,2021,13,0,0,0,0,0,0,24,282,5,nflverse
Brandon Aiyuk,WR,WR,SF,2021,17,0,0,0,5,17,0,56,826,5,nflverse
AJ Dillon,RB,RB,GB,2021,17,0,0,0,187,803,5,34,313,2,nflverse
Laviska Shenault Jr.,WR,WR,JAX,2021,16,0,0,0,11,41,0,63,619,0,nflverse
Quez Watkins,WR,WR,PHI,2021,17,0,0,0,1,3,0,43,647,1,nflverse
D'Andre Swift,RB,RB,DET,2021,13,0,0,0,151,617,5,62,452,2,nflverse
Quintez Cephus,WR,WR,DET,2021,5,0,0,0,0,0,0,15,204,2,nflverse
Cole Kmet,TE,TE,CHI,2021,17,0,0,0,1,0,0,60,612,0,nflverse
Darnell Mooney,WR,WR,CHI,2021,17,0,0,0,6,32,1,81,1055,4,nflverse
Justin Jefferson,WR,WR,MIN,2021,17,35,0,0,6,14,0,108,1616,10,nflverse
Chase Claypool,WR,WR,PIT,2021,15,0,0,0,14,96,0,59,860,2,nflverse
Antonio Gibson,RB,RB,WAS,2021,16,0,0,0,258,1037,7,42,294,3,nflverse
Devin Duvernay,WR,WR,BAL,2021,16,0,0,0,7,50,0,33,272,2,nflverse
Josiah Deguara,TE,TE,GB,2021,14,0,0,0,0,0,0,25,245,2,nflverse
K.J. Osborn,WR,WR,MIN,2021,17,0,0,0,1,10,0,50,655,7,nflverse
Justin Herbert,QB,QB,LAC,2021,17,5014,38,15,63,302,3,0,0,0,nflverse
Henry Ruggs III,WR,WR,LV,2021,7,0,0,0,3,16,0,24,469,2,nflverse
CeeDee Lamb,WR,WR,DAL,2021,16,0,0,0,9,76,0,79,1102,6,nflverse
Clyde Edwards-Helaire,RB,RB,KC,2021,10,0,0,0,119,517,4,19,129,2,nflverse
Bryan Edwards,WR,WR,LV,2021,16,0,0,0,1,0,0,34,571,3,nflverse
Jalen Reagor,WR,WR,PHI,2021,17,0,0,0,10,32,0,33,299,2,nflverse
Jalen Hurts,QB,QB,PHI,2021,15,3144,16,9,139,784,10,0,0,0,nflverse
Jerry Jeudy,WR,WR,DEN,2021,10,0,0,0,2,3,0,38,467,0,nflverse
Tee Higgins,WR,WR,CIN,2021,14,0,0,0,0,0,0,74,1091,6,nflverse
Van Jefferson,WR,WR,LA,2021,17,0,0,0,2,20,0,50,802,6,nflverse
Adam Trautman,TE,TE,NO,2021,11,0,0,0,0,0,0,27,263,2,nflverse
Albert Okwuegbunam,TE,TE,DEN,2021,14,0,0,0,0,0,0,33,330,2,nflverse
DeeJay Dallas,RB,RB,SEA,2021,17,0,0,0,33,138,2,21,133,0,nflverse
Tyler Johnson,WR,WR,TB,2021,16,0,0,0,0,0,0,36,360,0,nflverse
Joe Burrow,QB,QB,CIN,2021,16,4611,34,14,40,118,2,0,0,0,nflverse
Ke'Shawn Vaughn,RB,RB,TB,2021,6,0,0,0,36,180,2,4,26,0,nflverse
Ty'Son Williams,RB,RB,BAL,2021,7,0,0,0,35,185,1,9,84,0,nflverse
Rashod Bateman,WR,WR,BAL,2021,12,0,0,0,0,0,0,46,515,1,nflverse
Nico Collins,WR,WR,HOU,2021,14,0,0,0,0,0,0,33,446,1,nflverse
Chuba Hubbard,RB,RB,CAR,2021,16,0,0,0,172,612,5,25,174,1,nflverse
Brevin Jordan,TE,TE,HOU,2021,8,0,0,0,0,0,0,20,178,3,nflverse
Elijah Mitchell,RB,RB,SF,2021,11,0,0,0,207,963,5,19,137,1,nflverse
Jaylen Waddle,WR,WR,MIA,2021,16,0,0,0,2,3,1,104,1015,6,nflverse
John Bates,TE,TE,WAS,2021,12,0,0,0,0,0,0,20,249,1,nflverse
Ihmir Smith-Marsette,WR,WR,MIN,2021,6,0,0,0,0,0,0,5,116,2,nflverse
Demetric Felton,RB,RB,CLE,2021,15,0,0,0,7,24,0,18,181,2,nflverse
Jermar Jefferson,RB,RB,DET,2021,4,0,0,0,15,74,2,4,23,0,nflverse
Brock Wright,TE,TE,DET,2021,8,0,0,0,0,0,0,12,117,2,nflverse
Jaret Patterson,RB,RB,WAS,2021,15,0,0,0,68,266,2,10,73,0,nflverse
Chris Evans,RB,RB,CIN,2021,9,0,0,0,17,77,0,15,151,2,nflverse
Rhamondre Stevenson,RB,RB,NE,2021,12,0,0,0,133,606,5,14,123,0,nflverse
Najee Harris,RB,RB,PIT,2021,17,0,0,0,307,1200,7,74,467,3,nflverse
Pat Freiermuth,TE,TE,PIT,2021,16,0,0,0,0,0,0,60,497,7,nflverse
Davis Mills,QB,QB,HOU,2021,13,2664,16,10,18,44,0,0,0,0,nflverse
Ja'Marr Chase,WR,WR,CIN,2021,17,0,0,0,7,21,0,81,1455,13,nflverse
Khalil Herbert,RB,RB,CHI,2021,16,0,0,0,103,433,2,14,96,0,nflverse
DeVonta Smith,WR,WR,PHI,2021,17,0,0,0,0,0,0,64,916,5,nflverse
Kadarius Toney,WR,WR,NYG,2021,9,19,0,0,3,6,0,39,420,0,nflverse
Kenneth Gainwell,RB,RB,PHI,2021,16,0,0,0,68,291,5,33,253,1,nflverse
Michael Carter,RB,RB,NYJ,2021,14,0,0,0,147,639,4,36,325,0,nflverse
Rondale Moore,WR,WR,ARI,2021,14,0,0,0,18,76,0,54,435,1,nflverse
Justin Fields,QB,QB,CHI,2021,12,1870,7,10,72,420,2,0,0,0,nflverse
Amon-Ra St. Brown,WR,WR,DET,2021,16,0,0,0,7,61,1,90,912,5,nflverse
Kyle Pitts,TE,TE,ATL,2021,17,0,0,0,0,0,0,68,1026,1,nflverse
Trevor Lawrence,QB,QB,JAX,2021,17,3641,12,17,73,334,2,0,0,0,nflverse
Mac Jones,QB,QB,NE,2021,17,3801,22,13,44,129,0,0,0,0,nflverse
Elijah Moore,WR,WR,NYJ,2021,11,0,0,0,5,54,1,43,538,5,nflverse
Josh Palmer,WR,WR,LAC,2021,15,0,0,0,1,6,0,33,353,4,nflverse
Javonte Williams,RB,RB,DEN,2021,17,0,0,0,203,903,4,43,316,3,nflverse
Tommy Tremble,TE,TE,CAR,2021,15,0,0,0,3,11,1,20,180,1,nflverse
Trey Lance,QB,QB,SF,2021,6,603,5,2,38,168,1,0,0,0,nflverse
Zach Wilson,QB,QB,NYJ,2021,13,2334,9,11,29,185,4,0,0,0,nflverse
Tom Brady,QB,QB,TB,2022,17,4694,25,9,29,-1,1,0,0,0,nflverse
Aaron Rodgers,QB,QB,GB,2022,17,3695,26,12,34,94,1,0,0,0,nflverse
Marcedes Lewis,TE,TE,GB,2022,6,0,0,0,0,0,0,6,66,2,nflverse
Matt Ryan,QB,QB,IND,2022,12,3057,14,13,27,70,1,0,0,0,nflverse
Joe Flacco,QB,QB,NYJ,2022,5,1051,5,3,3,6,0,0,-3,0,nflverse
Matthew Stafford,QB,QB,LA,2022,9,2087,10,8,13,9,1,0,0,0,nflverse
Colt McCoy,QB,QB,ARI,2022,4,780,1,3,14,36,0,0,0,0,nflverse
A.J. Green,WR,WR,ARI,2022,13,0,0,0,0,0,0,24,236,2,nflverse
Julio Jones,WR,WR,TB,2022,10,0,0,0,5,45,0,24,299,2,nflverse
Mark Ingram,RB,RB,NO,2022,10,0,0,0,62,233,1,16,68,0,nflverse
Andy Dalton,QB,QB,NO,2022,14,2871,18,9,30,54,0,0,0,0,nflverse
Randall Cobb,WR,WR,GB,2022,13,0,0,0,0,0,0,34,417,1,nflverse
Russell Wilson,QB,QB,DEN,2022,15,3524,16,11,55,277,3,1,1,0,nflverse
Marvin Jones,WR,WR,JAX,2022,16,0,0,0,0,0,0,46,529,3,nflverse
Kirk Cousins,QB,QB,MIN,2022,17,4547,29,14,31,97,2,0,0,0,nflverse
Ryan Tannehill,QB,QB,TEN,2022,12,2536,13,6,34,98,2,0,0,0,nflverse
Kyle Juszczyk,FB,RB,SF,2022,13,0,0,0,7,26,1,19,200,1,nflverse
Adam Thielen,WR,WR,MIN,2022,17,0,0,0,1,4,0,70,716,6,nflverse
Zach Ertz,TE,TE,ARI,2022,10,0,0,0,0,0,0,47,406,4,nflverse
Marquise Goodwin,WR,WR,SEA,2022,13,0,0,0,2,5,0,27,387,4,nflverse
Keenan Allen,WR,WR,LAC,2022,10,0,0,0,1,8,0,66,752,4,nflverse
Rex Burkhead,RB,RB,HOU,2022,15,0,0,0,26,80,0,37,204,1,nflverse
Robert Woods,WR,WR,TEN,2022,17,0,0,0,0,0,0,53,527,2,nflverse
Travis Kelce,TE,TE,KC,2022,17,0,0,0,2,5,0,110,1338,12,nflverse
Latavius Murray,RB,RB,DEN,2022,13,0,0,0,171,760,6,27,132,0,nflverse
DeAndre Hopkins,WR,WR,ARI,2022,9,0,0,0,0,0,0,64,717,3,nflverse
Geno Smith,QB,QB,SEA,2022,17,4282,30,11,68,366,1,0,0,0,nflverse
Cordarrelle Patterson,RB,RB,ATL,2022,13,0,0,0,144,695,8,21,122,0,nflverse
Brandin Cooks,WR,WR,HOU,2022,13,0,0,0,2,7,0,57,699,3,nflverse
Teddy Bridgewater,QB,QB,MIA,2022,5,683,4,4,3,27,0,0,0,0,nflverse
Logan Thomas,TE,TE,WAS,2022,13,0,0,0,0,0,0,39,323,1,nflverse
Derek Carr,QB,QB,LV,2022,15,3522,24,14,24,102,0,0,0,0,nflverse
Sammy Watkins,WR,WR,BAL,2022,9,0,0,0,0,0,0,16,325,0,nflverse
Jimmy Garoppolo,QB,QB,SF,2022,11,2437,16,4,23,33,2,0,0,0,nflverse
Jerick McKinnon,RB,RB,KC,2022,17,0,0,0,72,291,1,56,512,9,nflverse
Davante Adams,WR,WR,LV,2022,17,0,0,0,3,-1,0,100,1516,14,nflverse
Jarvis Landry,WR,WR,NO,2022,9,0,0,0,0,0,0,25,272,1,nflverse
Mike Evans,WR,WR,TB,2022,15,0,0,0,0,0,0,77,1124,6,nflverse
Allen Robinson,WR,WR,LA,2022,10,0,0,0,0,0,0,33,339,3,nflverse
Jameis Winston,QB,QB,NO,2022,3,858,4,5,5,16,0,0,0,0,nflverse
Amari Cooper,WR,WR,CLE,2022,17,0,0,1,0,0,0,78,1160,9,nflverse
DeVante Parker,WR,WR,NE,2022,12,0,0,0,0,0,0,31,539,3,nflverse
Nelson Agholor,WR,WR,NE,2022,14,0,0,0,0,0,0,31,362,2,nflverse
MyCole Pruitt,TE,TE,ATL,2022,10,0,0,0,0,0,0,16,150,4,nflverse
Stefon Diggs,WR,WR,BUF,2022,16,0,0,0,1,-3,0,108,1429,11,nflverse
Darren Waller,TE,TE,LV,2022,8,0,0,0,0,0,0,28,388,3,nflverse
Raheem Mostert,RB,RB,MIA,2022,16,0,0,0,181,891,3,31,202,2,nflverse
Eric Tomlinson,TE,TE,DEN,2022,9,0,0,0,0,0,0,9,79,2,nflverse
DeAndre Carter,WR,WR,LAC,2022,17,0,0,0,2,-15,0,46,538,3,nflverse
Taylor Heinicke,QB,QB,WAS,2022,9,1859,12,6,28,96,1,0,0,0,nflverse
Damiere Byrd,WR,WR,ATL,2022,12,0,0,0,0,0,0,13,268,2,nflverse
Tevin Coleman,RB,RB,SF,2022,2,0,0,0,12,26,1,3,44,1,nflverse
Ameer Abdullah,RB,RB,LV,2022,16,0,0,0,4,20,0,25,211,1,nflverse
C.J. Uzomah,TE,TE,NYJ,2022,14,0,0,0,0,0,0,21,232,2,nflverse
Melvin Gordon,RB,RB,DEN,2022,10,0,0,0,90,318,2,25,223,0,nflverse
Phillip Dorsett,WR,WR,HOU,2022,15,0,0,0,0,0,0,20,257,1,nflverse
Tyler Lockett,WR,WR,SEA,2022,16,0,0,0,0,0,0,84,1033,9,nflverse
Marcus Mariota,QB,QB,ATL,2022,13,2219,15,9,85,438,4,0,0,0,nflverse
Austin Hooper,TE,TE,TEN,2022,17,0,0,0,0,0,0,41,444,2,nflverse
Chris Moore,WR,WR,HOU,2022,15,0,0,0,3,3,0,48,548,2,nflverse
Kalif Raymond,WR,WR,DET,2022,17,0,0,0,7,36,0,47,616,0,nflverse
J.D. McKissic,RB,RB,WAS,2022,8,0,0,0,22,95,0,27,173,0,nflverse
Robbie Chosen,WR,WR,ARI,2022,12,0,0,0,0,0,0,20,282,1,nflverse
Derrick Henry,RB,RB,TEN,2022,16,4,1,0,349,1538,13,33,398,0,nflverse
Michael Thomas,WR,WR,NO,2022,3,0,0,0,0,0,0,16,171,3,nflverse
Demarcus Robinson,WR,WR,BAL,2022,16,0,0,0,0,0,0,48,458,2,nflverse
Derek Watt,FB,RB,PIT,2022,12,0,0,0,9,21,1,5,11,1,nflverse
C.J. Ham,FB,RB,MIN,2022,11,0,0,0,4,7,2,10,86,0,nflverse
Carson Wentz,QB,QB,WAS,2022,8,1755,11,9,22,86,1,0,0,0,nflverse
Tyler Boyd,WR,WR,CIN,2022,16,23,0,0,0,0,0,58,762,5,nflverse
Tyreek Hill,WR,WR,MIA,2022,17,0,0,0,7,32,1,119,1710,7,nflverse
Ezekiel Elliott,RB,RB,DAL,2022,15,0,0,0,231,876,12,17,92,0,nflverse
Dak Prescott,QB,QB,DAL,2022,12,2860,23,15,45,182,1,0,0,0,nflverse
Hunter Henry,TE,TE,NE,2022,16,0,0,0,0,0,0,41,509,2,nflverse
Jared Goff,QB,QB,DET,2022,17,4438,29,7,29,73,0,1,5,0,nflverse
Tyler Higbee,TE,TE,LA,2022,16,0,0,0,0,0,0,72,620,3,nflverse
Kenyan Drake,RB,RB,BAL,2022,12,0,0,0,109,482,4,17,89,1,nflverse
Jacoby Brissett,QB,QB,CLE,2022,14,2608,12,6,49,243,2,0,0,0,nflverse
Mo Alie-Cox,TE,TE,IND,2022,14,0,0,0,0,0,0,19,189,3,nflverse
PJ Walker,QB,QB,CAR,2022,6,731,3,3,6,39,0,0,0,0,nflverse
Christian McCaffrey,RB,RB,SF,2022,17,34,1,0,244,1139,8,85,741,5,nflverse
Curtis Samuel,WR,WR,WAS,2022,17,0,0,0,38,187,1,64,656,4,nflverse
George Kittle,TE,TE,SF,2022,15,0,0,0,0,0,0,60,765,11,nflverse
Aaron Jones,RB,RB,GB,2022,17,0,0,0,213,1121,2,59,395,5,nflverse
Kendrick Bourne,WR,WR,NE,2022,16,0,0,0,6,39,0,35,434,1,nflverse
Matt Breida,RB,RB,NYG,2022,17,0,0,0,54,220,1,20,118,0,nflverse
Taysom Hill,TE,TE,NO,2022,16,240,2,0,96,575,7,9,77,2,nflverse
Isaiah McKenzie,WR,WR,BUF,2022,15,0,0,0,9,55,1,42,423,4,nflverse
Samaje Perine,RB,RB,CIN,2022,16,0,0,0,95,394,2,38,287,4,nflverse
Mike Williams,WR,WR,LAC,2022,13,0,0,0,0,0,0,63,895,4,nflverse
Deshaun Watson,QB,QB,CLE,2022,6,1102,7,5,36,175,1,0,0,0,nflverse
James Conner,RB,RB,ARI,2022,13,0,0,0,183,782,7,46,300,1,nflverse
Mack Hollins,WR,WR,LV,2022,17,4,0,0,4,40,0,57,690,4,nflverse
Jamal Agnew,WR,WR,JAX,2022,15,0,0,0,12,86,0,23,187,3,nflverse
Noah Brown,WR,WR,DAL,2022,16,0,0,0,0,0,0,43,555,3,nflverse
Cooper Rush,QB,QB,DAL,2022,8,1051,5,3,9,6,0,0,0,0,nflverse
Austin Ekeler,RB,RB,LAC,2022,17,0,0,0,204,915,13,107,722,5,nflverse
Robert Tonyan,TE,TE,GB,2022,17,0,0,0,0,0,0,53,470,2,nflverse
Dare Ogunbowale,RB,RB,HOU,2022,15,0,0,0,42,123,1,20,104,0,nflverse
Leonard Fournette,RB,RB,TB,2022,16,0,0,1,189,668,3,73,523,3,nflverse
JuJu Smith-Schuster,WR,WR,KC,2022,16,0,0,0,0,0,0,78,933,3,nflverse
Jonnu Smith,TE,TE,NE,2022,12,0,0,0,1,5,0,27,245,0,nflverse
Mitchell Trubisky,QB,QB,PIT,2022,7,1252,4,5,19,38,2,0,0,0,nflverse
Corey Davis,WR,WR,NYJ,2022,13,0,0,0,0,0,0,32,536,2,nflverse
Patrick Mahomes,QB,QB,KC,2022,17,5250,41,12,61,358,4,1,6,0,nflverse
O.J. Howard,TE,TE,HOU,2022,11,0,0,0,0,0,0,10,145,2,nflverse
Evan Engram,TE,TE,JAX,2022,17,0,0,0,2,13,0,73,766,4,nflverse
David Njoku,TE,TE,CLE,2022,14,0,0,0,2,-8,0,58,628,4,nflverse
Zay Jones,WR,WR,JAX,2022,16,0,0,0,4,18,0,82,823,5,nflverse
Dalvin Cook,RB,RB,MIN,2022,17,0,0,0,264,1173,8,39,295,2,nflverse
Gerald Everett,TE,TE,LAC,2022,15,0,0,0,1,0,0,58,555,4,nflverse
Joe Mixon,RB,RB,CIN,2022,14,0,0,0,210,814,7,60,441,2,nflverse
Alvin Kamara,RB,RB,NO,2022,15,0,0,0,223,897,2,57,490,2,nflverse
Cooper Kupp,WR,WR,LA,2022,9,0,0,0,9,52,1,75,812,6,nflverse
Chris Godwin Jr.,WR,WR,TB,2022,15,0,0,0,3,5,0,104,1023,3,nflverse
Kareem Hunt,RB,RB,CLE,2022,17,0,0,0,123,468,3,35,210,1,nflverse
D'Onta Foreman,RB,RB,CAR,2022,16,0,0,0,203,914,5,5,26,0,nflverse
Josh Reynolds,WR,WR,DET,2022,12,0,0,0,0,0,0,38,479,3,nflverse
Jamaal Williams,RB,RB,DET,2022,17,0,0,0,262,1066,17,12,73,0,nflverse
Marlon Mack,RB,RB,DEN,2022,7,0,0,0,16,84,1,8,99,1,nflverse
River Cracraft,WR,WR,MIA,2022,8,0,0,0,0,0,0,9,102,2,nflverse
Jeff Wilson,RB,RB,MIA,2022,16,0,0,0,176,860,5,22,185,1,nflverse
Will Dissly,TE,TE,SEA,2022,15,0,0,0,0,0,0,34,349,3,nflverse
Gus Edwards,RB,RB,BAL,2022,9,0,0,0,87,433,3,0,0,0,nflverse
Dontrell Hilliard,RB,RB,TEN,2022,12,0,0,0,22,145,0,21,177,4,nflverse
Tyler Conklin,TE,TE,NYJ,2022,17,0,0,0,2,3,0,58,552,3,nflverse
Marquez Valdes-Scantling,WR,WR,KC,2022,17,0,0,0,1,-3,0,42,687,2,nflverse
Equanimeous St. Brown,WR,WR,CHI,2022,16,0,0,0,6,54,0,21,323,1,nflverse
Richie James,WR,WR,NYG,2022,16,0,0,0,2,6,0,57,569,4,nflverse
Byron Pringle,WR,WR,CHI,2022,10,0,0,0,0,0,0,10,135,2,nflverse
Courtland Sutton,WR,WR,DEN,2022,15,0,0,0,1,5,0,64,829,2,nflverse
Dallas Goedert,TE,TE,PHI,2022,12,0,0,0,0,0,0,55,702,3,nflverse
Jordan Akins,TE,TE,HOU,2022,15,0,0,0,0,0,0,37,495,5,nflverse
Nyheim Hines,RB,RB,BUF,2022,16,0,0,0,24,33,1,30,241,1,nflverse
Dalton Schultz,TE,TE,DAL,2022,15,0,0,0,0,0,0,57,577,5,nflverse
Justin Watson,WR,WR,KC,2022,17,0,0,0,0,0,0,15,315,2,nflverse
Mike White,QB,QB,NYJ,2022,4,1192,3,4,6,9,1,0,0,0,nflverse
Ray-Ray McCloud,WR,WR,SF,2022,17,0,0,0,4,78,1,14,243,1,nflverse
Russell Gage,WR,WR,TB,2022,13,0,0,0,0,0,0,51,426,5,nflverse
Boston Scott,RB,RB,PHI,2022,15,0,0,0,54,217,3,5,15,0,nflverse
Braxton Berrios,WR,WR,NYJ,2022,17,2,1,0,9,91,2,18,145,0,nflverse
Justin Jackson,RB,RB,DET,2022,15,0,0,0,42,170,1,12,101,1,nflverse
Trent Sherfield,WR,WR,MIA,2022,16,0,0,0,0,0,0,30,417,2,nflverse
Allen Lazard,WR,WR,GB,2022,15,0,0,0,2,0,0,60,788,6,nflverse
Brandon Powell,WR,WR,LA,2022,17,0,0,0,17,80,0,24,156,0,nflverse
Chase Edmonds,RB,RB,DEN,2022,13,0,0,0,68,245,2,16,157,1,nflverse
Rashaad Penny,RB,RB,SEA,2022,5,0,0,0,57,346,2,4,16,0,nflverse
Mark Andrews,TE,TE,BAL,2022,15,0,0,0,3,8,0,73,847,5,nflverse
Michael Gallup,WR,WR,DAL,2022,14,0,0,0,0,0,0,39,424,4,nflverse
Tre'Quan Smith,WR,WR,NO,2022,10,0,0,0,0,0,0,19,278,1,nflverse
Christian Kirk,WR,WR,JAX,2022,17,0,0,0,5,11,0,84,1108,8,nflverse
DJ Chark,WR,WR,DET,2022,11,0,0,0,0,0,0,30,502,3,nflverse
Nick Chubb,RB,RB,CLE,2022,17,0,0,0,302,1525,12,27,239,1,nflverse
Lamar Jackson,QB,QB,BAL,2022,12,2242,17,7,112,764,3,0,0,0,nflverse
Durham Smythe,TE,TE,MIA,2022,13,0,0,0,2,1,1,15,129,1,nflverse
DJ Moore,WR,WR,CAR,2022,17,0,0,0,10,53,0,63,888,7,nflverse
Mike Gesicki,TE,TE,MIA,2022,17,0,0,0,0,0,0,32,362,5,nflverse
Hayden Hurst,TE,TE,CIN,2022,13,0,0,0,0,0,0,52,414,2,nflverse
Saquon Barkley,RB,RB,NYG,2022,16,0,0,0,295,1312,10,57,338,0,nflverse
KhaDarel Hodge,WR,WR,ATL,2022,13,0,0,0,0,0,0,13,202,1,nflverse
Baker Mayfield,QB,QB,LA,2022,12,2163,10,8,31,89,1,0,0,0,nflverse
Josh Allen,QB,QB,BUF,2022,16,4283,35,14,124,762,7,0,0,0,nflverse
Dante Pettis,WR,WR,CHI,2022,17,0,0,0,2,37,0,19,245,3,nflverse
Sam Darnold,QB,QB,CAR,2022,6,1143,7,3,26,106,2,0,0,0,nflverse
Jakobi Meyers,WR,WR,NE,2022,14,0,0,0,2,-11,0,67,804,6,nflverse
Irv Smith,TE,TE,MIN,2022,8,0,0,0,0,0,0,25,182,2,nflverse
Alexander Mattison,RB,RB,MIN,2022,17,0,0,0,74,283,5,15,91,1,nflverse
Justice Hill,RB,RB,BAL,2022,15,0,0,0,49,262,0,12,58,0,nflverse
Foster Moreau,TE,TE,LV,2022,14,0,0,0,0,2,0,33,420,2,nflverse
Hunter Renfrow,WR,WR,LV,2022,10,0,0,0,0,0,0,36,330,2,nflverse
Ashton Dulin,WR,WR,IND,2022,10,0,0,0,2,8,0,15,207,1,nflverse
Alec Ingold,FB,RB,MIA,2022,12,0,0,0,6,8,1,15,105,1,nflverse
Mecole Hardman,WR,WR,KC,2022,8,0,0,0,4,31,2,25,297,4,nflverse
Olamide Zaccheaus,WR,WR,ATL,2022,16,0,0,0,2,7,0,40,533,3,nflverse
Diontae Johnson,WR,WR,PIT,2022,17,0,0,0,7,25,0,86,882,0,nflverse
Kyler Murray,QB,QB,ARI,2022,11,2368,14,7,67,418,3,0,0,0,nflverse
T.J. Hockenson,TE,TE,MIN,2022,17,0,0,0,0,0,0,86,914,6,nflverse
Miles Sanders,RB,RB,PHI,2022,17,0,0,0,259,1269,11,20,78,0,nflverse
Josh Oliver,TE,TE,BAL,2022,12,0,0,0,0,0,0,14,149,2,nflverse
Devin Singletary,RB,RB,BUF,2022,16,0,0,0,177,819,5,38,280,1,nflverse
Tony Pollard,RB,RB,DAL,2022,16,0,0,0,193,1007,9,39,371,3,nflverse
Jarrett Stidham,QB,QB,LV,2022,3,656,4,3,14,84,0,0,0,0,nflverse
Gardner Minshew,QB,QB,PHI,2022,5,663,3,3,7,3,1,0,0,0,nflverse
Trenton Irwin,WR,WR,CIN,2022,9,0,0,0,1,11,0,15,231,4,nflverse
Greg Dortch,WR,WR,ARI,2022,16,0,0,0,7,44,0,52,467,2,nflverse
Darius Slayton,WR,WR,NYG,2022,13,0,0,0,0,0,0,46,724,2,nflverse
Ty Johnson,RB,RB,NYJ,2022,12,0,0,0,30,160,1,12,88,0,nflverse
Joseph Fortson,TE,TE,KC,2022,10,0,0,0,0,0,0,9,108,2,nflverse
Craig Reynolds,RB,RB,DET,2022,6,0,0,0,23,102,0,9,116,0,nflverse
Travis Homer,RB,RB,SEA,2022,10,0,0,0,19,74,0,16,157,1,nflverse
Parris Campbell,WR,WR,IND,2022,17,0,0,0,5,58,0,63,623,3,nflverse
DK Metcalf,WR,WR,SEA,2022,17,0,0,0,0,0,0,90,1048,6,nflverse
Noah Fant,TE,TE,SEA,2022,17,0,0,0,0,0,0,50,486,4,nflverse
Damien Harris,RB,RB,NE,2022,11,0,0,0,106,462,3,17,97,0,nflverse
Terry McLaurin,WR,WR,WAS,2022,17,0,0,0,7,29,0,77,1191,5,nflverse
Marquise Brown,WR,WR,ARI,2022,12,0,0,0,1,1,0,67,709,3,nflverse
Darrell Henderson,RB,RB,LA,2022,10,0,0,0,70,283,3,17,102,0,nflverse
A.J. Brown,WR,WR,PHI,2022,17,0,0,0,0,0,0,88,1496,11,nflverse
David Montgomery,RB,RB,CHI,2022,16,0,0,0,201,801,5,34,316,1,nflverse
Dawson Knox,TE,TE,BUF,2022,15,0,0,0,0,0,0,48,517,6,nflverse
Josh Jacobs,RB,RB,LV,2022,17,0,0,0,340,1653,12,53,400,0,nflverse
Daniel Jones,QB,QB,NYG,2022,16,3205,15,5,120,708,7,0,0,0,nflverse
Deebo Samuel Sr.,WR,WR,SF,2022,13,0,0,0,42,232,3,56,632,2,nflverse
JaMycal Hasty,RB,RB,JAX,2022,14,0,0,0,46,194,2,20,126,1,nflverse
James Robinson,RB,RB,NYJ,2022,11,0,0,0,110,425,3,11,51,2,nflverse
Kendall Hinton,WR,WR,DEN,2022,11,0,0,0,2,13,0,24,311,0,nflverse
Tyler Huntley,QB,QB,BAL,2022,5,658,2,3,43,137,1,0,0,0,nflverse
Juwan Johnson,TE,TE,NO,2022,16,0,0,0,0,0,0,42,508,7,nflverse
J.K. Dobbins,RB,RB,BAL,2022,8,0,0,0,92,520,2,7,42,1,nflverse
Isaiah Hodgins,WR,WR,NYG,2022,9,0,0,0,0,0,0,37,392,4,nflverse
Nick Westbrook-Ikhine,WR,WR,TEN,2022,16,0,0,0,0,0,0,25,397,3,nflverse
Gabe Davis,WR,WR,BUF,2022,15,0,0,0,0,0,0,48,836,7,nflverse
Tua Tagovailoa,QB,QB,MIA,2022,13,3548,25,8,24,70,0,0,0,0,nflverse
Jonathan Taylor,RB,RB,IND,2022,11,0,0,0,192,861,4,28,143,0,nflverse
Harrison Bryant,TE,TE,CLE,2022,14,0,0,0,1,8,0,31,239,1,nflverse
Donovan Peoples-Jones,WR,WR,CLE,2022,17,0,0,0,1,2,0,61,839,3,nflverse
Colby Parkinson,TE,TE,SEA,2022,14,0,0,0,0,0,0,25,322,2,nflverse
Zack Moss,RB,RB,IND,2022,13,0,0,0,93,456,1,11,39,0,nflverse
Michael Pittman,WR,WR,IND,2022,16,0,0,0,3,30,0,99,925,4,nflverse
Jauan Jennings,WR,WR,SF,2022,16,0,0,0,0,0,0,35,416,1,nflverse
Brandon Aiyuk,WR,WR,SF,2022,17,0,0,0,2,23,0,78,1015,8,nflverse
AJ Dillon,RB,RB,GB,2022,17,0,0,0,186,770,7,28,206,0,nflverse
Laviska Shenault Jr.,WR,WR,CAR,2022,13,0,0,0,9,65,1,27,272,1,nflverse
Quez Watkins,WR,WR,PHI,2022,17,0,0,0,3,1,0,33,354,3,nflverse
D'Andre Swift,RB,RB,DET,2022,14,0,0,0,99,542,5,48,389,3,nflverse
Cole Kmet,TE,TE,CHI,2022,17,0,0,0,2,9,0,50,544,7,nflverse
Darnell Mooney,WR,WR,CHI,2022,11,0,0,0,1,2,0,40,493,2,nflverse
Justin Jefferson,WR,WR,MIN,2022,17,34,0,0,4,24,1,128,1809,8,nflverse
Chase Claypool,WR,WR,CHI,2022,15,1,1,0,9,59,0,46,451,1,nflverse
Antonio Gibson,RB,RB,WAS,2022,15,0,0,0,149,546,3,46,353,2,nflverse
Devin Duvernay,WR,WR,BAL,2022,14,0,0,0,12,84,1,37,407,3,nflverse
K.J. Osborn,WR,WR,MIN,2022,17,0,0,0,3,6,0,60,650,5,nflverse
Justin Herbert,QB,QB,LAC,2022,17,4739,25,10,54,147,0,2,-10,0,nflverse
CeeDee Lamb,WR,WR,DAL,2022,17,0,0,0,10,47,0,107,1359,9,nflverse
Clyde Edwards-Helaire,RB,RB,KC,2022,10,0,0,0,71,302,3,17,151,3,nflverse
Joshua Kelley,RB,RB,LAC,2022,12,0,0,0,69,287,2,14,101,0,nflverse
Eno Benjamin,RB,RB,NO,2022,13,0,0,0,77,313,2,25,193,0,nflverse
Jalen Hurts,QB,QB,PHI,2022,15,3701,22,6,165,760,13,0,0,0,nflverse
Jerry Jeudy,WR,WR,DEN,2022,15,0,0,0,4,40,0,67,972,6,nflverse
Tee Higgins,WR,WR,CIN,2022,14,0,0,0,0,0,0,74,1029,7,nflverse
Cam Akers,RB,RB,LA,2022,15,0,0,0,188,786,7,13,117,0,nflverse
Van Jefferson,WR,WR,LA,2022,10,0,0,0,0,0,0,24,369,3,nflverse
Adam Trautman,TE,TE,NO,2022,12,0,0,0,0,0,0,18,207,1,nflverse
DeeJay Dallas,RB,RB,SEA,2022,15,0,0,1,35,186,0,17,126,0,nflverse
Joe Burrow,QB,QB,CIN,2022,16,4475,35,12,75,257,5,0,0,0,nflverse
Deon Jackson,RB,RB,IND,2022,12,0,0,0,68,236,1,30,209,1,nflverse
Shane Zylstra,TE,TE,DET,2022,8,0,0,0,0,0,0,11,60,4,nflverse
Rashod Bateman,WR,WR,BAL,2022,6,0,0,0,0,0,0,15,285,2,nflverse
Nico Collins,WR,WR,HOU,2022,10,0,0,0,0,0,0,37,481,2,nflverse
Chuba Hubbard,RB,RB,CAR,2022,14,0,0,0,95,466,2,14,171,0,nflverse
Elijah Mitchell,RB,RB,SF,2022,5,0,0,0,45,279,2,3,7,0,nflverse
Shi Smith,WR,WR,CAR,2022,17,0,0,0,0,0,0,22,296,2,nflverse
Jaylen Waddle,WR,WR,MIA,2022,17,0,0,0,3,26,0,75,1356,8,nflverse
Dyami Brown,WR,WR,WAS,2022,9,0,0,0,1,15,0,5,143,2,nflverse
Noah Gray,TE,TE,KC,2022,17,0,0,0,1,1,1,28,299,1,nflverse
Brock Wright,TE,TE,DET,2022,14,0,0,0,0,0,0,18,216,4,nflverse
Caleb Huntley,RB,RB,ATL,2022,12,0,0,0,76,366,1,2,3,0,nflverse
Tutu Atwell,WR,WR,LA,2022,12,0,0,0,9,34,1,18,298,1,nflverse
Ben Skowronek,WR,WR,LA,2022,14,0,0,0,1,17,1,39,376,0,nflverse
Rhamondre Stevenson,RB,RB,NE,2022,17,0,0,0,210,1040,5,69,421,1,nflverse
Kylen Granson,TE,TE,IND,2022,13,0,0,0,1,0,0,31,302,0,nflverse
Sam Ehlinger,QB,QB,IND,2022,4,573,3,3,17,87,0,0,0,0,nflverse
Najee Harris,RB,RB,PIT,2022,17,4,0,0,272,1034,7,41,229,3,nflverse
Pat Freiermuth,TE,TE,PIT,2022,15,0,0,0,0,0,0,63,732,2,nflverse
Davis Mills,QB,QB,HOU,2022,15,3118,17,15,32,108,2,0,0,0,nflverse
Ja'Marr Chase,WR,WR,CIN,2022,12,0,0,0,5,8,0,87,1046,9,nflverse
Khalil Herbert,RB,RB,CHI,2022,13,0,0,0,129,731,4,9,57,1,nflverse
DeVonta Smith,WR,WR,PHI,2022,17,0,0,0,0,0,0,95,1196,7,nflverse
Kadarius Toney,WR,WR,KC,2022,9,0,0,0,7,82,1,16,171,2,nflverse
Kenneth Gainwell,RB,RB,PHI,2022,17,0,0,0,53,240,4,23,169,0,nflverse
Michael Carter,RB,RB,NYJ,2022,16,0,0,0,114,402,3,41,288,0,nflverse
Rondale Moore,WR,WR,ARI,2022,8,0,0,0,6,-5,0,41,414,1,nflverse
Justin Fields,QB,QB,CHI,2022,15,2242,17,11,160,1143,8,0,0,0,nflverse
Terrace Marshall Jr.,WR,WR,CAR,2022,13,0,0,0,0,0,0,28,490,1,nflverse
Amon-Ra St. Brown,WR,WR,DET,2022,16,0,0,0,9,95,0,106,1161,6,nflverse
Kyle Pitts,TE,TE,ATL,2022,10,0,0,0,0,0,0,28,356,2,nflverse
Trevor Lawrence,QB,QB,JAX,2022,17,4113,25,8,62,291,5,0,0,0,nflverse
Mac Jones,QB,QB,NE,2022,14,2997,14,11,47,102,1,0,0,0,nflverse
Travis Etienne,RB,RB,JAX,2022,17,0,0,0,220,1125,5,35,316,0,nflverse
Elijah Moore,WR,WR,NYJ,2022,14,0,0,0,5,5,0,37,446,1,nflverse
Josh Palmer,WR,WR,LAC,2022,16,0,0,0,1,4,0,72,769,3,nflverse
Amari Rodgers,WR,WR,HOU,2022,15,0,0,0,2,7,0,16,204,1,nflverse
Javonte Williams,RB,RB,DEN,2022,4,0,0,0,47,204,0,16,76,0,nflverse
Tommy Tremble,TE,TE,CAR,2022,15,0,0,0,0,0,0,19,174,3,nflverse
Zach Wilson,QB,QB,NYJ,2022,9,1688,6,7,28,102,1,1,2,1,nflverse
Bam Knight,RB,RB,NYJ,2022,7,0,0,0,85,300,1,13,100,0,nflverse
Isiah Pacheco,RB,RB,KC,2022,17,0,0,0,170,830,5,13,130,0,nflverse
Jaylen Warren,RB,RB,PIT,2022,16,0,0,0,77,379,1,28,214,0,nflverse
Drake London,WR,WR,ATL,2022,17,0,0,0,0,0,0,72,866,4,nflverse
Chris Olave,WR,WR,NO,2022,15,0,0,0,0,0,0,72,1042,4,nflverse
George Pickens,WR,WR,PIT,2022,17,0,0,0,3,24,1,52,801,4,nflverse
James Cook,RB,RB,BUF,2022,16,0,0,0,89,507,2,21,180,1,nflverse
Greg Dulcich,TE,TE,DEN,2022,10,0,0,0,0,0,0,33,411,2,nflverse
Rachaad White,RB,RB,TB,2022,17,0,0,0,129,481,1,50,290,2,nflverse
David Bell,WR,WR,CLE,2022,15,0,0,0,0,0,0,24,214,0,nflverse
Dameon Pierce,RB,RB,HOU,2022,13,0,0,0,220,939,4,30,165,1,nflverse
Tyler Allgeier,RB,RB,ATL,2022,16,0,0,0,210,1035,3,16,139,1,nflverse
Teagan Quitoriano,TE,TE,HOU,2022,7,0,0,0,0,0,0,7,113,2,nflverse
Skylar Thompson,QB,QB,MIA,2022,7,534,1,3,14,21,0,0,0,0,nflverse
Zander Horvath,RB,RB,LAC,2022,8,0,0,0,4,8,0,5,8,2,nflverse
Raheem Blackshear,RB,RB,CAR,2022,13,0,0,0,23,77,3,10,93,0,nflverse
Jordan Mason,RB,RB,SF,2022,12,0,0,0,43,258,1,0,0,0,nflverse
Rashid Shaheed,WR,WR,NO,2022,12,0,0,0,4,57,1,28,488,2,nflverse
Malik Davis,RB,RB,DAL,2022,6,0,0,0,38,161,1,6,63,0,nflverse
Peyton Hendershot,TE,TE,DAL,2022,12,0,0,0,1,2,1,11,103,2,nflverse
Alec Pierce,WR,WR,IND,2022,16,0,0,0,0,0,0,41,593,2,nflverse
Garrett Wilson,WR,WR,NYJ,2022,17,0,0,0,4,4,0,83,1103,4,nflverse
Jahan Dotson,WR,WR,WAS,2022,12,0,0,0,2,-7,0,35,523,7,nflverse
Treylon Burks,WR,WR,TEN,2022,11,0,0,0,4,47,0,33,444,1,nflverse
Trey McBride,TE,TE,ARI,2022,12,0,0,0,0,0,0,29,265,1,nflverse
Velus Jones Jr.,RB,RB,CHI,2022,11,0,0,0,9,103,1,7,107,1,nflverse
Brian Robinson,RB,RB,WAS,2022,12,0,0,0,205,797,2,9,60,1,nflverse
Jelani Woods,TE,TE,IND,2022,12,0,0,0,0,0,0,25,312,3,nflverse
Chig Okonkwo,TE,TE,TEN,2022,16,0,0,0,3,2,0,32,450,3,nflverse
Romeo Doubs,WR,WR,GB,2022,13,0,0,0,1,11,0,42,425,3,nflverse
Brock Purdy,QB,QB,SF,2022,9,1374,13,4,22,13,1,0,0,0,nflverse
Isaiah Likely,TE,TE,BAL,2022,14,0,0,0,0,0,0,36,373,3,nflverse
Kyren Williams,RB,RB,LA,2022,8,0,0,0,35,139,0,9,76,0,nflverse
Jake Ferguson,TE,TE,DAL,2022,11,0,0,0,0,0,0,19,174,2,nflverse
Skyy Moore,WR,WR,KC,2022,16,0,0,0,3,24,0,22,250,0,nflverse
Kenny Pickett,QB,QB,PIT,2022,13,2404,7,9,55,237,3,0,0,0,nflverse
Tyquan Thornton,WR,WR,NE,2022,12,0,0,0,3,16,1,22,247,2,nflverse
Bailey Zappe,QB,QB,NE,2022,4,781,5,3,10,0,0,1,-6,0,nflverse
Daniel Bellinger,TE,TE,NYG,2022,11,0,0,0,1,2,1,30,268,2,nflverse
Wan'Dale Robinson,WR,WR,NYG,2022,6,0,0,0,2,-1,0,23,227,1,nflverse
Breece Hall,RB,RB,NYJ,2022,7,0,0,0,80,463,4,19,218,1,nflverse
Desmond Ridder,QB,QB,ATL,2022,4,708,2,0,16,64,0,0,0,0,nflverse
Christian Watson,WR,WR,GB,2022,14,0,0,0,7,80,2,41,611,7,nflverse
Cade Otton,TE,TE,TB,2022,16,0,0,0,0,0,0,42,391,2,nflverse
Kenneth Walker III,RB,RB,SEA,2022,15,0,0,0,228,1050,9,27,165,0,nflverse
Joe Flacco,QB,QB,CLE,2023,5,1616,13,8,9,2,0,0,0,0,nflverse
Matthew Stafford,QB,QB,LA,2023,15,3965,24,11,21,65,0,0,0,0,nflverse
Jimmy Graham,TE,TE,NO,2023,6,0,0,0,0,0,0,6,39,4,nflverse
Julio Jones,WR,WR,PHI,2023,8,0,0,0,0,0,0,11,74,3,nflverse
Tyrod Taylor,QB,QB,NYG,2023,10,1341,5,3,38,197,0,0,0,0,nflverse
Russell Wilson,QB,QB,DEN,2023,15,3070,26,8,80,341,3,0,0,0,nflverse
Kirk Cousins,QB,QB,MIN,2023,8,2331,18,5,14,25,0,0,0,0,nflverse
Ryan Tannehill,QB,QB,TEN,2023,9,1616,4,7,17,74,1,0,0,0,nflverse
Kyle Juszczyk,FB,RB,SF,2023,11,0,0,0,5,6,0,14,119,2,nflverse
Adam Thielen,WR,WR,CAR,2023,17,0,0,0,1,6,0,103,1014,4,nflverse
Keenan Allen,WR,WR,LAC,2023,13,49,1,0,2,6,0,108,1243,7,nflverse
Robert Woods,WR,WR,HOU,2023,14,0,0,0,1,7,0,40,426,1,nflverse
Travis Kelce,TE,TE,KC,2023,15,0,0,0,0,0,0,93,984,5,nflverse
Latavius Murray,RB,RB,BUF,2023,15,0,0,0,79,300,4,17,119,0,nflverse
DeAndre Hopkins,WR,WR,TEN,2023,17,0,0,0,2,9,0,75,1057,7,nflverse
Geno Smith,QB,QB,SEA,2023,15,3624,20,9,37,155,1,1,-2,0,nflverse
Cordarrelle Patterson,RB,RB,ATL,2023,12,0,0,0,50,181,0,9,38,1,nflverse
Odell Beckham Jr.,WR,WR,BAL,2023,14,0,0,0,0,0,0,35,565,3,nflverse
Brandin Cooks,WR,WR,DAL,2023,16,0,0,0,5,35,0,54,657,8,nflverse
Logan Thomas,TE,TE,WAS,2023,16,0,0,0,1,2,0,55,496,4,nflverse
Derek Carr,QB,QB,NO,2023,17,3878,25,8,32,40,0,0,0,0,nflverse
Jimmy Garoppolo,QB,QB,LV,2023,7,1205,7,9,20,39,0,0,0,0,nflverse
Jerick McKinnon,RB,RB,KC,2023,12,4,1,0,21,60,1,25,192,4,nflverse
Davante Adams,WR,WR,LV,2023,17,0,0,0,0,0,0,103,1144,8,nflverse
Mike Evans,WR,WR,TB,2023,17,0,0,0,0,0,0,79,1255,13,nflverse
Allen Robinson,WR,WR,PIT,2023,15,0,0,0,0,0,0,34,280,0,nflverse
Amari Cooper,WR,WR,CLE,2023,15,0,0,0,0,0,0,72,1250,5,nflverse
DeVante Parker,WR,WR,NE,2023,13,0,0,0,0,0,0,33,394,0,nflverse
Nelson Agholor,WR,WR,BAL,2023,16,0,0,0,0,0,0,35,381,4,nflverse
Stefon Diggs,WR,WR,BUF,2023,17,0,0,0,1,5,0,107,1183,8,nflverse
Darren Waller,TE,TE,NYG,2023,12,0,0,0,0,0,0,52,552,1,nflverse
Raheem Mostert,RB,RB,MIA,2023,15,0,0,0,209,1012,18,25,175,3,nflverse
Taylor Heinicke,QB,QB,ATL,2023,5,890,5,4,15,124,1,0,0,0,nflverse
Ameer Abdullah,RB,RB,LV,2023,16,0,0,0,15,89,0,19,131,0,nflverse
Trevor Siemian,QB,QB,NYJ,2023,5,724,2,4,11,40,0,0,0,0,nflverse
Tyler Lockett,WR,WR,SEA,2023,17,0,0,0,0,0,0,79,894,5,nflverse
Austin Hooper,TE,TE,LV,2023,16,0,0,0,0,0,0,25,234,0,nflverse
Chris Moore,WR,WR,TEN,2023,15,0,0,0,2,39,0,22,424,0,nflverse
Kalif Raymond,WR,WR,DET,2023,17,0,0,0,7,75,0,35,489,1,nflverse
Alex Erickson,WR,WR,LAC,2023,8,0,0,0,0,0,0,16,232,1,nflverse
Derrick Henry,RB,RB,TEN,2023,17,14,2,0,280,1167,12,28,214,0,nflverse
Michael Thomas,WR,WR,NO,2023,10,0,0,0,0,0,0,39,448,1,nflverse
Demarcus Robinson,WR,WR,LA,2023,8,0,0,0,1,23,0,26,371,4,nflverse
Tyler Boyd,WR,WR,CIN,2023,17,0,0,1,2,11,0,67,667,2,nflverse
Tyreek Hill,WR,WR,MIA,2023,16,0,0,0,6,15,0,119,1799,13,nflverse
Ezekiel Elliott,RB,RB,NE,2023,17,0,0,0,184,642,3,51,313,2,nflverse
Dak Prescott,QB,QB,DAL,2023,17,4516,36,9,55,242,2,0,0,0,nflverse
Hunter Henry,TE,TE,NE,2023,13,0,0,0,0,0,0,42,419,6,nflverse
Jared Goff,QB,QB,DET,2023,17,4575,30,12,32,21,2,0,0,0,nflverse
Tyler Higbee,TE,TE,LA,2023,15,0,0,0,0,0,0,47,495,2,nflverse
Jacoby Brissett,QB,QB,WAS,2023,2,224,3,0,3,19,0,0,0,0,nflverse
Mo Alie-Cox,TE,TE,IND,2023,14,0,0,0,0,0,0,13,161,3,nflverse
PJ Walker,QB,QB,CLE,2023,5,674,1,5,13,30,0,0,0,0,nflverse
Christian McCaffrey,RB,RB,SF,2023,16,0,0,0,272,1459,14,67,564,7,nflverse
Curtis Samuel,WR,WR,WAS,2023,16,0,0,0,7,39,1,62,613,4,nflverse
George Kittle,TE,TE,SF,2023,16,0,0,0,1,2,0,65,1020,6,nflverse
Aaron Jones,RB,RB,GB,2023,11,0,0,0,142,656,2,30,233,1,nflverse
Kendrick Bourne,WR,WR,NE,2023,8,0,0,0,1,4,0,37,406,4,nflverse
Matt Breida,RB,RB,NYG,2023,15,0,0,0,55,151,1,17,88,0,nflverse
Nick Mullens,QB,QB,MIN,2023,5,1306,7,8,10,25,0,0,0,0,nflverse
Taysom Hill,TE,TE,NO,2023,16,83,1,0,81,401,4,33,291,2,nflverse
Pharaoh Brown,TE,TE,NE,2023,11,0,0,0,0,0,0,13,208,1,nflverse
Samaje Perine,RB,RB,DEN,2023,17,0,0,0,53,238,1,50,455,0,nflverse
Mike Williams,WR,WR,LAC,2023,3,0,0,0,1,3,0,19,249,1,nflverse
Deshaun Watson,QB,QB,CLE,2023,6,1115,7,4,26,142,1,0,0,0,nflverse
James Conner,RB,RB,ARI,2023,13,0,0,0,208,1040,7,27,165,2,nflverse
Mack Hollins,WR,WR,ATL,2023,12,0,0,0,0,0,0,18,251,0,nflverse
Jamal Agnew,WR,WR,JAX,2023,11,0,0,0,4,-2,0,14,225,1,nflverse
Noah Brown,WR,WR,HOU,2023,10,0,0,0,1,-1,0,33,567,2,nflverse
Austin Ekeler,RB,RB,LAC,2023,14,0,0,0,179,628,5,51,436,1,nflverse
JuJu Smith-Schuster,WR,WR,NE,2023,11,0,0,0,0,0,0,29,260,1,nflverse
Jonnu Smith,TE,TE,ATL,2023,17,0,0,0,1,0,0,50,582,3,nflverse
Mitchell Trubisky,QB,QB,PIT,2023,5,632,4,5,16,54,2,0,0,0,nflverse
Patrick Mahomes,QB,QB,KC,2023,16,4183,27,14,75,389,0,0,0,0,nflverse
Evan Engram,TE,TE,JAX,2023,17,0,0,0,0,0,0,114,963,4,nflverse
David Njoku,TE,TE,CLE,2023,16,0,0,0,0,0,0,81,882,6,nflverse
Zay Jones,WR,WR,JAX,2023,9,0,0,0,0,0,0,34,321,2,nflverse
Dalvin Cook,RB,RB,NYJ,2023,14,0,0,0,67,214,0,15,78,0,nflverse
Gerald Everett,TE,TE,LAC,2023,15,0,0,0,3,10,0,51,411,3,nflverse
Joe Mixon,RB,RB,CIN,2023,17,0,0,0,257,1034,9,52,376,3,nflverse
Alvin Kamara,RB,RB,NO,2023,13,0,0,0,180,694,5,75,466,1,nflverse
Cooper Kupp,WR,WR,LA,2023,12,0,0,0,1,-3,0,59,737,5,nflverse
Chris Godwin Jr.,WR,WR,TB,2023,17,0,0,0,4,38,1,83,1024,2,nflverse
Kareem Hunt,RB,RB,CLE,2023,15,0,0,0,135,411,9,15,84,0,nflverse
D'Onta Foreman,RB,RB,CHI,2023,9,0,0,0,109,425,4,11,77,1,nflverse
Josh Reynolds,WR,WR,DET,2023,16,0,0,0,0,0,0,40,608,5,nflverse
Jamaal Williams,RB,RB,NO,2023,13,0,0,0,106,306,1,18,62,0,nflverse
Joshua Dobbs,QB,QB,MIN,2023,13,2464,13,10,77,421,6,0,0,0,nflverse
Jeff Wilson,RB,RB,MIA,2023,9,0,0,0,41,188,0,14,85,0,nflverse
Gus Edwards,RB,RB,BAL,2023,17,0,0,0,198,810,13,12,180,0,nflverse
Tyler Conklin,TE,TE,NYJ,2023,17,0,0,0,1,0,0,61,621,0,nflverse
Marquez Valdes-Scantling,WR,WR,KC,2023,16,0,0,0,0,0,0,21,315,1,nflverse
Courtland Sutton,WR,WR,DEN,2023,16,0,0,0,0,0,0,59,772,10,nflverse
Dallas Goedert,TE,TE,PHI,2023,14,0,0,0,1,1,0,59,592,3,nflverse
Dalton Schultz,TE,TE,HOU,2023,15,0,0,0,0,0,0,59,635,5,nflverse
Justin Watson,WR,WR,KC,2023,15,0,0,0,0,0,0,27,460,3,nflverse
Cedrick Wilson Jr.,WR,WR,MIA,2023,11,0,0,0,0,0,0,22,296,3,nflverse
Braxton Berrios,WR,WR,MIA,2023,16,0,0,0,1,11,0,27,238,1,nflverse
Allen Lazard,WR,WR,NYJ,2023,14,0,0,0,0,0,0,23,311,1,nflverse
Tanner Hudson,TE,TE,CIN,2023,12,0,0,0,0,0,0,39,352,1,nflverse
Brandon Powell,WR,WR,MIN,2023,17,0,0,0,5,17,0,29,324,1,nflverse
Chase Edmonds,RB,RB,TB,2023,13,0,0,0,49,176,0,14,81,0,nflverse
Mark Andrews,TE,TE,BAL,2023,10,0,0,0,1,0,0,45,544,6,nflverse
Michael Gallup,WR,WR,DAL,2023,16,0,0,0,0,0,0,34,418,2,nflverse
Mason Rudolph,QB,QB,PIT,2023,4,719,3,0,10,8,0,0,0,0,nflverse
Christian Kirk,WR,WR,JAX,2023,12,-1,0,0,1,6,0,57,787,3,nflverse
DJ Chark,WR,WR,CAR,2023,14,0,0,0,0,0,0,35,525,5,nflverse
Lamar Jackson,QB,QB,BAL,2023,16,3678,24,7,148,821,5,0,0,0,nflverse
Durham Smythe,TE,TE,MIA,2023,13,0,0,0,0,0,0,35,366,0,nflverse
DJ Moore,WR,WR,CHI,2023,17,0,0,0,4,21,1,96,1364,8,nflverse
Mike Gesicki,TE,TE,NE,2023,15,0,0,0,0,0,0,29,244,2,nflverse
Calvin Ridley,WR,WR,JAX,2023,17,0,0,0,9,23,0,76,1016,8,nflverse
Royce Freeman,RB,RB,LA,2023,11,0,0,0,77,319,2,1,13,0,nflverse
Saquon Barkley,RB,RB,NYG,2023,14,0,0,0,247,962,6,41,280,4,nflverse
KhaDarel Hodge,WR,WR,ATL,2023,14,0,0,0,1,0,0,14,232,0,nflverse
Baker Mayfield,QB,QB,TB,2023,17,4044,28,10,62,163,1,0,0,0,nflverse
Josh Allen,QB,QB,BUF,2023,17,4306,29,18,111,524,15,0,0,0,nflverse
Andrew Beck,RB,RB,HOU,2023,12,0,0,0,5,3,1,11,55,2,nflverse
Jakobi Meyers,WR,WR,LV,2023,16,12,1,0,4,24,2,71,807,8,nflverse
Alexander Mattison,RB,RB,MIN,2023,16,0,0,0,180,700,0,30,192,3,nflverse
Justice Hill,RB,RB,BAL,2023,16,0,0,0,84,387,3,28,206,1,nflverse
Hunter Renfrow,WR,WR,LV,2023,14,0,0,0,0,0,0,25,255,0,nflverse
Jake Browning,QB,QB,CIN,2023,9,1936,12,7,27,127,3,1,-7,0,nflverse
Olamide Zaccheaus,WR,WR,PHI,2023,11,0,0,0,0,0,0,10,164,2,nflverse
Diontae Johnson,WR,WR,PIT,2023,13,0,0,0,0,0,0,51,717,5,nflverse
Kyler Murray,QB,QB,ARI,2023,8,1799,10,5,44,244,3,0,0,0,nflverse
T.J. Hockenson,TE,TE,MIN,2023,15,0,0,0,0,0,0,95,960,5,nflverse
Miles Sanders,RB,RB,CAR,2023,16,0,0,0,129,432,1,27,154,0,nflverse
Josh Oliver,TE,TE,MIN,2023,13,0,0,0,0,0,0,22,213,2,nflverse
Devin Singletary,RB,RB,HOU,2023,17,6,1,0,216,898,4,30,193,0,nflverse
Tony Pollard,RB,RB,DAL,2023,17,0,0,0,252,1005,6,55,311,0,nflverse
Easton Stick,QB,QB,LAC,2023,5,1129,3,1,27,144,1,0,0,0,nflverse
Gardner Minshew,QB,QB,IND,2023,16,3305,15,9,34,100,3,0,0,0,nflverse
Scott Miller,WR,WR,ATL,2023,11,0,0,0,0,0,0,11,161,2,nflverse
Donald Parham,TE,TE,LAC,2023,14,0,0,0,0,0,0,27,285,4,nflverse
Trenton Irwin,WR,WR,CIN,2023,12,0,0,0,0,0,0,25,316,1,nflverse
Lil'Jordan Humphrey,WR,WR,DEN,2023,11,0,0,0,0,0,0,13,162,3,nflverse
Greg Dortch,WR,WR,ARI,2023,16,0,0,0,1,5,0,24,280,2,nflverse
Darius Slayton,WR,WR,NYG,2023,17,0,0,0,0,0,0,50,770,4,nflverse
Craig Reynolds,RB,RB,DET,2023,12,0,0,0,41,179,1,5,47,0,nflverse
D'Ernest Johnson,RB,RB,JAX,2023,16,0,0,0,41,108,0,10,140,0,nflverse
Drew Sample,TE,TE,CIN,2023,14,0,0,0,0,0,0,22,163,2,nflverse
DK Metcalf,WR,WR,SEA,2023,16,0,0,0,0,0,0,66,1114,8,nflverse
Noah Fant,TE,TE,SEA,2023,15,0,0,0,0,0,0,32,414,0,nflverse
Terry McLaurin,WR,WR,WAS,2023,17,0,0,0,0,0,0,79,1002,4,nflverse
Marquise Brown,WR,WR,ARI,2023,13,0,0,0,2,23,0,51,574,4,nflverse
Darrell Henderson,RB,RB,LA,2023,4,0,0,0,46,112,2,10,103,0,nflverse
A.J. Brown,WR,WR,PHI,2023,17,0,0,0,0,0,0,106,1456,7,nflverse
David Montgomery,RB,RB,DET,2023,14,0,0,0,219,1015,13,16,117,0,nflverse
Dawson Knox,TE,TE,BUF,2023,10,0,0,0,0,0,0,22,186,2,nflverse
Josh Jacobs,RB,RB,LV,2023,13,0,0,0,233,805,6,37,296,0,nflverse
Drew Lock,QB,QB,SEA,2023,4,543,3,3,5,14,0,0,0,0,nflverse
Daniel Jones,QB,QB,NYG,2023,6,909,2,6,40,206,1,0,0,0,nflverse
Deebo Samuel Sr.,WR,WR,SF,2023,15,0,0,0,37,225,5,60,892,7,nflverse
Tony Jones,RB,RB,ARI,2023,6,0,0,0,26,95,2,7,37,0,nflverse
Tyler Huntley,QB,QB,BAL,2023,5,203,3,0,15,55,0,0,0,0,nflverse
Salvon Ahmed,RB,RB,MIA,2023,7,0,0,0,22,61,1,16,88,1,nflverse
Juwan Johnson,TE,TE,NO,2023,13,0,0,0,0,0,0,37,368,4,nflverse
Rico Dowdle,RB,RB,DAL,2023,16,0,0,0,89,361,2,17,144,2,nflverse
Isaiah Hodgins,WR,WR,NYG,2023,14,0,0,0,0,0,0,21,230,3,nflverse
Nick Westbrook-Ikhine,WR,WR,TEN,2023,13,0,0,0,0,0,0,28,370,3,nflverse
Gabe Davis,WR,WR,BUF,2023,16,0,0,0,1,-2,0,45,746,7,nflverse
Tua Tagovailoa,QB,QB,MIA,2023,17,4624,29,14,35,74,0,0,0,0,nflverse
Jonathan Taylor,RB,RB,IND,2023,10,0,0,0,169,741,7,19,153,1,nflverse
Harrison Bryant,TE,TE,CLE,2023,14,0,0,0,5,8,0,13,81,3,nflverse
Colby Parkinson,TE,TE,SEA,2023,15,0,0,0,0,0,0,25,247,2,nflverse
Zack Moss,RB,RB,IND,2023,14,0,0,0,183,794,5,27,192,2,nflverse
Michael Pittman,WR,WR,IND,2023,16,0,0,0,0,0,0,109,1152,4,nflverse
Jauan Jennings,WR,WR,SF,2023,13,0,0,0,0,0,0,19,265,1,nflverse
Brandon Aiyuk,WR,WR,SF,2023,16,0,0,0,0,0,0,75,1342,7,nflverse
Jordan Love,QB,QB,GB,2023,17,4159,32,11,50,247,4,0,0,0,nflverse
AJ Dillon,RB,RB,GB,2023,15,0,0,0,178,613,2,22,223,0,nflverse
D'Andre Swift,RB,RB,PHI,2023,16,0,0,0,229,1049,5,39,214,1,nflverse
Cole Kmet,TE,TE,CHI,2023,16,0,0,0,3,2,0,73,719,6,nflverse
Darnell Mooney,WR,WR,CHI,2023,14,0,0,0,2,5,0,31,414,1,nflverse
Justin Jefferson,WR,WR,MIN,2023,10,0,0,0,1,-12,0,68,1074,5,nflverse
Antonio Gibson,RB,RB,WAS,2023,16,0,0,0,65,265,1,48,389,2,nflverse
K.J. Osborn,WR,WR,MIN,2023,15,0,0,0,0,0,0,48,540,3,nflverse
Justin Herbert,QB,QB,LAC,2023,13,3134,20,7,52,228,3,1,10,0,nflverse
CeeDee Lamb,WR,WR,DAL,2023,17,0,0,0,14,113,2,135,1749,12,nflverse
Clyde Edwards-Helaire,RB,RB,KC,2023,15,0,0,0,70,223,1,17,188,1,nflverse
Joshua Kelley,RB,RB,LAC,2023,17,0,0,0,107,405,2,8,32,0,nflverse
Jalen Hurts,QB,QB,PHI,2023,17,3858,23,15,157,605,15,0,0,0,nflverse
Jerry Jeudy,WR,WR,DEN,2023,16,0,0,0,0,0,0,54,758,2,nflverse
Tee Higgins,WR,WR,CIN,2023,12,0,0,0,0,0,0,42,656,5,nflverse
Cam Akers,RB,RB,MIN,2023,7,0,0,0,60,167,2,11,70,0,nflverse
Van Jefferson,WR,WR,ATL,2023,14,0,0,0,1,4,0,20,209,0,nflverse
Adam Trautman,TE,TE,DEN,2023,16,0,0,0,0,0,0,22,204,3,nflverse
Joe Burrow,QB,QB,CIN,2023,10,2309,15,6,31,88,0,0,0,0,nflverse
Rashod Bateman,WR,WR,BAL,2023,15,0,0,0,1,18,0,32,367,1,nflverse
Nico Collins,WR,WR,HOU,2023,15,0,0,0,1,7,0,80,1297,8,nflverse
Chuba Hubbard,RB,RB,CAR,2023,17,0,0,0,238,902,5,39,233,0,nflverse
Brevin Jordan,TE,TE,HOU,2023,10,0,0,0,0,0,0,17,219,2,nflverse
Elijah Mitchell,RB,RB,SF,2023,11,0,0,0,75,281,2,6,14,0,nflverse
Jaylen Waddle,WR,WR,MIA,2023,14,0,0,0,3,12,0,72,1014,4,nflverse
Noah Gray,TE,TE,KC,2023,16,0,0,0,1,1,0,28,305,2,nflverse
Tutu Atwell,WR,WR,LA,2023,14,0,0,0,5,31,0,39,483,3,nflverse
Rhamondre Stevenson,RB,RB,NE,2023,12,0,0,0,156,619,4,38,238,0,nflverse
Kylen Granson,TE,TE,IND,2023,15,0,0,0,1,2,0,30,368,1,nflverse
Najee Harris,RB,RB,PIT,2023,17,0,0,0,255,1035,8,29,170,0,nflverse
Pat Freiermuth,TE,TE,PIT,2023,11,0,0,0,0,0,0,32,308,2,nflverse
Ja'Marr Chase,WR,WR,CIN,2023,16,-7,0,0,3,-6,0,100,1216,7,nflverse
Khalil Herbert,RB,RB,CHI,2023,12,0,0,0,132,611,2,20,134,1,nflverse
DeVonta Smith,WR,WR,PHI,2023,16,0,0,0,0,0,0,81,1066,7,nflverse
Kadarius Toney,WR,WR,KC,2023,13,0,0,0,11,31,0,27,169,1,nflverse
Kenneth Gainwell,RB,RB,PHI,2023,16,17,0,0,84,364,2,30,183,0,nflverse
Michael Carter,RB,RB,ARI,2023,15,0,0,0,30,187,0,24,101,1,nflverse
Rondale Moore,WR,WR,ARI,2023,17,0,0,0,28,178,1,40,352,1,nflverse
Justin Fields,QB,QB,CHI,2023,13,2562,16,9,124,657,4,0,0,0,nflverse
Amon-Ra St. Brown,WR,WR,DET,2023,16,0,0,0,4,24,0,119,1515,10,nflverse
Kyle Pitts,TE,TE,ATL,2023,17,0,0,0,1,-4,0,53,667,3,nflverse
Trevor Lawrence,QB,QB,JAX,2023,16,4016,21,14,70,339,4,0,0,0,nflverse
Mac Jones,QB,QB,NE,2023,11,2120,10,12,26,96,0,0,0,0,nflverse
Travis Etienne,RB,RB,JAX,2023,17,0,0,0,267,1008,11,58,476,1,nflverse
Elijah Moore,WR,WR,CLE,2023,16,0,0,0,9,11,0,59,640,2,nflverse
Josh Palmer,WR,WR,LAC,2023,10,0,0,0,1,6,0,38,581,2,nflverse
Javonte Williams,RB,RB,DEN,2023,16,0,0,0,217,774,3,47,228,2,nflverse
Tommy Tremble,TE,TE,CAR,2023,15,0,0,0,0,0,0,23,194,3,nflverse
Zach Wilson,QB,QB,NYJ,2023,12,2271,8,7,36,211,0,0,0,0,nflverse
Sam Howell,QB,QB,WAS,2023,17,3946,21,21,48,263,5,1,4,0,nflverse
Isiah Pacheco,RB,RB,KC,2023,14,0,0,0,205,935,7,44,244,2,nflverse
Jaylen Warren,RB,RB,PIT,2023,17,0,0,0,149,784,4,61,370,0,nflverse
Drake London,WR,WR,ATL,2023,16,22,0,0,0,0,0,69,905,2,nflverse
Chris Olave,WR,WR,NO,2023,16,0,0,0,0,0,0,87,1123,5,nflverse
Jameson Williams,WR,WR,DET,2023,12,0,0,0,3,29,1,24,354,2,nflverse
George Pickens,WR,WR,PIT,2023,17,0,0,0,3,18,0,63,1140,5,nflverse
James Cook,RB,RB,BUF,2023,17,0,0,0,237,1122,2,44,445,4,nflverse
Rachaad White,RB,RB,TB,2023,17,0,0,0,272,990,6,64,549,3,nflverse
David Bell,WR,WR,CLE,2023,9,0,0,0,0,0,0,14,167,3,nflverse
Dameon Pierce,RB,RB,HOU,2023,14,0,0,0,145,416,2,13,101,0,nflverse
Khalil Shakir,WR,WR,BUF,2023,16,0,0,0,1,10,0,39,611,2,nflverse
Tyler Allgeier,RB,RB,ATL,2023,17,0,0,0,186,683,4,18,193,1,nflverse
Jerome Ford,RB,RB,CLE,2023,17,0,0,0,204,813,4,44,319,5,nflverse
Ty Chandler,RB,RB,MIN,2023,16,0,0,0,102,461,3,21,159,0,nflverse
Andrew Ogletree,TE,TE,IND,2023,11,0,0,0,0,0,0,9,147,2,nflverse
Brandon Johnson,WR,WR,DEN,2023,10,0,0,0,0,0,0,19,284,4,nflverse
Jordan Mason,RB,RB,SF,2023,16,0,0,0,40,206,3,3,31,0,nflverse
Rashid Shaheed,WR,WR,NO,2023,15,0,0,0,7,37,0,46,719,5,nflverse
Alec Pierce,WR,WR,IND,2023,17,0,0,0,0,0,0,32,514,2,nflverse
Jalen Tolbert,WR,WR,DAL,2023,14,0,0,0,0,0,0,22,268,2,nflverse
Garrett Wilson,WR,WR,NYJ,2023,17,0,0,0,4,0,0,95,1042,3,nflverse
Jahan Dotson,WR,WR,WAS,2023,17,0,0,0,0,0,0,49,518,4,nflverse
Treylon Burks,WR,WR,TEN,2023,9,0,0,0,5,18,0,16,221,0,nflverse
Trey McBride,TE,TE,ARI,2023,17,0,0,0,0,0,0,81,825,3,nflverse
Brian Robinson,RB,RB,WAS,2023,15,0,0,0,178,733,5,36,368,4,nflverse
KaVontae Turpin,WR,WR,DAL,2023,16,0,0,0,11,110,1,12,127,3,nflverse
Chig Okonkwo,TE,TE,TEN,2023,17,0,0,0,2,6,0,54,528,1,nflverse
Romeo Doubs,WR,WR,GB,2023,17,0,0,0,0,0,0,59,674,8,nflverse
Brock Purdy,QB,QB,SF,2023,16,4280,31,11,39,144,2,0,0,0,nflverse
Calvin Austin III,WR,WR,PIT,2023,16,0,0,0,11,57,1,17,180,1,nflverse
Isaiah Likely,TE,TE,BAL,2023,14,0,0,0,0,0,0,30,411,5,nflverse
Kyren Williams,RB,RB,LA,2023,12,0,0,0,228,1144,12,32,206,3,nflverse
Zamir White,RB,RB,LV,2023,13,0,0,0,104,451,1,15,98,0,nflverse
Jake Ferguson,TE,TE,DAL,2023,17,0,0,0,0,0,0,71,761,5,nflverse
Skyy Moore,WR,WR,KC,2023,13,0,0,0,3,23,0,21,244,1,nflverse
Pierre Strong,RB,RB,CLE,2023,16,0,0,0,63,291,1,5,47,0,nflverse
Kenny Pickett,QB,QB,PIT,2023,12,2070,6,4,42,54,1,0,0,0,nflverse
Bailey Zappe,QB,QB,NE,2023,10,1272,6,9,17,83,1,0,0,0,nflverse
Daniel Bellinger,TE,TE,NYG,2023,14,0,0,0,0,0,0,25,255,0,nflverse
Wan'Dale Robinson,WR,WR,NYG,2023,15,0,0,0,9,87,1,60,525,1,nflverse
Breece Hall,RB,RB,NYJ,2023,17,0,0,0,223,994,5,76,591,4,nflverse
Desmond Ridder,QB,QB,ATL,2023,15,2836,12,12,53,193,5,1,-6,0,nflverse
Christian Watson,WR,WR,GB,2023,9,0,0,0,4,11,0,28,422,5,nflverse
Cade Otton,TE,TE,TB,2023,17,0,0,0,0,0,0,47,455,4,nflverse
Kenneth Walker III,RB,RB,SEA,2023,15,0,0,0,219,905,8,29,259,1,nflverse
Dontayvion Wicks,WR,WR,GB,2023,15,14,0,0,1,1,0,39,581,4,nflverse
Will Mallory,TE,TE,IND,2023,11,0,0,0,0,0,0,18,207,0,nflverse
Tyson Bagent,QB,QB,CHI,2023,5,859,3,6,23,109,2,0,0,0,nflverse
Keaton Mitchell,RB,RB,BAL,2023,7,0,0,0,47,396,2,9,93,0,nflverse
Tommy DeVito,QB,QB,NYG,2023,9,1101,8,3,36,195,1,0,0,0,nflverse
Xavier Gipson,WR,WR,NYJ,2023,17,0,0,0,8,68,1,21,229,0,nflverse
Bijan Robinson,RB,RB,ATL,2023,17,0,0,0,214,976,4,58,487,4,nflverse
Jaxon Smith-Njigba,WR,WR,SEA,2023,17,0,0,0,0,0,0,63,628,4,nflverse
Quentin Johnston,WR,WR,LAC,2023,17,0,0,0,3,9,0,38,431,2,nflverse
Luke Schoonmaker,TE,TE,DAL,2023,12,0,0,0,0,0,0,8,65,2,nflverse
Kendre Miller,RB,RB,NO,2023,7,0,0,0,41,156,1,10,117,0,nflverse
Tank Bigsby,RB,RB,JAX,2023,13,0,0,0,50,132,2,1,6,0,nflverse
Michael Wilson,WR,WR,ARI,2023,13,0,0,0,0,0,0,38,565,3,nflverse
Tre Tucker,WR,WR,LV,2023,13,0,0,0,10,77,0,19,331,2,nflverse
Aidan O'Connell,QB,QB,LV,2023,11,2218,12,7,17,11,1,0,0,0,nflverse
Chase Brown,RB,RB,CIN,2023,12,0,0,0,44,179,0,14,156,1,nflverse
Parker Washington,WR,WR,JAX,2023,8,0,0,0,0,0,0,16,132,2,nflverse
Chris Rodriguez Jr.,RB,RB,WAS,2023,9,0,0,0,51,247,2,2,12,0,nflverse
A.T. Perry,WR,WR,NO,2023,8,0,0,0,0,0,0,12,246,4,nflverse
Andrei Iosivas,WR,WR,CIN,2023,11,0,0,0,0,0,0,15,116,4,nflverse
DeMario Douglas,WR,WR,NE,2023,14,0,0,0,8,41,0,49,561,0,nflverse
Ronnie Bell,WR,WR,SF,2023,13,0,0,0,0,0,0,6,68,3,nflverse
Emari Demercado,RB,RB,ARI,2023,11,0,0,0,58,284,2,21,119,0,nflverse
Jake Bobo,WR,WR,SEA,2023,14,0,0,0,1,3,1,19,196,2,nflverse
Jaleel McLaughlin,RB,RB,DEN,2023,17,0,0,0,76,410,1,31,160,2,nflverse
Dalton Kincaid,TE,TE,BUF,2023,16,0,0,0,0,0,0,73,673,2,nflverse
Jalin Hyatt,WR,WR,NYG,2023,13,0,0,0,0,0,0,23,373,0,nflverse
Tyler Scott,WR,WR,CHI,2023,13,0,0,0,7,41,0,17,168,0,nflverse
Marvin Mims Jr.,WR,WR,DEN,2023,16,0,0,0,9,30,0,22,377,1,nflverse
Tank Dell,WR,WR,HOU,2023,10,0,0,0,11,51,0,47,709,7,nflverse
Cedric Tillman,WR,WR,CLE,2023,11,0,0,0,1,8,0,21,224,0,nflverse
Jordan Addison,WR,WR,MIN,2023,17,0,0,0,1,2,0,70,911,10,nflverse
Tucker Kraft,TE,TE,GB,2023,14,0,0,0,0,0,0,31,355,2,nflverse
Josh Downs,WR,WR,IND,2023,17,0,0,0,0,0,0,68,771,2,nflverse
Roschon Johnson,RB,RB,CHI,2023,15,0,0,0,81,352,2,34,209,0,nflverse
Tyjae Spears,RB,RB,TEN,2023,17,0,0,0,100,453,2,52,385,1,nflverse
De'Von Achane,RB,RB,MIA,2023,11,0,0,0,103,800,8,27,197,3,nflverse
Trey Palmer,WR,WR,TB,2023,17,0,0,0,3,22,0,39,385,3,nflverse
Jonathan Mingo,WR,WR,CAR,2023,15,0,0,0,0,0,0,43,418,0,nflverse
Zay Flowers,WR,WR,BAL,2023,16,0,0,0,8,56,1,77,858,5,nflverse
Sam LaPorta,TE,TE,DET,2023,17,0,0,0,1,4,0,86,889,10,nflverse
Michael Mayer,TE,TE,LV,2023,13,0,0,0,0,0,0,27,304,2,nflverse
Rashee Rice,WR,WR,KC,2023,16,0,0,0,1,-3,0,79,938,7,nflverse
Puka Nacua,WR,WR,LA,2023,17,0,0,0,12,89,0,105,1486,6,nflverse
Jahmyr Gibbs,RB,RB,DET,2023,15,0,0,0,182,945,10,52,316,1,nflverse
Luke Musgrave,TE,TE,GB,2023,11,0,0,0,0,0,0,34,352,1,nflverse
Jayden Reed,WR,WR,GB,2023,16,0,0,0,11,119,2,64,793,8,nflverse
Bryce Young,QB,QB,CAR,2023,16,2877,11,10,39,253,0,0,0,0,nflverse
Will Levis,QB,QB,TEN,2023,9,1808,8,4,25,57,1,0,0,0,nflverse
C.J. Stroud,QB,QB,HOU,2023,15,4108,23,5,39,167,3,1,0,0,nflverse
Anthony Richardson,QB,QB,IND,2023,4,577,3,1,25,136,4,0,0,0,nflverse
Zach Charbonnet,RB,RB,SEA,2023,16,0,0,0,108,462,1,33,209,0,nflverse
Aaron Rodgers,QB,QB,NYJ,2024,17,3897,28,11,22,107,0,0,0,0,nflverse
Joe Flacco,QB,QB,IND,2024,7,1761,12,7,9,26,0,0,0,0,nflverse
Matthew Stafford,QB,QB,LA,2024,16,3762,20,8,30,41,0,0,0,0,nflverse
Andy Dalton,QB,QB,CAR,2024,6,989,7,6,11,34,0,0,0,0,nflverse
Tyrod Taylor,QB,QB,NYJ,2024,2,119,3,0,3,13,0,0,0,0,nflverse
Russell Wilson,QB,QB,PIT,2024,11,2482,16,5,43,155,2,0,0,0,nflverse
Kirk Cousins,QB,QB,ATL,2024,14,3508,18,16,23,0,0,0,0,0,nflverse
Kyle Juszczyk,FB,RB,SF,2024,14,0,0,0,5,26,1,19,200,2,nflverse
Adam Thielen,WR,WR,CAR,2024,10,0,0,0,0,0,0,48,615,5,nflverse
Zach Ertz,TE,TE,WAS,2024,17,0,0,0,0,0,0,66,654,7,nflverse
Keenan Allen,WR,WR,CHI,2024,15,0,0,1,0,0,0,70,744,7,nflverse
Robert Woods,WR,WR,HOU,2024,14,0,0,0,0,0,0,20,203,0,nflverse
Travis Kelce,TE,TE,KC,2024,16,0,0,0,1,1,0,97,823,3,nflverse
DeAndre Hopkins,WR,WR,KC,2024,16,0,0,0,0,0,0,56,610,5,nflverse
Geno Smith,QB,QB,SEA,2024,17,4320,21,15,53,272,2,0,0,0,nflverse
Cordarrelle Patterson,RB,RB,PIT,2024,13,0,0,0,32,135,0,12,80,1,nflverse
Brandin Cooks,WR,WR,DAL,2024,10,0,0,0,3,-3,0,26,259,3,nflverse
Derek Carr,QB,QB,NO,2024,10,2145,15,5,17,71,1,0,0,0,nflverse
Davante Adams,WR,WR,NYJ,2024,14,0,0,0,0,0,0,85,1063,8,nflverse
Mike Evans,WR,WR,TB,2024,14,0,0,0,0,0,0,74,1004,11,nflverse
Jameis Winston,QB,QB,CLE,2024,11,2121,13,12,25,83,1,0,0,0,nflverse
Amari Cooper,WR,WR,BUF,2024,13,0,0,0,0,0,0,44,547,4,nflverse
Nelson Agholor,WR,WR,BAL,2024,13,0,0,0,0,0,0,14,231,2,nflverse
Stefon Diggs,WR,WR,HOU,2024,8,13,0,0,3,8,1,47,496,3,nflverse
Michael Burton,FB,RB,DEN,2024,12,0,0,0,7,8,1,10,65,1,nflverse
Raheem Mostert,RB,RB,MIA,2024,13,0,0,0,85,278,2,19,161,0,nflverse
Jamison Crowder,WR,WR,WAS,2024,5,0,0,0,0,0,0,9,72,2,nflverse
Ameer Abdullah,RB,RB,LV,2024,15,0,0,0,66,311,2,40,261,3,nflverse
Tyler Lockett,WR,WR,SEA,2024,17,0,0,0,0,0,0,49,600,2,nflverse
Marcus Mariota,QB,QB,WAS,2024,3,364,4,0,18,92,1,0,0,0,nflverse
Sterling Shepard,WR,WR,TB,2024,13,0,0,0,8,69,0,32,334,1,nflverse
Austin Hooper,TE,TE,NE,2024,17,0,0,0,0,0,0,45,476,3,nflverse
Nick Vannett,TE,TE,TEN,2024,12,0,0,0,0,0,0,17,135,3,nflverse
Kalif Raymond,WR,WR,DET,2024,12,0,0,0,2,0,0,17,215,2,nflverse
Derrick Henry,RB,RB,BAL,2024,17,0,0,0,325,1921,16,19,193,2,nflverse
Demarcus Robinson,WR,WR,LA,2024,17,0,0,0,0,0,0,31,505,7,nflverse
Tyler Boyd,WR,WR,TEN,2024,15,0,0,0,1,3,0,39,390,0,nflverse
Tyreek Hill,WR,WR,MIA,2024,17,0,0,0,8,53,0,81,959,6,nflverse
Ezekiel Elliott,RB,RB,DAL,2024,15,0,0,0,74,226,3,12,69,0,nflverse
Dak Prescott,QB,QB,DAL,2024,8,1978,11,8,13,54,1,0,0,0,nflverse
Hunter Henry,TE,TE,NE,2024,16,0,0,0,0,0,0,66,674,2,nflverse
Jared Goff,QB,QB,DET,2024,17,4629,37,12,35,56,0,1,7,1,nflverse
Tyler Higbee,TE,TE,LA,2024,3,0,0,0,0,0,0,8,66,2,nflverse
Jacoby Brissett,QB,QB,NE,2024,7,826,2,1,15,62,0,0,0,0,nflverse
Johnny Mundt,TE,TE,MIN,2024,14,0,0,0,0,0,0,19,142,2,nflverse
Christian McCaffrey,RB,RB,SF,2024,4,0,0,0,50,202,0,15,146,0,nflverse
Curtis Samuel,WR,WR,BUF,2024,14,0,0,0,5,14,0,31,253,1,nflverse
George Kittle,TE,TE,SF,2024,15,0,0,0,0,0,0,78,1106,8,nflverse
Aaron Jones,RB,RB,MIN,2024,17,0,0,0,255,1138,5,51,408,2,nflverse
Kendrick Bourne,WR,WR,NE,2024,12,0,0,0,1,6,0,28,305,1,nflverse
Taysom Hill,TE,TE,NO,2024,8,21,0,1,39,278,6,23,187,0,nflverse
Tim Patrick,WR,WR,DET,2024,15,0,0,0,0,0,0,33,394,3,nflverse
Samaje Perine,RB,RB,KC,2024,17,0,0,0,20,92,1,28,322,1,nflverse
Mike Williams,WR,WR,PIT,2024,14,0,0,0,0,0,0,21,298,1,nflverse
Deshaun Watson,QB,QB,CLE,2024,7,1148,5,3,31,148,1,0,0,0,nflverse
James Conner,RB,RB,ARI,2024,16,0,0,0,236,1094,8,47,414,1,nflverse
Mack Hollins,WR,WR,BUF,2024,17,0,0,0,0,0,0,31,378,5,nflverse
David Moore,WR,WR,CAR,2024,15,0,0,0,1,0,0,32,351,3,nflverse
Noah Brown,WR,WR,WAS,2024,11,0,0,0,0,0,0,35,453,1,nflverse
Cooper Rush,QB,QB,DAL,2024,12,1844,12,5,26,18,0,0,0,0,nflverse
Austin Ekeler,RB,RB,WAS,2024,12,0,0,0,77,367,4,35,366,0,nflverse
Dare Ogunbowale,RB,RB,HOU,2024,16,0,0,0,30,112,0,19,198,1,nflverse
JuJu Smith-Schuster,WR,WR,KC,2024,11,0,0,0,0,0,0,18,231,2,nflverse
Jonnu Smith,TE,TE,MIA,2024,17,0,0,0,2,-1,0,88,884,8,nflverse
Patrick Mahomes,QB,QB,KC,2024,16,3928,26,11,58,307,2,1,2,0,nflverse
Evan Engram,TE,TE,JAX,2024,9,0,0,0,0,0,0,47,365,1,nflverse
David Njoku,TE,TE,CLE,2024,11,0,0,0,0,0,0,64,505,5,nflverse
Joe Mixon,RB,RB,HOU,2024,14,0,0,0,245,1016,11,36,309,1,nflverse
Alvin Kamara,RB,RB,NO,2024,14,0,0,0,228,950,6,68,543,2,nflverse
Cooper Kupp,WR,WR,LA,2024,12,0,0,0,2,10,0,67,710,6,nflverse
Chris Godwin Jr.,WR,WR,TB,2024,7,0,0,0,1,2,0,50,576,5,nflverse
Kareem Hunt,RB,RB,KC,2024,13,0,0,0,200,728,7,23,176,0,nflverse
D'Onta Foreman,RB,RB,CLE,2024,10,0,0,0,71,232,0,6,54,0,nflverse
Jamaal Williams,RB,RB,NO,2024,14,0,0,0,48,164,1,9,57,0,nflverse
Jeremy McNichols,RB,RB,WAS,2024,15,0,0,0,55,261,4,9,27,0,nflverse
Will Dissly,TE,TE,LAC,2024,15,0,0,0,0,0,0,50,481,2,nflverse
Gus Edwards,RB,RB,LAC,2024,11,0,0,0,101,365,4,3,6,0,nflverse
Tyler Conklin,TE,TE,NYJ,2024,16,0,0,0,1,0,0,51,449,4,nflverse
Marquez Valdes-Scantling,WR,WR,NO,2024,13,0,0,0,1,4,0,19,411,4,nflverse
Courtland Sutton,WR,WR,DEN,2024,16,30,1,0,0,0,0,81,1081,8,nflverse
Dallas Goedert,TE,TE,PHI,2024,10,0,0,0,0,0,0,42,496,2,nflverse
Jordan Akins,TE,TE,CLE,2024,16,0,0,0,0,0,0,40,390,2,nflverse
Dalton Schultz,TE,TE,HOU,2024,17,0,0,0,0,0,0,53,532,2,nflverse
Justin Watson,WR,WR,KC,2024,15,0,0,0,0,0,0,22,289,2,nflverse
Ray-Ray McCloud,WR,WR,ATL,2024,17,0,0,0,10,79,0,62,686,1,nflverse
Cedrick Wilson Jr.,WR,WR,NO,2024,13,21,1,0,0,0,0,20,211,1,nflverse
Allen Lazard,WR,WR,NYJ,2024,12,0,0,0,0,0,0,37,530,6,nflverse
Mark Andrews,TE,TE,BAL,2024,17,0,0,0,4,5,0,55,673,11,nflverse
Mason Rudolph,QB,QB,TEN,2024,8,1530,9,9,25,106,1,0,0,0,nflverse
Christian Kirk,WR,WR,JAX,2024,8,0,0,0,0,0,0,27,379,1,nflverse
Nick Chubb,RB,RB,CLE,2024,8,0,0,0,102,332,3,5,31,1,nflverse
Lamar Jackson,QB,QB,BAL,2024,17,4172,41,4,139,915,4,0,0,0,nflverse
DJ Moore,WR,WR,CHI,2024,17,0,0,0,14,75,0,98,966,6,nflverse
Mike Gesicki,TE,TE,CIN,2024,16,0,0,0,0,0,0,65,665,2,nflverse
Calvin Ridley,WR,WR,TEN,2024,17,0,0,0,8,55,1,64,1017,4,nflverse
Saquon Barkley,RB,RB,PHI,2024,16,0,0,0,345,2005,13,33,278,2,nflverse
Baker Mayfield,QB,QB,TB,2024,17,4500,41,16,60,378,3,0,0,0,nflverse
Josh Allen,QB,QB,BUF,2024,16,3731,28,6,102,531,12,0,7,1,nflverse
Sam Darnold,QB,QB,MIN,2024,17,4319,35,12,67,212,1,0,0,0,nflverse
Jakobi Meyers,WR,WR,LV,2024,15,0,0,0,2,23,0,87,1027,4,nflverse
Alexander Mattison,RB,RB,LV,2024,14,0,0,0,132,420,4,36,294,1,nflverse
Justice Hill,RB,RB,BAL,2024,15,0,0,0,47,228,1,42,383,3,nflverse
Foster Moreau,TE,TE,NO,2024,16,0,0,0,0,0,0,32,413,5,nflverse
Olamide Zaccheaus,WR,WR,WAS,2024,16,0,0,0,1,8,0,45,506,3,nflverse
Diontae Johnson,WR,WR,HOU,2024,11,0,0,0,2,6,0,33,375,3,nflverse
Kyler Murray,QB,QB,ARI,2024,17,3851,21,11,78,572,5,0,0,0,nflverse
T.J. Hockenson,TE,TE,MIN,2024,10,0,0,0,0,0,0,41,455,0,nflverse
Miles Sanders,RB,RB,CAR,2024,11,0,0,0,55,205,2,24,148,1,nflverse
Josh Oliver,TE,TE,MIN,2024,12,0,0,0,0,0,0,22,258,3,nflverse
Devin Singletary,RB,RB,NYG,2024,15,0,0,0,113,437,4,21,119,0,nflverse
Tony Pollard,RB,RB,TEN,2024,16,0,0,0,260,1079,5,41,238,0,nflverse
Gardner Minshew,QB,QB,LV,2024,10,2013,9,10,19,58,0,0,0,0,nflverse
Lil'Jordan Humphrey,WR,WR,DEN,2024,14,0,0,0,0,0,0,31,293,1,nflverse
Greg Dortch,WR,WR,ARI,2024,17,0,0,0,5,31,0,37,342,3,nflverse
Darius Slayton,WR,WR,NYG,2024,16,0,0,0,2,17,0,39,573,2,nflverse
Ty Johnson,RB,RB,BUF,2024,17,0,0,0,41,213,1,18,284,3,nflverse
D'Ernest Johnson,RB,RB,JAX,2024,12,0,0,0,32,143,0,12,96,0,nflverse
DK Metcalf,WR,WR,SEA,2024,15,0,0,0,0,0,0,66,992,5,nflverse
Noah Fant,TE,TE,SEA,2024,14,0,0,0,0,0,0,48,500,1,nflverse
Terry McLaurin,WR,WR,WAS,2024,17,0,0,0,2,2,0,82,1096,13,nflverse
A.J. Brown,WR,WR,PHI,2024,13,0,0,0,0,0,0,67,1079,7,nflverse
David Montgomery,RB,RB,DET,2024,14,3,1,0,185,775,12,36,341,0,nflverse
Dawson Knox,TE,TE,BUF,2024,14,0,0,0,0,0,0,22,311,1,nflverse
Josh Jacobs,RB,RB,GB,2024,17,0,0,0,301,1329,15,36,342,1,nflverse
Drew Lock,QB,QB,NYG,2024,7,1071,6,5,18,133,2,0,0,0,nflverse
Daniel Jones,QB,QB,NYG,2024,10,2070,8,7,67,265,2,0,0,0,nflverse
Deebo Samuel Sr.,WR,WR,SF,2024,15,0,0,0,42,136,1,51,670,3,nflverse
Patrick Taylor,RB,RB,SF,2024,7,0,0,0,39,183,1,3,25,0,nflverse
Tyler Huntley,QB,QB,MIA,2024,5,829,3,3,26,135,2,0,0,0,nflverse
Juwan Johnson,TE,TE,NO,2024,15,0,0,0,0,0,0,50,548,3,nflverse
Rico Dowdle,RB,RB,DAL,2024,16,0,0,0,235,1079,2,39,249,3,nflverse
J.K. Dobbins,RB,RB,LAC,2024,13,0,0,0,195,905,9,32,153,0,nflverse
Nick Westbrook-Ikhine,WR,WR,TEN,2024,14,0,0,0,0,0,0,32,497,9,nflverse
Gabe Davis,WR,WR,JAX,2024,10,0,0,0,0,0,0,20,239,2,nflverse
Tua Tagovailoa,QB,QB,MIA,2024,11,2867,19,7,17,49,0,0,0,0,nflverse
Jonathan Taylor,RB,RB,IND,2024,14,0,0,0,303,1431,11,18,136,1,nflverse
Colby Parkinson,TE,TE,LA,2024,16,0,0,0,0,0,0,30,294,1,nflverse
Zack Moss,RB,RB,CIN,2024,8,0,0,0,74,242,2,23,187,1,nflverse
Michael Pittman,WR,WR,IND,2024,16,0,0,0,0,0,0,69,808,3,nflverse
Jauan Jennings,WR,WR,SF,2024,15,0,0,0,0,0,0,77,975,6,nflverse
Brandon Aiyuk,WR,WR,SF,2024,7,0,0,0,0,0,0,25,374,0,nflverse
Jordan Love,QB,QB,GB,2024,15,3389,25,11,25,83,1,0,0,0,nflverse
D'Andre Swift,RB,RB,CHI,2024,17,0,0,0,253,959,6,42,386,0,nflverse
Cole Kmet,TE,TE,CHI,2024,16,0,0,0,0,0,0,47,474,4,nflverse
Darnell Mooney,WR,WR,ATL,2024,16,0,0,0,0,0,0,64,992,5,nflverse
Justin Jefferson,WR,WR,MIN,2024,17,22,0,0,1,3,0,103,1533,10,nflverse
Antonio Gibson,RB,RB,NE,2024,17,0,0,0,120,538,1,23,206,0,nflverse
Justin Herbert,QB,QB,LAC,2024,17,3870,23,3,69,306,2,0,0,0,nflverse
CeeDee Lamb,WR,WR,DAL,2024,15,0,0,0,14,70,0,101,1194,6,nflverse
Jalen Hurts,QB,QB,PHI,2024,15,2903,18,5,150,630,14,0,0,0,nflverse
Jerry Jeudy,WR,WR,CLE,2024,17,0,0,0,0,0,0,90,1229,4,nflverse
Tee Higgins,WR,WR,CIN,2024,12,0,0,0,0,0,0,73,911,10,nflverse
Cam Akers,RB,RB,MIN,2024,16,0,0,0,104,444,2,14,68,3,nflverse
Van Jefferson,WR,WR,PIT,2024,15,0,0,0,0,0,0,24,276,2,nflverse
Adam Trautman,TE,TE,DEN,2024,13,0,0,0,0,0,0,13,188,2,nflverse
Tyler Johnson,WR,WR,LA,2024,11,0,0,0,0,0,0,26,291,1,nflverse
Joe Burrow,QB,QB,CIN,2024,17,4918,43,9,42,201,2,0,0,0,nflverse
DJ Turner,WR,WR,LV,2024,12,0,0,0,5,33,1,16,158,1,nflverse
Rashod Bateman,WR,WR,BAL,2024,16,0,0,0,0,0,0,45,756,9,nflverse
Nico Collins,WR,WR,HOU,2024,12,0,0,0,0,0,0,68,1006,7,nflverse
Chuba Hubbard,RB,RB,CAR,2024,15,0,0,0,250,1195,10,43,171,1,nflverse
Jaylen Waddle,WR,WR,MIA,2024,15,0,0,0,4,12,0,58,744,2,nflverse
Dyami Brown,WR,WR,WAS,2024,15,0,0,0,3,26,0,30,308,1,nflverse
Noah Gray,TE,TE,KC,2024,16,0,0,0,1,-4,0,40,437,5,nflverse
Brock Wright,TE,TE,DET,2024,11,0,0,0,0,0,0,13,100,2,nflverse
Tutu Atwell,WR,WR,LA,2024,15,0,0,0,2,7,0,42,562,0,nflverse
Rhamondre Stevenson,RB,RB,NE,2024,15,0,0,0,207,801,7,33,168,1,nflverse
Najee Harris,RB,RB,PIT,2024,17,0,0,0,263,1043,6,36,283,0,nflverse
Pat Freiermuth,TE,TE,PIT,2024,17,0,0,0,0,0,0,65,653,7,nflverse
Ja'Marr Chase,WR,WR,CIN,2024,17,0,0,0,3,32,0,127,1708,17,nflverse
DeVonta Smith,WR,WR,PHI,2024,13,0,0,0,1,1,0,68,833,8,nflverse
Kenneth Gainwell,RB,RB,PHI,2024,17,0,0,0,75,290,1,16,116,0,nflverse
Justin Fields,QB,QB,PIT,2024,10,1106,5,1,62,289,5,0,0,0,nflverse
Amon-Ra St. Brown,WR,WR,DET,2024,17,7,1,0,2,6,0,115,1263,12,nflverse
Kyle Pitts,TE,TE,ATL,2024,17,0,0,0,0,0,0,47,602,4,nflverse
Trevor Lawrence,QB,QB,JAX,2024,10,2045,11,7,26,119,3,0,-5,0,nflverse
Mac Jones,QB,QB,JAX,2024,10,1672,8,8,28,92,1,0,0,0,nflverse
Travis Etienne,RB,RB,JAX,2024,15,0,0,0,150,558,2,39,254,0,nflverse
Elijah Moore,WR,WR,CLE,2024,17,0,0,0,1,1,0,61,538,1,nflverse
Trey Sermon,RB,RB,IND,2024,15,0,0,0,56,159,2,16,99,0,nflverse
Josh Palmer,WR,WR,LAC,2024,15,0,0,0,0,0,0,39,584,1,nflverse
Javonte Williams,RB,RB,DEN,2024,17,0,0,0,139,513,4,52,346,0,nflverse
Tommy Tremble,TE,TE,CAR,2024,10,0,0,0,0,0,0,23,234,2,nflverse
Grant Calcaterra,TE,TE,PHI,2024,15,0,0,0,0,0,0,24,298,1,nflverse
Tyler Goodson,RB,RB,IND,2024,14,0,0,0,32,153,1,11,61,1,nflverse
Isiah Pacheco,RB,RB,KC,2024,7,0,0,0,83,310,1,12,79,0,nflverse
Jaylen Warren,RB,RB,PIT,2024,15,0,0,0,120,511,1,38,310,0,nflverse
Drake London,WR,WR,ATL,2024,17,0,0,0,1,-3,0,100,1271,9,nflverse
Chris Olave,WR,WR,NO,2024,8,0,0,0,1,7,0,32,400,1,nflverse
Jameson Williams,WR,WR,DET,2024,15,0,0,0,11,61,1,58,1001,7,nflverse
George Pickens,WR,WR,PIT,2024,14,0,0,0,2,-6,0,59,900,3,nflverse
James Cook,RB,RB,BUF,2024,16,0,0,0,207,1009,16,32,258,2,nflverse
Rachaad White,RB,RB,TB,2024,15,0,0,0,144,613,3,51,393,6,nflverse
Dameon Pierce,RB,RB,HOU,2024,10,0,0,0,40,293,2,2,2,0,nflverse
Khalil Shakir,WR,WR,BUF,2024,15,0,0,0,2,4,0,76,821,4,nflverse
Tyler Allgeier,RB,RB,ATL,2024,17,0,0,0,137,644,3,13,88,0,nflverse
Jerome Ford,RB,RB,CLE,2024,14,0,0,0,104,565,3,37,225,0,nflverse
Ty Chandler,RB,RB,MIN,2024,14,0,0,0,56,182,0,6,42,0,nflverse
Jalen Nailor,WR,WR,MIN,2024,15,0,0,0,3,-4,0,28,414,6,nflverse
Stone Smartt,TE,TE,LAC,2024,9,0,0,0,0,0,0,16,208,0,nflverse
Sincere McCormick,RB,RB,LV,2024,4,0,0,0,39,183,0,6,29,0,nflverse
Jordan Mason,RB,RB,SF,2024,12,0,0,0,153,789,3,11,91,0,nflverse
Rashid Shaheed,WR,WR,NO,2024,6,0,0,0,6,29,0,20,349,3,nflverse
John Metchie III,WR,WR,HOU,2024,10,0,0,0,0,0,0,24,254,1,nflverse
Hassan Haskins,RB,RB,LAC,2024,12,0,0,0,34,89,2,3,49,1,nflverse
Alec Pierce,WR,WR,IND,2024,16,0,0,0,0,0,0,37,824,7,nflverse
Jalen Tolbert,WR,WR,DAL,2024,17,0,0,0,0,0,0,49,610,7,nflverse
Garrett Wilson,WR,WR,NYJ,2024,17,0,0,0,2,5,0,101,1104,7,nflverse
Jahan Dotson,WR,WR,PHI,2024,14,0,0,0,1,13,0,19,216,0,nflverse
Trey McBride,TE,TE,ARI,2024,16,0,0,0,1,2,1,111,1146,2,nflverse
Brian Robinson,RB,RB,WAS,2024,14,0,0,0,187,799,8,20,159,0,nflverse
KaVontae Turpin,WR,WR,DAL,2024,17,0,0,0,16,92,0,31,420,2,nflverse
Chig Okonkwo,TE,TE,TEN,2024,16,0,0,0,1,17,0,52,479,2,nflverse
Romeo Doubs,WR,WR,GB,2024,13,0,0,0,0,0,0,46,601,4,nflverse
Brock Purdy,QB,QB,SF,2024,15,3864,20,12,66,323,5,0,0,0,nflverse
Calvin Austin III,WR,WR,PIT,2024,17,0,0,0,0,0,0,36,548,4,nflverse
Isaiah Likely,TE,TE,BAL,2024,15,0,0,0,0,0,0,42,477,6,nflverse
Kyren Williams,RB,RB,LA,2024,16,0,0,0,316,1299,14,34,182,2,nflverse
Zamir White,RB,RB,LV,2024,8,0,0,0,65,183,1,6,30,0,nflverse
Jake Ferguson,TE,TE,DAL,2024,14,0,0,0,0,0,0,59,494,0,nflverse
Pierre Strong,RB,RB,CLE,2024,13,0,0,0,26,108,0,14,104,0,nflverse
Wan'Dale Robinson,WR,WR,NYG,2024,17,0,0,0,3,18,0,93,699,3,nflverse
Breece Hall,RB,RB,NYJ,2024,16,0,0,0,209,876,5,57,483,3,nflverse
Christian Watson,WR,WR,GB,2024,14,0,0,0,4,23,0,29,620,2,nflverse
Malik Willis,QB,QB,GB,2024,6,550,3,0,20,138,1,0,0,0,nflverse
Cade Otton,TE,TE,TB,2024,14,0,0,0,1,-4,0,59,600,4,nflverse
Kenneth Walker III,RB,RB,SEA,2024,11,0,0,0,153,573,7,46,299,1,nflverse
Dontayvion Wicks,WR,WR,GB,2024,17,0,0,0,0,0,0,39,415,5,nflverse
Tanner McKee,QB,QB,PHI,2024,2,323,4,0,5,-1,0,0,0,0,nflverse
Malik Heath,WR,WR,GB,2024,5,0,0,0,0,0,0,10,97,2,nflverse
Bijan Robinson,RB,RB,ATL,2024,17,0,0,0,304,1456,14,61,431,1,nflverse
Jaxon Smith-Njigba,WR,WR,SEA,2024,17,35,0,0,5,26,0,100,1130,6,nflverse
Quentin Johnston,WR,WR,LAC,2024,15,0,0,0,3,6,0,55,711,8,nflverse
Luke Schoonmaker,TE,TE,DAL,2024,12,0,0,0,0,0,0,27,241,1,nflverse
Tank Bigsby,RB,RB,JAX,2024,16,0,0,0,168,766,7,7,54,0,nflverse
Darnell Washington,TE,TE,PIT,2024,13,0,0,0,0,0,0,19,200,1,nflverse
Michael Wilson,WR,WR,ARI,2024,16,0,0,0,1,7,0,47,548,4,nflverse
Tre Tucker,WR,WR,LV,2024,17,0,0,0,9,44,1,47,539,3,nflverse
Derius Davis,WR,WR,LAC,2024,15,0,0,0,12,39,0,13,112,2,nflverse
Aidan O'Connell,QB,QB,LV,2024,9,1612,8,4,21,30,1,0,0,0,nflverse
Josh Whyle,TE,TE,TEN,2024,15,0,0,0,0,0,0,28,248,1,nflverse
Chase Brown,RB,RB,CIN,2024,16,0,0,0,229,990,7,54,360,4,nflverse
Parker Washington,WR,WR,JAX,2024,14,0,0,0,0,0,0,32,390,3,nflverse
Kayshon Boutte,WR,WR,NE,2024,15,0,0,0,0,0,0,43,589,3,nflverse
Chris Rodriguez Jr.,RB,RB,WAS,2024,7,0,0,0,35,173,2,1,12,0,nflverse
Andrei Iosivas,WR,WR,CIN,2024,17,0,0,0,0,0,0,36,479,6,nflverse
DeMario Douglas,WR,WR,NE,2024,16,0,0,0,3,16,0,66,621,3,nflverse
Chris Brooks,RB,RB,GB,2024,11,0,0,0,36,183,1,11,69,0,nflverse
Emari Demercado,RB,RB,ARI,2024,13,0,0,0,24,223,1,16,104,0,nflverse
Nate Adkins,TE,TE,DEN,2024,15,0,0,0,0,0,0,14,115,3,nflverse
Jaleel McLaughlin,RB,RB,DEN,2024,16,0,0,0,113,496,1,24,76,2,nflverse
Emanuel Wilson,RB,RB,GB,2024,17,0,0,0,103,502,4,11,48,1,nflverse
Ryan Miller,WR,WR,TB,2024,9,0,0,0,0,0,0,12,128,2,nflverse
Dalton Kincaid,TE,TE,BUF,2024,13,0,0,0,0,0,0,44,448,2,nflverse
Brenton Strange,TE,TE,JAX,2024,14,0,0,0,0,0,0,40,411,2,nflverse
Sean Tucker,RB,RB,TB,2024,17,0,0,0,50,308,2,9,109,1,nflverse
Marvin Mims Jr.,WR,WR,DEN,2024,17,0,0,0,13,42,0,39,503,6,nflverse
Tank Dell,WR,WR,HOU,2024,14,0,0,0,9,43,0,51,667,3,nflverse
Cedric Tillman,WR,WR,CLE,2024,9,0,0,0,1,-5,0,29,339,3,nflverse
Jordan Addison,WR,WR,MIN,2024,15,0,0,0,3,20,1,63,875,9,nflverse
Tucker Kraft,TE,TE,GB,2024,17,0,0,0,3,6,0,50,707,7,nflverse
Josh Downs,WR,WR,IND,2024,14,0,0,0,1,12,0,72,803,5,nflverse
Roschon Johnson,RB,RB,CHI,2024,13,0,0,0,55,150,6,16,104,0,nflverse
Tyjae Spears,RB,RB,TEN,2024,12,0,0,0,84,312,4,30,224,1,nflverse
De'Von Achane,RB,RB,MIA,2024,17,0,0,0,203,907,6,78,592,6,nflverse
Elijah Higgins,TE,TE,ARI,2024,15,0,0,0,0,0,0,20,172,2,nflverse
Payne Durham,TE,TE,TB,2024,8,0,0,0,0,0,0,11,115,2,nflverse
Zay Flowers,WR,WR,BAL,2024,17,0,0,0,9,56,0,74,1059,4,nflverse
Sam LaPorta,TE,TE,DET,2024,16,0,0,0,0,0,0,60,726,7,nflverse
Rashee Rice,WR,WR,KC,2024,4,0,0,0,1,1,0,24,288,2,nflverse
Puka Nacua,WR,WR,LA,2024,11,0,0,0,11,46,1,79,990,3,nflverse
Jahmyr Gibbs,RB,RB,DET,2024,17,0,0,0,250,1412,16,52,517,4,nflverse
Jayden Reed,WR,WR,GB,2024,17,0,0,0,20,163,1,55,857,6,nflverse
Bryce Young,QB,QB,CAR,2024,14,2403,15,9,43,249,6,0,0,0,nflverse
Will Levis,QB,QB,TEN,2024,12,2091,13,12,45,183,0,0,0,0,nflverse
C.J. Stroud,QB,QB,HOU,2024,17,3727,20,12,52,233,0,0,0,0,nflverse
Anthony Richardson,QB,QB,IND,2024,11,1814,8,12,86,499,6,1,-1,0,nflverse
Zach Charbonnet,RB,RB,SEA,2024,17,0,0,0,135,569,8,42,340,1,nflverse
Carson Steele,RB,RB,KC,2024,13,0,0,0,56,183,0,7,26,0,nflverse
Malik Nabers,WR,WR,NYG,2024,15,0,0,0,5,2,0,109,1204,7,nflverse
Brock Bowers,TE,TE,LV,2024,17,0,0,0,5,13,0,112,1194,5,nflverse
Xavier Legette,WR,WR,CAR,2024,15,0,0,0,6,24,0,49,497,4,nflverse
Ja'Tavion Sanders,TE,TE,CAR,2024,15,0,0,0,0,0,0,33,342,1,nflverse
Bucky Irving,RB,RB,TB,2024,17,0,0,0,207,1122,8,47,392,0,nflverse
Isaac Guerendo,RB,RB,SF,2024,16,0,0,0,84,420,4,15,152,0,nflverse
Audric Estimé,RB,RB,DEN,2024,13,0,0,0,76,310,2,5,27,0,nflverse
Spencer Rattler,QB,QB,NO,2024,7,1317,4,5,18,146,0,0,0,0,nflverse
Tyrone Tracy Jr.,RB,RB,NYG,2024,17,0,0,0,192,839,5,38,284,1,nflverse
Kimani Vidal,RB,RB,LAC,2024,9,0,0,0,43,155,0,5,62,1,nflverse
Devaughn Vele,WR,WR,DEN,2024,13,0,0,0,0,0,0,41,475,3,nflverse
Jalen Coker,WR,WR,CAR,2024,11,19,0,0,0,0,0,32,478,2,nflverse
Bo Nix,QB,QB,DEN,2024,17,3775,29,12,92,430,4,1,2,1,nflverse
Blake Corum,RB,RB,LA,2024,15,0,0,0,58,207,0,7,58,0,nflverse
Jordan Whittington,WR,WR,LA,2024,14,0,0,0,2,12,0,22,293,0,nflverse
AJ Barner,TE,TE,SEA,2024,15,0,0,0,0,0,0,30,245,4,nflverse
Braelon Allen,RB,RB,NYJ,2024,17,0,0,0,92,334,2,19,148,1,nflverse
Isaiah Davis,RB,RB,NYJ,2024,13,0,0,0,30,174,1,9,75,1,nflverse
Theo Johnson,TE,TE,NYG,2024,11,0,0,0,0,0,0,29,331,1,nflverse
Marvin Harrison Jr.,WR,WR,ARI,2024,17,0,0,0,0,0,0,62,885,8,nflverse
Drake Maye,QB,QB,NE,2024,13,2276,15,10,54,421,2,0,0,0,nflverse
Jalen McMillan,WR,WR,TB,2024,13,0,0,0,4,43,0,37,461,8,nflverse
Troy Franklin,WR,WR,DEN,2024,16,0,0,0,2,8,0,28,263,2,nflverse
Jaylen Wright,RB,RB,MIA,2024,13,0,0,0,68,249,0,3,8,0,nflverse
Ray Davis,RB,RB,BUF,2024,17,0,0,0,113,442,3,17,189,3,nflverse
Malik Washington,WR,WR,MIA,2024,14,0,0,0,5,25,1,26,223,0,nflverse
Adonai Mitchell,WR,WR,IND,2024,17,24,0,0,4,6,0,23,312,0,nflverse
Brian Thomas Jr.,WR,WR,JAX,2024,17,0,0,0,6,48,0,87,1282,10,nflverse
Xavier Worthy,WR,WR,KC,2024,16,0,0,0,20,104,3,59,638,6,nflverse
Keon Coleman,WR,WR,BUF,2024,13,0,0,0,1,9,0,29,556,4,nflverse
Ja'Lynn Polk,WR,WR,NE,2024,14,0,0,0,1,0,0,12,87,2,nflverse
Jayden Daniels,QB,QB,WAS,2024,17,3568,25,9,148,891,6,0,0,0,nflverse
Ladd McConkey,WR,WR,LAC,2024,16,0,0,0,0,0,0,82,1149,7,nflverse
Ricky Pearsall,WR,WR,SF,2024,11,0,0,0,3,45,0,31,400,3,nflverse
Michael Penix Jr.,QB,QB,ATL,2024,5,775,3,3,7,11,1,0,0,0,nflverse
Caleb Williams,QB,QB,CHI,2024,17,3541,20,6,81,489,0,0,0,0,nflverse
Rome Odunze,WR,WR,CHI,2024,17,0,0,0,3,15,0,54,734,3,nflverse
Trey Benson,RB,RB,ARI,2024,12,0,0,0,63,291,1,6,59,0,nflverse
Sammy Baugh,QB,QB,WAS,1947,12,2938,25,15,0,0,0,0,0,0,legends
Johnny Unitas,QB,QB,BAL,1959,12,2899,32,14,0,0,0,0,0,0,legends
Bart Starr,QB,QB,GB,1966,14,2257,14,3,0,0,0,0,0,0,legends
Joe Namath,QB,QB,NYJ,1967,14,4007,26,28,0,0,0,0,0,0,legends
Roger Staubach,QB,QB,DAL,1971,13,1882,15,4,0,0,0,0,0,0,legends
Terry Bradshaw,QB,QB,PIT,1978,14,2915,28,20,0,0,0,0,0,0,legends
Dan Marino,QB,QB,MIA,1984,16,5084,48,17,0,0,0,0,0,0,legends
Joe Montana,QB,QB,SF,1989,13,3521,26,8,0,0,0,0,0,0,legends
John Elway,QB,QB,DEN,1993,16,4030,25,10,0,0,0,0,0,0,legends
Steve Young,QB,QB,SF,1994,16,3969,35,10,0,0,0,0,0,0,legends
Brett Favre,QB,QB,GB,1995,16,4413,38,13,0,0,0,0,0,0,legends
Troy Aikman,QB,QB,DAL,1992,16,3445,23,14,0,0,0,0,0,0,legends
Jim Brown,RB,RB,CLE,1963,14,0,0,0,291,1863,12,24,268,0,legends
Gale Sayers,RB,RB,CHI,1965,14,0,0,0,166,867,14,29,507,6,legends
O.J. Simpson,RB,RB,BUF,1973,14,0,0,0,332,2003,12,6,70,0,legends
Walter Payton,RB,RB,CHI,1977,14,0,0,0,339,1852,14,27,269,2,legends
Earl Campbell,RB,RB,HOU,1980,15,0,0,0,373,1934,13,11,47,0,legends
Eric Dickerson,RB,RB,LA,1984,16,0,0,0,379,2105,14,21,139,0,legends
Marcus Allen,RB,RB,LA,1985,16,0,0,0,380,1759,11,67,555,3,legends
Barry Sanders,RB,RB,DET,1997,16,0,0,0,335,2053,11,33,305,3,legends
Emmitt Smith,RB,RB,DAL,1995,16,0,0,0,377,1773,25,62,375,0,legends
Tony Dorsett,RB,RB,DAL,1981,16,0,0,0,342,1646,4,32,325,2,legends
Don Hutson,WR,WR,GB,1942,11,0,0,0,0,0,0,74,1211,17,legends
Lance Alworth,WR,WR,SD,1965,14,0,0,0,0,0,0,69,1602,14,legends
Steve Largent,WR,WR,SEA,1985,16,0,0,0,0,0,0,79,1287,6,legends
Jerry Rice,WR,WR,SF,1995,16,0,0,0,0,0,0,122,1848,15,legends
Michael Irvin,WR,WR,DAL,1991,16,0,0,0,0,0,0,93,1523,8,legends
Cris Carter,WR,WR,MIN,1995,16,0,0,0,0,0,0,122,1371,17,legends
Randy Moss,WR,WR,MIN,1998,16,0,0,0,0,0,0,69,1313,17,legends
Mike Ditka,TE,TE,CHI,1961,14,0,0,0,0,0,0,56,1076,12,legends
John Mackey,TE,TE,BAL,1966,14,0,0,0,0,0,0,50,829,9,legends
Kellen Winslow,TE,TE,SD,1980,16,0,0,0,0,0,0,89,1290,9,legends
Ozzie Newsome,TE,TE,CLE,1984,16,0,0,0,0,0,0,89,1001,5,legends
Shannon Sharpe,TE,TE,DEN,1997,16,0,0,0,0,0,0,72,1107,3,legends
